SR NO,INDEX,Company Name,Symbol,INDUSTRY,ISIN Code
1,NIFTY 50,Adani Enterprises Ltd.,ADANIENT,Trading,INE423A01024
2,NIFTY 50,Adani Ports and Special Economic Zone Ltd.,ADANIPORTS,Port,INE742F01042
3,NIFTY 50,Apollo Hospitals Enterprise Ltd.,APOLLOHOSP,Hospital & Healthcare Services,INE437A01024
4,NIFTY 50,Asian Paints Ltd.,ASIANPAINT,Paints,INE021A01026
5,NIFTY 50,Axis Bank Ltd.,AXISBANK,NIFTY PRIVATE BANK,INE238A01034
6,NIFTY 50,Bajaj Auto Ltd.,BAJAJ-AUTO,Automobile Two & Three Wheelers,INE917I01010
7,NIFTY 50,Bajaj Finance Ltd.,BAJFINANCE,Finance - NBFC,INE296A01032
8,NIFTY 50,Bajaj Finserv Ltd.,BAJAJFINSV,Finance - Investment,INE918I01026
9,NIFTY 50,Bharat Electronics Ltd.,BEL,Defence,INE263A01024
10,NIFTY 50,Bharti Airtel Ltd.,BHARTIARTL,Telecommunication - Service  Provider,INE397D01024
11,NIFTY 50,Cipla Ltd.,CIPLA,Pharmaceuticals & Drugs,INE059A01026
12,NIFTY 50,Coal India Ltd.,COALINDIA,Mining & Minerals,INE522F01014
13,NIFTY 50,Dr. Reddy's Laboratories Ltd.,DRREDDY,Pharmaceuticals & Drugs,INE089A01031
14,NIFTY 50,Eicher Motors Ltd.,EICHERMOT,Automobile Two & Three Wheelers,INE066A01021
15,NIFTY 50,Eternal Ltd.,ETERNAL,e-Commerce,INE758T01015
16,NIFTY 50,Grasim Industries Ltd.,GRASIM,Cement & Construction Materials,INE047A01021
17,NIFTY 50,HCL Technologies Ltd.,HCLTECH,IT - Software,INE860A01027
18,NIFTY 50,HDFC Bank Ltd.,HDFCBANK,NIFTY PRIVATE BANK,INE040A01034
19,NIFTY 50,HDFC Life Insurance Company Ltd.,HDFCLIFE,Insurance,INE795G01014
20,NIFTY 50,Hindalco Industries Ltd.,HINDALCO,Metal - Non Ferrous,INE038A01020
21,NIFTY 50,Hindustan Unilever Ltd.,HINDUNILVR,Household & Personal Products,INE030A01027
22,NIFTY 50,ICICI Bank Ltd.,ICICIBANK,NIFTY PRIVATE BANK,INE090A01021
23,NIFTY 50,ITC Ltd.,ITC,Cigarettes/Tobacco,INE154A01025
24,NIFTY 50,Infosys Ltd.,INFY,IT - Software,INE009A01021
25,NIFTY 50,InterGlobe Aviation Ltd.,INDIGO,Airlines,INE646L01027
26,NIFTY 50,JSW Steel Ltd.,JSWSTEEL,Steel & Iron Products,INE019A01038
27,NIFTY 50,Jio Financial Services Ltd.,JIOFIN,Finance - NBFC,INE758E01017
28,NIFTY 50,Kotak Mahindra Bank Ltd.,KOTAKBANK,NIFTY PRIVATE BANK,INE237A01036
29,NIFTY 50,Larsen & Toubro Ltd.,LT,Engineering - Construction,INE018A01030
30,NIFTY 50,Mahindra & Mahindra Ltd.,M&M,Automobiles - Passenger Cars,INE101A01026
31,NIFTY 50,Maruti Suzuki India Ltd.,MARUTI,Automobiles - Passenger Cars,INE585B01010
32,NIFTY 50,Max Healthcare Institute Ltd.,MAXHEALTH,Hospital & Healthcare Services,INE027H01010
33,NIFTY 50,NTPC Ltd.,NTPC,Power Generation/Distribution,INE733E01010
34,NIFTY 50,Nestle India Ltd.,NESTLEIND,Consumer Food,INE239A01024
35,NIFTY 50,Oil & Natural Gas Corporation Ltd.,ONGC,Oil Exploration,INE213A01029
36,NIFTY 50,Power Grid Corporation of India Ltd.,POWERGRID,Power Generation/Distribution,INE752E01010
37,NIFTY 50,Reliance Industries Ltd.,RELIANCE,Refineries,INE002A01018
38,NIFTY 50,SBI Life Insurance Company Ltd.,SBILIFE,Insurance,INE123W01016
39,NIFTY 50,Shriram Finance Ltd.,SHRIRAMFIN,Finance - NBFC,INE721A01047
40,NIFTY 50,State Bank of India,SBIN,NIFTY PRIVATE BANK,INE062A01020
41,NIFTY 50,Sun Pharmaceutical Industries Ltd.,SUNPHARMA,Pharmaceuticals & Drugs,INE044A01036
42,NIFTY 50,Tata Consultancy Services Ltd.,TCS,IT - Software,INE467B01029
43,NIFTY 50,Tata Consumer Products Ltd.,TATACONSUM,Tea/Coffee,INE192A01025
44,NIFTY 50,Tata Motors Passenger Vehicles Ltd.,TMPV,Automobile Two & Three Wheelers,INE155A01022
45,NIFTY 50,Tata Steel Ltd.,TATASTEEL,Steel & Iron Products,INE081A01020
46,NIFTY 50,Tech Mahindra Ltd.,TECHM,IT - Software,INE669C01036
47,NIFTY 50,Titan Company Ltd.,TITAN,Diamond  &  Jewellery,INE280A01028
48,NIFTY 50,Trent Ltd.,TRENT,Retailing,INE849A01020
49,NIFTY 50,UltraTech Cement Ltd.,ULTRACEMCO,Cement & Construction Materials,INE481G01011
50,NIFTY 50,Wipro Ltd.,WIPRO,IT - Software,INE075A01022
51,NIFTY NXT 50,ABB India Ltd.,ABB,Electric Equipment,INE117A01022
52,NIFTY NXT 50,Adani Energy Solutions Ltd.,ADANIENSOL,Power Generation/Distribution,INE931S01010
53,NIFTY NXT 50,Adani Green Energy Ltd.,ADANIGREEN,Power Generation/Distribution,INE364U01010
54,NIFTY NXT 50,Adani Power Ltd.,ADANIPOWER,Power Generation/Distribution,INE814H01029
55,NIFTY NXT 50,Ambuja Cements Ltd.,AMBUJACEM,Cement & Construction Materials,INE079A01024
56,NIFTY NXT 50,Avenue Supermarts Ltd.,DMART,Retailing,INE192R01011
57,NIFTY NXT 50,Bajaj Holdings & Investment Ltd.,BAJAJHLDNG,Finance - NBFC,INE118A01012
58,NIFTY NXT 50,Bank of Baroda,BANKBARODA,NIFTY PRIVATE BANK,INE028A01039
59,NIFTY NXT 50,Bharat Petroleum Corporation Ltd.,BPCL,Refineries,INE029A01011
60,NIFTY NXT 50,Bosch Ltd.,BOSCHLTD,Auto Ancillary,INE323A01026
61,NIFTY NXT 50,Britannia Industries Ltd.,BRITANNIA,Consumer Food,INE216A01030
62,NIFTY NXT 50,CG Power and Industrial Solutions Ltd.,CGPOWER,Electric Equipment,INE067A01029
63,NIFTY NXT 50,Canara Bank,CANBK,NIFTY PRIVATE BANK,INE476A01022
64,NIFTY NXT 50,Cholamandalam Investment and Finance Company Ltd.,CHOLAFIN,Finance - NBFC,INE121A01024
65,NIFTY NXT 50,Cummins India Ltd.,CUMMINSIND,Diesel Engines,INE298A01020
66,NIFTY NXT 50,DLF Ltd.,DLF,Construction - Real Estate,INE271C01023
67,NIFTY NXT 50,Divi's Laboratories Ltd.,DIVISLAB,Pharmaceuticals & Drugs,INE361B01024
68,NIFTY NXT 50,GAIL (India) Ltd.,GAIL,Industrial  Gases & Fuels,INE129A01019
69,NIFTY NXT 50,Godrej Consumer Products Ltd.,GODREJCP,Household & Personal Products,INE102D01028
70,NIFTY NXT 50,HDFC Asset Management Company Ltd.,HDFCAMC,Finance - Asset Management,INE127D01025
71,NIFTY NXT 50,Hindustan Aeronautics Ltd.,HAL,Defence,INE066F01020
72,NIFTY NXT 50,Hindustan Zinc Ltd.,HINDZINC,Metal - Non Ferrous,INE267A01025
73,NIFTY NXT 50,Hyundai Motor India Ltd.,HYUNDAI,Automobiles - Passenger Cars,INE0V6F01027
74,NIFTY NXT 50,Indian Hotels Co. Ltd.,INDHOTEL,"Hotel, Resort & Restaurants",INE053A01029
75,NIFTY NXT 50,Indian Oil Corporation Ltd.,IOC,Refineries,INE242A01010
76,NIFTY NXT 50,Indian Railway Finance Corporation Ltd.,IRFC,Finance Term Lending,INE053F01010
77,NIFTY NXT 50,Jindal Steel Ltd.,JINDALSTEL,Steel/Sponge Iron/Pig Iron,INE749A01030
78,NIFTY NXT 50,LTIMindtree Ltd.,LTM,IT - Software,INE214T01019
79,NIFTY NXT 50,Lodha Developers Ltd.,LODHA,Construction - Real Estate,INE670K01029
80,NIFTY NXT 50,Mazagoan Dock Shipbuilders Ltd.,MAZDOCK,Ship Building,INE249Z01020
81,NIFTY NXT 50,Muthoot Finance Ltd.,MUTHOOTFIN,Finance - NBFC,INE414G01012
82,NIFTY NXT 50,Pidilite Industries Ltd.,PIDILITIND,Chemicals,INE318A01026
83,NIFTY NXT 50,Power Finance Corporation Ltd.,PFC,Finance Term Lending,INE134E01011
84,NIFTY NXT 50,Punjab National Bank,PNB,NIFTY PRIVATE BANK,INE160A01022
85,NIFTY NXT 50,REC Ltd.,RECLTD,Finance Term Lending,INE020B01018
86,NIFTY NXT 50,Samvardhana Motherson International Ltd.,MOTHERSON,Auto Ancillary,INE775A01035
87,NIFTY NXT 50,Shree Cement Ltd.,SHREECEM,Cement & Construction Materials,INE070A01015
88,NIFTY NXT 50,Siemens Energy India Ltd.,ENRIN,Electric Equipment,INE1NPP01017
89,NIFTY NXT 50,Siemens Ltd.,SIEMENS,Electric Equipment,INE003A01024
90,NIFTY NXT 50,Solar Industries India Ltd.,SOLARINDS,Chemicals,INE343H01029
91,NIFTY NXT 50,TVS Motor Company Ltd.,TVSMOTOR,Automobile Two & Three Wheelers,INE494B01023
92,NIFTY NXT 50,Tata Capital Ltd.,TATACAP,Finance - NBFC,INE976I01016
93,NIFTY NXT 50,Tata Motors Ltd.,TMCV,Automobiles-Trucks/Lcv,INE1TAE01010
94,NIFTY NXT 50,Tata Power Co. Ltd.,TATAPOWER,Power Generation/Distribution,INE245A01021
95,NIFTY NXT 50,Torrent Pharmaceuticals Ltd.,TORNTPHARM,Pharmaceuticals & Drugs,INE685A01028
96,NIFTY NXT 50,Union Bank of India,UNIONBANK,NIFTY PRIVATE BANK,INE692A01016
97,NIFTY NXT 50,United Spirits Ltd.,UNITDSPR,Breweries & Distilleries,INE854D01024
98,NIFTY NXT 50,Varun Beverages Ltd.,VBL,Consumer Food,INE200M01039
99,NIFTY NXT 50,Vedanta Ltd.,VEDL,Metal - Non Ferrous,INE205A01025
100,NIFTY NXT 50,Zydus Lifesciences Ltd.,ZYDUSLIFE,Pharmaceuticals & Drugs,INE010B01027
101,NIFTY 100,ABB India Ltd.,ABB,Electric Equipment,INE117A01022
102,NIFTY 100,Adani Energy Solutions Ltd.,ADANIENSOL,Power Generation/Distribution,INE931S01010
103,NIFTY 100,Adani Enterprises Ltd.,ADANIENT,Trading,INE423A01024
104,NIFTY 100,Adani Green Energy Ltd.,ADANIGREEN,Power Generation/Distribution,INE364U01010
105,NIFTY 100,Adani Ports and Special Economic Zone Ltd.,ADANIPORTS,Port,INE742F01042
106,NIFTY 100,Adani Power Ltd.,ADANIPOWER,Power Generation/Distribution,INE814H01029
107,NIFTY 100,Ambuja Cements Ltd.,AMBUJACEM,Cement & Construction Materials,INE079A01024
108,NIFTY 100,Apollo Hospitals Enterprise Ltd.,APOLLOHOSP,Hospital & Healthcare Services,INE437A01024
109,NIFTY 100,Asian Paints Ltd.,ASIANPAINT,Paints,INE021A01026
110,NIFTY 100,Avenue Supermarts Ltd.,DMART,Retailing,INE192R01011
111,NIFTY 100,Axis Bank Ltd.,AXISBANK,NIFTY PRIVATE BANK,INE238A01034
112,NIFTY 100,Bajaj Auto Ltd.,BAJAJ-AUTO,Automobile Two & Three Wheelers,INE917I01010
113,NIFTY 100,Bajaj Finance Ltd.,BAJFINANCE,Finance - NBFC,INE296A01032
114,NIFTY 100,Bajaj Finserv Ltd.,BAJAJFINSV,Finance - Investment,INE918I01026
115,NIFTY 100,Bajaj Holdings & Investment Ltd.,BAJAJHLDNG,Finance - NBFC,INE118A01012
116,NIFTY 100,Bank of Baroda,BANKBARODA,NIFTY PRIVATE BANK,INE028A01039
117,NIFTY 100,Bharat Electronics Ltd.,BEL,Defence,INE263A01024
118,NIFTY 100,Bharat Petroleum Corporation Ltd.,BPCL,Refineries,INE029A01011
119,NIFTY 100,Bharti Airtel Ltd.,BHARTIARTL,Telecommunication - Service  Provider,INE397D01024
120,NIFTY 100,Bosch Ltd.,BOSCHLTD,Auto Ancillary,INE323A01026
121,NIFTY 100,Britannia Industries Ltd.,BRITANNIA,Consumer Food,INE216A01030
122,NIFTY 100,CG Power and Industrial Solutions Ltd.,CGPOWER,Electric Equipment,INE067A01029
123,NIFTY 100,Canara Bank,CANBK,NIFTY PRIVATE BANK,INE476A01022
124,NIFTY 100,Cholamandalam Investment and Finance Company Ltd.,CHOLAFIN,Finance - NBFC,INE121A01024
125,NIFTY 100,Cipla Ltd.,CIPLA,Pharmaceuticals & Drugs,INE059A01026
126,NIFTY 100,Coal India Ltd.,COALINDIA,Mining & Minerals,INE522F01014
127,NIFTY 100,Cummins India Ltd.,CUMMINSIND,Diesel Engines,INE298A01020
128,NIFTY 100,DLF Ltd.,DLF,Construction - Real Estate,INE271C01023
129,NIFTY 100,Divi's Laboratories Ltd.,DIVISLAB,Pharmaceuticals & Drugs,INE361B01024
130,NIFTY 100,Dr. Reddy's Laboratories Ltd.,DRREDDY,Pharmaceuticals & Drugs,INE089A01031
131,NIFTY 100,Eicher Motors Ltd.,EICHERMOT,Automobile Two & Three Wheelers,INE066A01021
132,NIFTY 100,Eternal Ltd.,ETERNAL,e-Commerce,INE758T01015
133,NIFTY 100,GAIL (India) Ltd.,GAIL,Industrial  Gases & Fuels,INE129A01019
134,NIFTY 100,Godrej Consumer Products Ltd.,GODREJCP,Household & Personal Products,INE102D01028
135,NIFTY 100,Grasim Industries Ltd.,GRASIM,Cement & Construction Materials,INE047A01021
136,NIFTY 100,HCL Technologies Ltd.,HCLTECH,IT - Software,INE860A01027
137,NIFTY 100,HDFC Asset Management Company Ltd.,HDFCAMC,Finance - Asset Management,INE127D01025
138,NIFTY 100,HDFC Bank Ltd.,HDFCBANK,NIFTY PRIVATE BANK,INE040A01034
139,NIFTY 100,HDFC Life Insurance Company Ltd.,HDFCLIFE,Insurance,INE795G01014
140,NIFTY 100,Hindalco Industries Ltd.,HINDALCO,Metal - Non Ferrous,INE038A01020
141,NIFTY 100,Hindustan Aeronautics Ltd.,HAL,Defence,INE066F01020
142,NIFTY 100,Hindustan Unilever Ltd.,HINDUNILVR,Household & Personal Products,INE030A01027
143,NIFTY 100,Hindustan Zinc Ltd.,HINDZINC,Metal - Non Ferrous,INE267A01025
144,NIFTY 100,Hyundai Motor India Ltd.,HYUNDAI,Automobiles - Passenger Cars,INE0V6F01027
145,NIFTY 100,ICICI Bank Ltd.,ICICIBANK,NIFTY PRIVATE BANK,INE090A01021
146,NIFTY 100,ITC Ltd.,ITC,Cigarettes/Tobacco,INE154A01025
147,NIFTY 100,Indian Hotels Co. Ltd.,INDHOTEL,"Hotel, Resort & Restaurants",INE053A01029
148,NIFTY 100,Indian Oil Corporation Ltd.,IOC,Refineries,INE242A01010
149,NIFTY 100,Indian Railway Finance Corporation Ltd.,IRFC,Finance Term Lending,INE053F01010
150,NIFTY 100,Infosys Ltd.,INFY,IT - Software,INE009A01021
151,NIFTY 100,InterGlobe Aviation Ltd.,INDIGO,Airlines,INE646L01027
152,NIFTY 100,JSW Steel Ltd.,JSWSTEEL,Steel & Iron Products,INE019A01038
153,NIFTY 100,Jindal Steel Ltd.,JINDALSTEL,Steel/Sponge Iron/Pig Iron,INE749A01030
154,NIFTY 100,Jio Financial Services Ltd.,JIOFIN,Finance - NBFC,INE758E01017
155,NIFTY 100,Kotak Mahindra Bank Ltd.,KOTAKBANK,NIFTY PRIVATE BANK,INE237A01036
156,NIFTY 100,LTIMindtree Ltd.,LTM,IT - Software,INE214T01019
157,NIFTY 100,Larsen & Toubro Ltd.,LT,Engineering - Construction,INE018A01030
158,NIFTY 100,Lodha Developers Ltd.,LODHA,Construction - Real Estate,INE670K01029
159,NIFTY 100,Mahindra & Mahindra Ltd.,M&M,Automobiles - Passenger Cars,INE101A01026
160,NIFTY 100,Maruti Suzuki India Ltd.,MARUTI,Automobiles - Passenger Cars,INE585B01010
161,NIFTY 100,Max Healthcare Institute Ltd.,MAXHEALTH,Hospital & Healthcare Services,INE027H01010
162,NIFTY 100,Mazagoan Dock Shipbuilders Ltd.,MAZDOCK,Ship Building,INE249Z01020
163,NIFTY 100,Muthoot Finance Ltd.,MUTHOOTFIN,Finance - NBFC,INE414G01012
164,NIFTY 100,NTPC Ltd.,NTPC,Power Generation/Distribution,INE733E01010
165,NIFTY 100,Nestle India Ltd.,NESTLEIND,Consumer Food,INE239A01024
166,NIFTY 100,Oil & Natural Gas Corporation Ltd.,ONGC,Oil Exploration,INE213A01029
167,NIFTY 100,Pidilite Industries Ltd.,PIDILITIND,Chemicals,INE318A01026
168,NIFTY 100,Power Finance Corporation Ltd.,PFC,Finance Term Lending,INE134E01011
169,NIFTY 100,Power Grid Corporation of India Ltd.,POWERGRID,Power Generation/Distribution,INE752E01010
170,NIFTY 100,Punjab National Bank,PNB,NIFTY PRIVATE BANK,INE160A01022
171,NIFTY 100,REC Ltd.,RECLTD,Finance Term Lending,INE020B01018
172,NIFTY 100,Reliance Industries Ltd.,RELIANCE,Refineries,INE002A01018
173,NIFTY 100,SBI Life Insurance Company Ltd.,SBILIFE,Insurance,INE123W01016
174,NIFTY 100,Samvardhana Motherson International Ltd.,MOTHERSON,Auto Ancillary,INE775A01035
175,NIFTY 100,Shree Cement Ltd.,SHREECEM,Cement & Construction Materials,INE070A01015
176,NIFTY 100,Shriram Finance Ltd.,SHRIRAMFIN,Finance - NBFC,INE721A01047
177,NIFTY 100,Siemens Energy India Ltd.,ENRIN,Electric Equipment,INE1NPP01017
178,NIFTY 100,Siemens Ltd.,SIEMENS,Electric Equipment,INE003A01024
179,NIFTY 100,Solar Industries India Ltd.,SOLARINDS,Chemicals,INE343H01029
180,NIFTY 100,State Bank of India,SBIN,NIFTY PRIVATE BANK,INE062A01020
181,NIFTY 100,Sun Pharmaceutical Industries Ltd.,SUNPHARMA,Pharmaceuticals & Drugs,INE044A01036
182,NIFTY 100,TVS Motor Company Ltd.,TVSMOTOR,Automobile Two & Three Wheelers,INE494B01023
183,NIFTY 100,Tata Capital Ltd.,TATACAP,Finance - NBFC,INE976I01016
184,NIFTY 100,Tata Consultancy Services Ltd.,TCS,IT - Software,INE467B01029
185,NIFTY 100,Tata Consumer Products Ltd.,TATACONSUM,Tea/Coffee,INE192A01025
186,NIFTY 100,Tata Motors Ltd.,TMCV,Automobiles-Trucks/Lcv,INE1TAE01010
187,NIFTY 100,Tata Motors Passenger Vehicles Ltd.,TMPV,Automobile Two & Three Wheelers,INE155A01022
188,NIFTY 100,Tata Power Co. Ltd.,TATAPOWER,Power Generation/Distribution,INE245A01021
189,NIFTY 100,Tata Steel Ltd.,TATASTEEL,Steel & Iron Products,INE081A01020
190,NIFTY 100,Tech Mahindra Ltd.,TECHM,IT - Software,INE669C01036
191,NIFTY 100,Titan Company Ltd.,TITAN,Diamond  &  Jewellery,INE280A01028
192,NIFTY 100,Torrent Pharmaceuticals Ltd.,TORNTPHARM,Pharmaceuticals & Drugs,INE685A01028
193,NIFTY 100,Trent Ltd.,TRENT,Retailing,INE849A01020
194,NIFTY 100,UltraTech Cement Ltd.,ULTRACEMCO,Cement & Construction Materials,INE481G01011
195,NIFTY 100,Union Bank of India,UNIONBANK,NIFTY PRIVATE BANK,INE692A01016
196,NIFTY 100,United Spirits Ltd.,UNITDSPR,Breweries & Distilleries,INE854D01024
197,NIFTY 100,Varun Beverages Ltd.,VBL,Consumer Food,INE200M01039
198,NIFTY 100,Vedanta Ltd.,VEDL,Metal - Non Ferrous,INE205A01025
199,NIFTY 100,Wipro Ltd.,WIPRO,IT - Software,INE075A01022
200,NIFTY 100,Zydus Lifesciences Ltd.,ZYDUSLIFE,Pharmaceuticals & Drugs,INE010B01027
201,NIFTY 200,360 ONE WAM Ltd.,360ONE,Finance - Others,INE466L01038
202,NIFTY 200,ABB India Ltd.,ABB,Electric Equipment,INE117A01022
203,NIFTY 200,APL Apollo Tubes Ltd.,APLAPOLLO,Steel & Iron Products,INE702C01027
204,NIFTY 200,AU Small Finance Bank Ltd.,AUBANK,NIFTY PRIVATE BANK,INE949L01017
205,NIFTY 200,Adani Energy Solutions Ltd.,ADANIENSOL,Power Generation/Distribution,INE931S01010
206,NIFTY 200,Adani Enterprises Ltd.,ADANIENT,Trading,INE423A01024
207,NIFTY 200,Adani Green Energy Ltd.,ADANIGREEN,Power Generation/Distribution,INE364U01010
208,NIFTY 200,Adani Ports and Special Economic Zone Ltd.,ADANIPORTS,Port,INE742F01042
209,NIFTY 200,Adani Power Ltd.,ADANIPOWER,Power Generation/Distribution,INE814H01029
210,NIFTY 200,Adani Total Gas Ltd.,ATGL,Gas Transmission/Marketing,INE399L01023
211,NIFTY 200,Aditya Birla Capital Ltd.,ABCAPITAL,Finance - NBFC,INE674K01013
212,NIFTY 200,Alkem Laboratories Ltd.,ALKEM,Pharmaceuticals & Drugs,INE540L01014
213,NIFTY 200,Ambuja Cements Ltd.,AMBUJACEM,Cement & Construction Materials,INE079A01024
214,NIFTY 200,Apollo Hospitals Enterprise Ltd.,APOLLOHOSP,Hospital & Healthcare Services,INE437A01024
215,NIFTY 200,Ashok Leyland Ltd.,ASHOKLEY,Automobiles-Trucks/Lcv,INE208A01029
216,NIFTY 200,Asian Paints Ltd.,ASIANPAINT,Paints,INE021A01026
217,NIFTY 200,Astral Ltd.,ASTRAL,Plastic Products,INE006I01046
218,NIFTY 200,Aurobindo Pharma Ltd.,AUROPHARMA,Pharmaceuticals & Drugs,INE406A01037
219,NIFTY 200,Avenue Supermarts Ltd.,DMART,Retailing,INE192R01011
220,NIFTY 200,Axis Bank Ltd.,AXISBANK,NIFTY PRIVATE BANK,INE238A01034
221,NIFTY 200,BSE Ltd.,BSE,Finance - Others,INE118H01025
222,NIFTY 200,Bajaj Auto Ltd.,BAJAJ-AUTO,Automobile Two & Three Wheelers,INE917I01010
223,NIFTY 200,Bajaj Finance Ltd.,BAJFINANCE,Finance - NBFC,INE296A01032
224,NIFTY 200,Bajaj Finserv Ltd.,BAJAJFINSV,Finance - Investment,INE918I01026
225,NIFTY 200,Bajaj Holdings & Investment Ltd.,BAJAJHLDNG,Finance - NBFC,INE118A01012
226,NIFTY 200,Bank of Baroda,BANKBARODA,NIFTY PRIVATE BANK,INE028A01039
227,NIFTY 200,Bank of India,BANKINDIA,NIFTY PRIVATE BANK,INE084A01016
228,NIFTY 200,Bharat Dynamics Ltd.,BDL,Defence,INE171Z01026
229,NIFTY 200,Bharat Electronics Ltd.,BEL,Defence,INE263A01024
230,NIFTY 200,Bharat Forge Ltd.,BHARATFORG,Forgings,INE465A01025
231,NIFTY 200,Bharat Heavy Electricals Ltd.,BHEL,Engineering - Industrial Equipments,INE257A01026
232,NIFTY 200,Bharat Petroleum Corporation Ltd.,BPCL,Refineries,INE029A01011
233,NIFTY 200,Bharti Airtel Ltd.,BHARTIARTL,Telecommunication - Service  Provider,INE397D01024
234,NIFTY 200,Billionbrains Garage Ventures Ltd.,GROWW,Capital Markets,INE0HOQ01053
235,NIFTY 200,Biocon Ltd.,BIOCON,Pharmaceuticals & Drugs,INE376G01013
236,NIFTY 200,Blue Star Ltd.,BLUESTARCO,Air Conditioners,INE472A01039
237,NIFTY 200,Bosch Ltd.,BOSCHLTD,Auto Ancillary,INE323A01026
238,NIFTY 200,Britannia Industries Ltd.,BRITANNIA,Consumer Food,INE216A01030
239,NIFTY 200,CG Power and Industrial Solutions Ltd.,CGPOWER,Electric Equipment,INE067A01029
240,NIFTY 200,Canara Bank,CANBK,NIFTY PRIVATE BANK,INE476A01022
241,NIFTY 200,Cholamandalam Investment and Finance Company Ltd.,CHOLAFIN,Finance - NBFC,INE121A01024
242,NIFTY 200,Cipla Ltd.,CIPLA,Pharmaceuticals & Drugs,INE059A01026
243,NIFTY 200,Coal India Ltd.,COALINDIA,Mining & Minerals,INE522F01014
244,NIFTY 200,Cochin Shipyard Ltd.,COCHINSHIP,Ship Building,INE704P01025
245,NIFTY 200,Coforge Ltd.,COFORGE,IT - Software,INE591G01025
246,NIFTY 200,Colgate Palmolive (India) Ltd.,COLPAL,Household & Personal Products,INE259A01022
247,NIFTY 200,Container Corporation of India Ltd.,CONCOR,Logistics,INE111A01025
248,NIFTY 200,Coromandel International Ltd.,COROMANDEL,Fertilizers,INE169A01031
249,NIFTY 200,Cummins India Ltd.,CUMMINSIND,Diesel Engines,INE298A01020
250,NIFTY 200,DLF Ltd.,DLF,Construction - Real Estate,INE271C01023
251,NIFTY 200,Dabur India Ltd.,DABUR,Household & Personal Products,INE016A01026
252,NIFTY 200,Divi's Laboratories Ltd.,DIVISLAB,Pharmaceuticals & Drugs,INE361B01024
253,NIFTY 200,Dixon Technologies (India) Ltd.,DIXON,Consumer Durables - Electronics,INE935N01020
254,NIFTY 200,Dr. Reddy's Laboratories Ltd.,DRREDDY,Pharmaceuticals & Drugs,INE089A01031
255,NIFTY 200,Eicher Motors Ltd.,EICHERMOT,Automobile Two & Three Wheelers,INE066A01021
256,NIFTY 200,Eternal Ltd.,ETERNAL,e-Commerce,INE758T01015
257,NIFTY 200,Exide Industries Ltd.,EXIDEIND,Batteries,INE302A01020
258,NIFTY 200,FSN E-Commerce Ventures Ltd.,NYKAA,e-Commerce,INE388Y01029
259,NIFTY 200,Federal Bank Ltd.,FEDERALBNK,NIFTY PRIVATE BANK,INE171A01029
260,NIFTY 200,Fortis Healthcare Ltd.,FORTIS,Hospital & Healthcare Services,INE061F01013
261,NIFTY 200,GAIL (India) Ltd.,GAIL,Industrial  Gases & Fuels,INE129A01019
262,NIFTY 200,GE Vernova T&D India Ltd.,GVT&D,Electric Equipment,INE200A01026
263,NIFTY 200,GMR Airports Ltd.,GMRAIRPORT,Airport Management Services,INE776C01039
264,NIFTY 200,Glenmark Pharmaceuticals Ltd.,GLENMARK,Pharmaceuticals & Drugs,INE935A01035
265,NIFTY 200,Godfrey Phillips India Ltd.,GODFRYPHLP,Cigarettes/Tobacco,INE260B01028
266,NIFTY 200,Godrej Consumer Products Ltd.,GODREJCP,Household & Personal Products,INE102D01028
267,NIFTY 200,Godrej Properties Ltd.,GODREJPROP,Construction - Real Estate,INE484J01027
268,NIFTY 200,Grasim Industries Ltd.,GRASIM,Cement & Construction Materials,INE047A01021
269,NIFTY 200,HCL Technologies Ltd.,HCLTECH,IT - Software,INE860A01027
270,NIFTY 200,HDFC Asset Management Company Ltd.,HDFCAMC,Finance - Asset Management,INE127D01025
271,NIFTY 200,HDFC Bank Ltd.,HDFCBANK,NIFTY PRIVATE BANK,INE040A01034
272,NIFTY 200,HDFC Life Insurance Company Ltd.,HDFCLIFE,Insurance,INE795G01014
273,NIFTY 200,Havells India Ltd.,HAVELLS,Electric Equipment,INE176B01034
274,NIFTY 200,Hero MotoCorp Ltd.,HEROMOTOCO,Automobile Two & Three Wheelers,INE158A01026
275,NIFTY 200,Hindalco Industries Ltd.,HINDALCO,Metal - Non Ferrous,INE038A01020
276,NIFTY 200,Hindustan Aeronautics Ltd.,HAL,Defence,INE066F01020
277,NIFTY 200,Hindustan Petroleum Corporation Ltd.,HINDPETRO,Refineries,INE094A01015
278,NIFTY 200,Hindustan Unilever Ltd.,HINDUNILVR,Household & Personal Products,INE030A01027
279,NIFTY 200,Hindustan Zinc Ltd.,HINDZINC,Metal - Non Ferrous,INE267A01025
280,NIFTY 200,Hitachi Energy India Ltd.,POWERINDIA,Electric Equipment,INE07Y701011
281,NIFTY 200,Housing & Urban Development Corporation Ltd.,HUDCO,Finance - Housing,INE031A01017
282,NIFTY 200,Hyundai Motor India Ltd.,HYUNDAI,Automobiles - Passenger Cars,INE0V6F01027
283,NIFTY 200,ICICI Bank Ltd.,ICICIBANK,NIFTY PRIVATE BANK,INE090A01021
284,NIFTY 200,ICICI Lombard General Insurance Company Ltd.,ICICIGI,Insurance,INE765G01017
285,NIFTY 200,ICICI Prudential Asset Management Company Ltd.,ICICIAMC,Finance - Asset Management,INE346A01027
286,NIFTY 200,IDFC First Bank Ltd.,IDFCFIRSTB,NIFTY PRIVATE BANK,INE092T01019
287,NIFTY 200,ITC Ltd.,ITC,Cigarettes/Tobacco,INE154A01025
288,NIFTY 200,Indian Bank,INDIANB,NIFTY PRIVATE BANK,INE562A01011
289,NIFTY 200,Indian Hotels Co. Ltd.,INDHOTEL,"Hotel, Resort & Restaurants",INE053A01029
290,NIFTY 200,Indian Oil Corporation Ltd.,IOC,Refineries,INE242A01010
291,NIFTY 200,Indian Railway Catering And Tourism Corporation Ltd.,IRCTC,Travel Services,INE335Y01020
292,NIFTY 200,Indian Railway Finance Corporation Ltd.,IRFC,Finance Term Lending,INE053F01010
293,NIFTY 200,Indian Renewable Energy Development Agency Ltd.,IREDA,Finance - NBFC,INE202E01016
294,NIFTY 200,Indus Towers Ltd.,INDUSTOWER,Telecommunication - Service  Provider,INE121J01017
295,NIFTY 200,IndusInd Bank Ltd.,INDUSINDBK,NIFTY PRIVATE BANK,INE095A01012
296,NIFTY 200,Info Edge (India) Ltd.,NAUKRI,BPO/ITeS,INE663F01032
297,NIFTY 200,Infosys Ltd.,INFY,IT - Software,INE009A01021
298,NIFTY 200,InterGlobe Aviation Ltd.,INDIGO,Airlines,INE646L01027
299,NIFTY 200,JSW Energy Ltd.,JSWENERGY,Power Generation/Distribution,INE121E01018
300,NIFTY 200,JSW Steel Ltd.,JSWSTEEL,Steel & Iron Products,INE019A01038
301,NIFTY 200,Jindal Steel Ltd.,JINDALSTEL,Steel/Sponge Iron/Pig Iron,INE749A01030
302,NIFTY 200,Jio Financial Services Ltd.,JIOFIN,Finance - NBFC,INE758E01017
303,NIFTY 200,Jubilant Foodworks Ltd.,JUBLFOOD,Consumer Food,INE797F01020
304,NIFTY 200,KEI Industries Ltd.,KEI,Cable,INE878B01027
305,NIFTY 200,KPIT Technologies Ltd.,KPITTECH,IT - Software,INE04I401011
306,NIFTY 200,Kalyan Jewellers India Ltd.,KALYANKJIL,Diamond  &  Jewellery,INE303R01014
307,NIFTY 200,Kotak Mahindra Bank Ltd.,KOTAKBANK,NIFTY PRIVATE BANK,INE237A01036
308,NIFTY 200,L&T Finance Ltd.,LTF,Finance - NBFC,INE498L01015
309,NIFTY 200,LG Electronics India Ltd.,LGEINDIA,Consumer Durables - Domestic Appliances,INE324D01010
310,NIFTY 200,LIC Housing Finance Ltd.,LICHSGFIN,Finance - Housing,INE115A01026
311,NIFTY 200,LTIMindtree Ltd.,LTM,IT - Software,INE214T01019
312,NIFTY 200,Larsen & Toubro Ltd.,LT,Engineering - Construction,INE018A01030
313,NIFTY 200,Laurus Labs Ltd.,LAURUSLABS,Pharmaceuticals & Drugs,INE947Q01028
314,NIFTY 200,Lenskart Solutions Ltd.,LENSKART,Retailing,INE956O01016
315,NIFTY 200,Lodha Developers Ltd.,LODHA,Construction - Real Estate,INE670K01029
316,NIFTY 200,Lupin Ltd.,LUPIN,Pharmaceuticals & Drugs,INE326A01037
317,NIFTY 200,MRF Ltd.,MRF,Tyres & Allied,INE883A01011
318,NIFTY 200,Mahindra & Mahindra Financial Services Ltd.,M&MFIN,Finance - NBFC,INE774D01024
319,NIFTY 200,Mahindra & Mahindra Ltd.,M&M,Automobiles - Passenger Cars,INE101A01026
320,NIFTY 200,Mankind Pharma Ltd.,MANKIND,Pharmaceuticals & Drugs,INE634S01028
321,NIFTY 200,Marico Ltd.,MARICO,Consumer Food,INE196A01026
322,NIFTY 200,Maruti Suzuki India Ltd.,MARUTI,Automobiles - Passenger Cars,INE585B01010
323,NIFTY 200,Max Financial Services Ltd.,MFSL,Finance - Others,INE180A01020
324,NIFTY 200,Max Healthcare Institute Ltd.,MAXHEALTH,Hospital & Healthcare Services,INE027H01010
325,NIFTY 200,Mazagoan Dock Shipbuilders Ltd.,MAZDOCK,Ship Building,INE249Z01020
326,NIFTY 200,Motilal Oswal Financial Services Ltd.,MOTILALOFS,Finance - Stock Broking,INE338I01027
327,NIFTY 200,MphasiS Ltd.,MPHASIS,IT - Software,INE356A01018
328,NIFTY 200,Multi Commodity Exchange of India Ltd.,MCX,Finance - Stock Broking,INE745G01043
329,NIFTY 200,Muthoot Finance Ltd.,MUTHOOTFIN,Finance - NBFC,INE414G01012
330,NIFTY 200,NHPC Ltd.,NHPC,Power Generation/Distribution,INE848E01016
331,NIFTY 200,NMDC Ltd.,NMDC,Mining & Minerals,INE584A01023
332,NIFTY 200,NTPC Ltd.,NTPC,Power Generation/Distribution,INE733E01010
333,NIFTY 200,National Aluminium Co. Ltd.,NATIONALUM,Aluminium & Aluminium Products,INE139A01034
334,NIFTY 200,Nestle India Ltd.,NESTLEIND,Consumer Food,INE239A01024
335,NIFTY 200,Oberoi Realty Ltd.,OBEROIRLTY,Construction - Real Estate,INE093I01010
336,NIFTY 200,Oil & Natural Gas Corporation Ltd.,ONGC,Oil Exploration,INE213A01029
337,NIFTY 200,Oil India Ltd.,OIL,Oil Exploration,INE274J01014
338,NIFTY 200,One 97 Communications Ltd.,PAYTM,Fintech,INE982J01020
339,NIFTY 200,Oracle Financial Services Software Ltd.,OFSS,IT - Software,INE881D01027
340,NIFTY 200,PB Fintech Ltd.,POLICYBZR,Fintech,INE417T01026
341,NIFTY 200,PI Industries Ltd.,PIIND,Pesticides & Agrochemicals,INE603J01030
342,NIFTY 200,Page Industries Ltd.,PAGEIND,Textile,INE761H01022
343,NIFTY 200,Patanjali Foods Ltd.,PATANJALI,Edible Oil,INE619A01035
344,NIFTY 200,Persistent Systems Ltd.,PERSISTENT,IT - Software,INE262H01021
345,NIFTY 200,Phoenix Mills Ltd.,PHOENIXLTD,Construction - Real Estate,INE211B01039
346,NIFTY 200,Pidilite Industries Ltd.,PIDILITIND,Chemicals,INE318A01026
347,NIFTY 200,Polycab India Ltd.,POLYCAB,Cable,INE455K01017
348,NIFTY 200,Power Finance Corporation Ltd.,PFC,Finance Term Lending,INE134E01011
349,NIFTY 200,Power Grid Corporation of India Ltd.,POWERGRID,Power Generation/Distribution,INE752E01010
350,NIFTY 200,Premier Energies Ltd.,PREMIERENE,Electronics - Components,INE0BS701011
351,NIFTY 200,Prestige Estates Projects Ltd.,PRESTIGE,Construction - Real Estate,INE811K01011
352,NIFTY 200,Punjab National Bank,PNB,NIFTY PRIVATE BANK,INE160A01022
353,NIFTY 200,REC Ltd.,RECLTD,Finance Term Lending,INE020B01018
354,NIFTY 200,Radico Khaitan Ltd,RADICO,Breweries & Distilleries,INE944F01028
355,NIFTY 200,Rail Vikas Nigam Ltd.,RVNL,Engineering - Construction,INE415G01027
356,NIFTY 200,Reliance Industries Ltd.,RELIANCE,Refineries,INE002A01018
357,NIFTY 200,SBI Cards and Payment Services Ltd.,SBICARD,Finance - NBFC,INE018E01016
358,NIFTY 200,SBI Life Insurance Company Ltd.,SBILIFE,Insurance,INE123W01016
359,NIFTY 200,SRF Ltd.,SRF,Chemicals,INE647A01010
360,NIFTY 200,Samvardhana Motherson International Ltd.,MOTHERSON,Auto Ancillary,INE775A01035
361,NIFTY 200,Shree Cement Ltd.,SHREECEM,Cement & Construction Materials,INE070A01015
362,NIFTY 200,Shriram Finance Ltd.,SHRIRAMFIN,Finance - NBFC,INE721A01047
363,NIFTY 200,Siemens Energy India Ltd.,ENRIN,Electric Equipment,INE1NPP01017
364,NIFTY 200,Siemens Ltd.,SIEMENS,Electric Equipment,INE003A01024
365,NIFTY 200,Solar Industries India Ltd.,SOLARINDS,Chemicals,INE343H01029
366,NIFTY 200,State Bank of India,SBIN,NIFTY PRIVATE BANK,INE062A01020
367,NIFTY 200,Steel Authority of India Ltd.,SAIL,Steel & Iron Products,INE114A01011
368,NIFTY 200,Sun Pharmaceutical Industries Ltd.,SUNPHARMA,Pharmaceuticals & Drugs,INE044A01036
369,NIFTY 200,Supreme Industries Ltd.,SUPREMEIND,Plastic Products,INE195A01028
370,NIFTY 200,Suzlon Energy Ltd.,SUZLON,Electric Equipment,INE040H01021
371,NIFTY 200,Swiggy Ltd.,SWIGGY,e-Commerce,INE00H001014
372,NIFTY 200,TVS Motor Company Ltd.,TVSMOTOR,Automobile Two & Three Wheelers,INE494B01023
373,NIFTY 200,Tata Capital Ltd.,TATACAP,Finance - NBFC,INE976I01016
374,NIFTY 200,Tata Communications Ltd.,TATACOMM,Telecommunication - Service  Provider,INE151A01013
375,NIFTY 200,Tata Consultancy Services Ltd.,TCS,IT - Software,INE467B01029
376,NIFTY 200,Tata Consumer Products Ltd.,TATACONSUM,Tea/Coffee,INE192A01025
377,NIFTY 200,Tata Elxsi Ltd.,TATAELXSI,IT - Software,INE670A01012
378,NIFTY 200,Tata Investment Corporation Ltd.,TATAINVEST,Finance - NBFC,INE672A01026
379,NIFTY 200,Tata Motors Ltd.,TMCV,Automobiles-Trucks/Lcv,INE1TAE01010
380,NIFTY 200,Tata Motors Passenger Vehicles Ltd.,TMPV,Automobile Two & Three Wheelers,INE155A01022
381,NIFTY 200,Tata Power Co. Ltd.,TATAPOWER,Power Generation/Distribution,INE245A01021
382,NIFTY 200,Tata Steel Ltd.,TATASTEEL,Steel & Iron Products,INE081A01020
383,NIFTY 200,Tech Mahindra Ltd.,TECHM,IT - Software,INE669C01036
384,NIFTY 200,Titan Company Ltd.,TITAN,Diamond  &  Jewellery,INE280A01028
385,NIFTY 200,Torrent Pharmaceuticals Ltd.,TORNTPHARM,Pharmaceuticals & Drugs,INE685A01028
386,NIFTY 200,Trent Ltd.,TRENT,Retailing,INE849A01020
387,NIFTY 200,Tube Investments of India Ltd.,TIINDIA,Auto Ancillary,INE974X01010
388,NIFTY 200,UPL Ltd.,UPL,Pesticides & Agrochemicals,INE628A01036
389,NIFTY 200,UltraTech Cement Ltd.,ULTRACEMCO,Cement & Construction Materials,INE481G01011
390,NIFTY 200,Union Bank of India,UNIONBANK,NIFTY PRIVATE BANK,INE692A01016
391,NIFTY 200,United Spirits Ltd.,UNITDSPR,Breweries & Distilleries,INE854D01024
392,NIFTY 200,Varun Beverages Ltd.,VBL,Consumer Food,INE200M01039
393,NIFTY 200,Vedanta Ltd.,VEDL,Metal - Non Ferrous,INE205A01025
394,NIFTY 200,Vishal Mega Mart Ltd.,VMM,Retailing,INE01EA01019
395,NIFTY 200,Vodafone Idea Ltd.,IDEA,Telecommunication - Service  Provider,INE669E01016
396,NIFTY 200,Voltas Ltd.,VOLTAS,Air Conditioners,INE226A01021
397,NIFTY 200,Waaree Energies Ltd.,WAAREEENER,Electric Equipment,INE377N01017
398,NIFTY 200,Wipro Ltd.,WIPRO,IT - Software,INE075A01022
399,NIFTY 200,Yes Bank Ltd.,YESBANK,NIFTY PRIVATE BANK,INE528G01035
400,NIFTY 200,Zydus Lifesciences Ltd.,ZYDUSLIFE,Pharmaceuticals & Drugs,INE010B01027
401,NIFTY 500,360 ONE WAM Ltd.,360ONE,Finance - Others,INE466L01038
402,NIFTY 500,3M India Ltd.,3MINDIA,Diversified,INE470A01017
403,NIFTY 500,ABB India Ltd.,ABB,Electric Equipment,INE117A01022
404,NIFTY 500,ACC Ltd.,ACC,Cement & Construction Materials,INE012A01025
405,NIFTY 500,ACME Solar Holdings Ltd.,ACMESOLAR,Power Generation/Distribution,INE622W01025
406,NIFTY 500,AIA Engineering Ltd.,AIAENG,Castings/Forgings,INE212H01026
407,NIFTY 500,APL Apollo Tubes Ltd.,APLAPOLLO,Steel & Iron Products,INE702C01027
408,NIFTY 500,AU Small Finance Bank Ltd.,AUBANK,NIFTY PRIVATE BANK,INE949L01017
409,NIFTY 500,AWL Agri Business Ltd.,AWL,Edible Oil,INE699H01024
410,NIFTY 500,Aadhar Housing Finance Ltd.,AADHARHFC,Finance - Housing,INE883F01010
411,NIFTY 500,Aarti Industries Ltd.,AARTIIND,Chemicals,INE769A01020
412,NIFTY 500,Aavas Financiers Ltd.,AAVAS,Finance - Housing,INE216P01012
413,NIFTY 500,Abbott India Ltd.,ABBOTINDIA,Pharmaceuticals & Drugs,INE358A01014
414,NIFTY 500,Action Construction Equipment Ltd.,ACE,Construction Vehicles,INE731H01025
415,NIFTY 500,Acutaas Chemicals Ltd.,ACUTAAS,Pharmaceuticals & Drugs,INE00FF01025
416,NIFTY 500,Adani Energy Solutions Ltd.,ADANIENSOL,Power Generation/Distribution,INE931S01010
417,NIFTY 500,Adani Enterprises Ltd.,ADANIENT,Trading,INE423A01024
418,NIFTY 500,Adani Green Energy Ltd.,ADANIGREEN,Power Generation/Distribution,INE364U01010
419,NIFTY 500,Adani Ports and Special Economic Zone Ltd.,ADANIPORTS,Port,INE742F01042
420,NIFTY 500,Adani Power Ltd.,ADANIPOWER,Power Generation/Distribution,INE814H01029
421,NIFTY 500,Adani Total Gas Ltd.,ATGL,Gas Transmission/Marketing,INE399L01023
422,NIFTY 500,Aditya Birla Capital Ltd.,ABCAPITAL,Finance - NBFC,INE674K01013
423,NIFTY 500,Aditya Birla Fashion and Retail Ltd.,ABFRL,Retailing,INE647O01011
424,NIFTY 500,Aditya Birla Lifestyle Brands Ltd.,ABLBL,Retailing,INE14LE01019
425,NIFTY 500,Aditya Birla Real Estate Ltd.,ABREL,Paper & Paper Products,INE055A01016
426,NIFTY 500,Aditya Birla Sun Life AMC Ltd.,ABSLAMC,Finance - Asset Management,INE404A01024
427,NIFTY 500,Aditya Infotech Ltd.,CPPLUS,Engineering - Industrial Equipments,INE819V01029
428,NIFTY 500,Aegis Logistics Ltd.,AEGISLOG,Logistics,INE208C01025
429,NIFTY 500,Aegis Vopak Terminals Ltd.,AEGISVOPAK,Oil Exploration,INE0INX01018
430,NIFTY 500,Afcons Infrastructure Ltd.,AFCONS,Engineering - Construction,INE101I01011
431,NIFTY 500,Affle 3i Ltd.,AFFLE,BPO/ITeS,INE00WC01027
432,NIFTY 500,Ajanta Pharmaceuticals Ltd.,AJANTPHARM,Pharmaceuticals & Drugs,INE031B01049
433,NIFTY 500,Akzo Nobel India Ltd.,AKZOINDIA,Paints,INE133A01011
434,NIFTY 500,Alkem Laboratories Ltd.,ALKEM,Pharmaceuticals & Drugs,INE540L01014
435,NIFTY 500,Allied Blenders and Distillers Ltd.,ABDL,Breweries & Distilleries,INE552Z01027
436,NIFTY 500,Amara Raja Energy & Mobility Ltd.,ARE&M,Batteries,INE885A01032
437,NIFTY 500,Amber Enterprises India Ltd.,AMBER,Air Conditioners,INE371P01015
438,NIFTY 500,Ambuja Cements Ltd.,AMBUJACEM,Cement & Construction Materials,INE079A01024
439,NIFTY 500,Anand Rathi Wealth Ltd.,ANANDRATHI,Finance - Others,INE463V01026
440,NIFTY 500,Anant Raj Ltd.,ANANTRAJ,Construction - Real Estate,INE242C01024
441,NIFTY 500,Angel One Ltd.,ANGELONE,Finance - Stock Broking,INE732I01021
442,NIFTY 500,Anthem Biosciences Ltd.,ANTHEM,Pharmaceuticals & Drugs,INE0CZ201020
443,NIFTY 500,Anupam Rasayan India Ltd.,ANURAS,Chemicals,INE930P01018
444,NIFTY 500,Apar Industries Ltd.,APARINDS,Electric Equipment,INE372A01015
445,NIFTY 500,Apollo Hospitals Enterprise Ltd.,APOLLOHOSP,Hospital & Healthcare Services,INE437A01024
446,NIFTY 500,Apollo Tyres Ltd.,APOLLOTYRE,Tyres & Allied,INE438A01022
447,NIFTY 500,Aptus Value Housing Finance India Ltd.,APTUS,Finance - Housing,INE852O01025
448,NIFTY 500,Asahi India Glass Ltd.,ASAHIINDIA,Glass,INE439A01020
449,NIFTY 500,Ashok Leyland Ltd.,ASHOKLEY,Automobiles-Trucks/Lcv,INE208A01029
450,NIFTY 500,Asian Paints Ltd.,ASIANPAINT,Paints,INE021A01026
451,NIFTY 500,Aster DM Healthcare Ltd.,ASTERDM,Hospital & Healthcare Services,INE914M01019
452,NIFTY 500,Astral Ltd.,ASTRAL,Plastic Products,INE006I01046
453,NIFTY 500,Ather Energy Ltd.,ATHERENERG,Automobile Two & Three Wheelers,INE0LEZ01016
454,NIFTY 500,Atul Ltd.,ATUL,Chemicals,INE100A01010
455,NIFTY 500,Aurobindo Pharma Ltd.,AUROPHARMA,Pharmaceuticals & Drugs,INE406A01037
456,NIFTY 500,Authum Investment & Infrastructure Ltd.,AIIL,Finance - Investment,INE206F01022
457,NIFTY 500,Avenue Supermarts Ltd.,DMART,Retailing,INE192R01011
458,NIFTY 500,Axis Bank Ltd.,AXISBANK,NIFTY PRIVATE BANK,INE238A01034
459,NIFTY 500,BEML Ltd.,BEML,Construction Vehicles,INE258A01024
460,NIFTY 500,BLS International Services Ltd.,BLS,Travel Services,INE153T01027
461,NIFTY 500,BSE Ltd.,BSE,Finance - Others,INE118H01025
462,NIFTY 500,Bajaj Auto Ltd.,BAJAJ-AUTO,Automobile Two & Three Wheelers,INE917I01010
463,NIFTY 500,Bajaj Finance Ltd.,BAJFINANCE,Finance - NBFC,INE296A01032
464,NIFTY 500,Bajaj Finserv Ltd.,BAJAJFINSV,Finance - Investment,INE918I01026
465,NIFTY 500,Bajaj Holdings & Investment Ltd.,BAJAJHLDNG,Finance - NBFC,INE118A01012
466,NIFTY 500,Bajaj Housing Finance Ltd.,BAJAJHFL,Finance - Housing,INE377Y01014
467,NIFTY 500,Balkrishna Industries Ltd.,BALKRISIND,Tyres & Allied,INE787D01026
468,NIFTY 500,Balrampur Chini Mills Ltd.,BALRAMCHIN,Sugar,INE119A01028
469,NIFTY 500,Bandhan Bank Ltd.,BANDHANBNK,NIFTY PRIVATE BANK,INE545U01014
470,NIFTY 500,Bank of Baroda,BANKBARODA,NIFTY PRIVATE BANK,INE028A01039
471,NIFTY 500,Bank of India,BANKINDIA,NIFTY PRIVATE BANK,INE084A01016
472,NIFTY 500,Bank of Maharashtra,MAHABANK,NIFTY PRIVATE BANK,INE457A01014
473,NIFTY 500,Bata India Ltd.,BATAINDIA,Footwear,INE176A01028
474,NIFTY 500,Bayer Cropscience Ltd.,BAYERCROP,Pesticides & Agrochemicals,INE462A01022
475,NIFTY 500,Belrise Industries Ltd.,BELRISE,Auto Ancillary,INE894V01022
476,NIFTY 500,Berger Paints India Ltd.,BERGEPAINT,Paints,INE463A01038
477,NIFTY 500,Bharat Dynamics Ltd.,BDL,Defence,INE171Z01026
478,NIFTY 500,Bharat Electronics Ltd.,BEL,Defence,INE263A01024
479,NIFTY 500,Bharat Forge Ltd.,BHARATFORG,Forgings,INE465A01025
480,NIFTY 500,Bharat Heavy Electricals Ltd.,BHEL,Engineering - Industrial Equipments,INE257A01026
481,NIFTY 500,Bharat Petroleum Corporation Ltd.,BPCL,Refineries,INE029A01011
482,NIFTY 500,Bharti Airtel Ltd.,BHARTIARTL,Telecommunication - Service  Provider,INE397D01024
483,NIFTY 500,Bharti Hexacom Ltd.,BHARTIHEXA,Telecommunication - Service  Provider,INE343G01021
484,NIFTY 500,Bikaji Foods International Ltd.,BIKAJI,Consumer Food,INE00E101023
485,NIFTY 500,Billionbrains Garage Ventures Ltd.,GROWW,Finance - Stock Broking,INE0HOQ01053
486,NIFTY 500,Biocon Ltd.,BIOCON,Pharmaceuticals & Drugs,INE376G01013
487,NIFTY 500,Birlasoft Ltd.,BSOFT,IT - Software,INE836A01035
488,NIFTY 500,Blue Dart Express Ltd.,BLUEDART,Courier  Services,INE233B01017
489,NIFTY 500,Blue Jet Healthcare Ltd.,BLUEJET,Pharmaceuticals & Drugs,INE0KBH01020
490,NIFTY 500,Blue Star Ltd.,BLUESTARCO,Air Conditioners,INE472A01039
491,NIFTY 500,Bombay Burmah Trading Corporation Ltd.,BBTC,Agriculture,INE050A01025
492,NIFTY 500,Bosch Ltd.,BOSCHLTD,Auto Ancillary,INE323A01026
493,NIFTY 500,Brainbees Solutions Ltd.,FIRSTCRY,e-Commerce,INE02RE01045
494,NIFTY 500,Brigade Enterprises Ltd.,BRIGADE,Construction - Real Estate,INE791I01019
495,NIFTY 500,Britannia Industries Ltd.,BRITANNIA,Consumer Food,INE216A01030
496,NIFTY 500,C.E. Info Systems Ltd.,MAPMYINDIA,IT - Software,INE0BV301023
497,NIFTY 500,CCL Products (I) Ltd.,CCL,Tea/Coffee,INE421D01022
498,NIFTY 500,CESC Ltd.,CESC,Power Generation/Distribution,INE486A01021
499,NIFTY 500,CG Power and Industrial Solutions Ltd.,CGPOWER,Electric Equipment,INE067A01029
500,NIFTY 500,CRISIL Ltd.,CRISIL,Ratings,INE007A01025
501,NIFTY 500,Can Fin Homes Ltd.,CANFINHOME,Finance - Housing,INE477A01020
502,NIFTY 500,Canara Bank,CANBK,NIFTY PRIVATE BANK,INE476A01022
503,NIFTY 500,Canara HSBC Life Insurance Company Ltd.,CANHLIFE,Insurance,INE01TY01017
504,NIFTY 500,Caplin Point Laboratories Ltd.,CAPLIPOINT,Pharmaceuticals & Drugs,INE475E01026
505,NIFTY 500,Capri Global Capital Ltd.,CGCL,Finance - Investment,INE180C01042
506,NIFTY 500,Carborundum Universal Ltd.,CARBORUNIV,Abrasives,INE120A01034
507,NIFTY 500,Cartrade Tech Ltd.,CARTRADE,e-Commerce,INE290S01011
508,NIFTY 500,Castrol India Ltd.,CASTROLIND,Lubricants,INE172A01027
509,NIFTY 500,Ceat Ltd.,CEATLTD,Tyres & Allied,INE482A01020
510,NIFTY 500,Cemindia Projects Ltd.,CEMPRO,Engineering - Construction,INE686A01026
511,NIFTY 500,Central Bank of India,CENTRALBK,NIFTY PRIVATE BANK,INE483A01010
512,NIFTY 500,Central Depository Services (India) Ltd.,CDSL,Depository Services,INE736A01011
513,NIFTY 500,Chalet Hotels Ltd.,CHALET,"Hotel, Resort & Restaurants",INE427F01016
514,NIFTY 500,Chambal Fertilizers & Chemicals Ltd.,CHAMBLFERT,Fertilizers,INE085A01013
515,NIFTY 500,Chennai Petroleum Corporation Ltd.,CHENNPETRO,Refineries,INE178A01016
516,NIFTY 500,Choice International Ltd.,CHOICEIN,Finance - Stock Broking,INE102B01014
517,NIFTY 500,Cholamandalam Financial Holdings Ltd.,CHOLAHLDNG,Finance - Investment,INE149A01033
518,NIFTY 500,Cholamandalam Investment and Finance Company Ltd.,CHOLAFIN,Finance - NBFC,INE121A01024
519,NIFTY 500,Cipla Ltd.,CIPLA,Pharmaceuticals & Drugs,INE059A01026
520,NIFTY 500,City Union Bank Ltd.,CUB,NIFTY PRIVATE BANK,INE491A01021
521,NIFTY 500,Clean Science and Technology Ltd.,CLEAN,Chemicals,INE227W01023
522,NIFTY 500,Coal India Ltd.,COALINDIA,Mining & Minerals,INE522F01014
523,NIFTY 500,Cochin Shipyard Ltd.,COCHINSHIP,Ship Building,INE704P01025
524,NIFTY 500,Coforge Ltd.,COFORGE,IT - Software,INE591G01025
525,NIFTY 500,Cohance Lifesciences Ltd.,COHANCE,Pharmaceuticals & Drugs,INE03QK01018
526,NIFTY 500,Colgate Palmolive (India) Ltd.,COLPAL,Household & Personal Products,INE259A01022
527,NIFTY 500,Computer Age Management Services Ltd.,CAMS,Depository Services,INE596I01020
528,NIFTY 500,Concord Biotech Ltd.,CONCORDBIO,Pharmaceuticals & Drugs,INE338H01029
529,NIFTY 500,Container Corporation of India Ltd.,CONCOR,Logistics,INE111A01025
530,NIFTY 500,Coromandel International Ltd.,COROMANDEL,Fertilizers,INE169A01031
531,NIFTY 500,Craftsman Automation Ltd.,CRAFTSMAN,Auto Ancillary,INE00LO01017
532,NIFTY 500,CreditAccess Grameen Ltd.,CREDITACC,Finance - NBFC,INE741K01010
533,NIFTY 500,Crompton Greaves Consumer Electricals Ltd.,CROMPTON,Consumer Durables - Domestic Appliances,INE299U01018
534,NIFTY 500,Cummins India Ltd.,CUMMINSIND,Diesel Engines,INE298A01020
535,NIFTY 500,Cyient Ltd.,CYIENT,IT - Software,INE136B01020
536,NIFTY 500,DCM Shriram Ltd.,DCMSHRIRAM,Diversified,INE499A01024
537,NIFTY 500,DLF Ltd.,DLF,Construction - Real Estate,INE271C01023
538,NIFTY 500,DOMS Industries Ltd.,DOMS,Printing & Stationery,INE321T01012
539,NIFTY 500,Dabur India Ltd.,DABUR,Household & Personal Products,INE016A01026
540,NIFTY 500,Dalmia Bharat Ltd.,DALBHARAT,Cement & Construction Materials,INE00R701025
541,NIFTY 500,Data Patterns (India) Ltd.,DATAPATTNS,Defence,INE0IX101010
542,NIFTY 500,Deepak Fertilisers & Petrochemicals Corp. Ltd.,DEEPAKFERT,Chemicals,INE501A01019
543,NIFTY 500,Deepak Nitrite Ltd.,DEEPAKNTR,Chemicals,INE288B01029
544,NIFTY 500,Delhivery Ltd.,DELHIVERY,Courier  Services,INE148O01028
545,NIFTY 500,Devyani International Ltd.,DEVYANI,Consumer Food,INE872J01023
546,NIFTY 500,Divi's Laboratories Ltd.,DIVISLAB,Pharmaceuticals & Drugs,INE361B01024
547,NIFTY 500,Dixon Technologies (India) Ltd.,DIXON,Consumer Durables - Electronics,INE935N01020
548,NIFTY 500,Dr. Lal Path Labs Ltd.,LALPATHLAB,Hospital & Healthcare Services,INE600L01024
549,NIFTY 500,Dr. Reddy's Laboratories Ltd.,DRREDDY,Pharmaceuticals & Drugs,INE089A01031
550,NIFTY 500,E.I.D. Parry (India) Ltd.,EIDPARRY,Sugar,INE126A01031
551,NIFTY 500,EIH Ltd.,EIHOTEL,"Hotel, Resort & Restaurants",INE230A01023
552,NIFTY 500,Eicher Motors Ltd.,EICHERMOT,Automobile Two & Three Wheelers,INE066A01021
553,NIFTY 500,Elecon Engineering Co. Ltd.,ELECON,Engineering - Industrial Equipments,INE205B01031
554,NIFTY 500,Elgi Equipments Ltd.,ELGIEQUIP,Compressors / Pumps,INE285A01027
555,NIFTY 500,Emami Ltd.,EMAMILTD,Household & Personal Products,INE548C01032
556,NIFTY 500,Emcure Pharmaceuticals Ltd.,EMCURE,Pharmaceuticals & Drugs,INE168P01015
557,NIFTY 500,Emmvee Photovoltaic Power Ltd.,EMMVEE,Electric Equipment,INE1C6T01020
558,NIFTY 500,Endurance Technologies Ltd.,ENDURANCE,Auto Ancillary,INE913H01037
559,NIFTY 500,Engineers India Ltd.,ENGINERSIN,Engineering,INE510A01028
560,NIFTY 500,Eris Lifesciences Ltd.,ERIS,Pharmaceuticals & Drugs,INE406M01024
561,NIFTY 500,Escorts Kubota Ltd.,ESCORTS,Automobiles-Tractors,INE042A01014
562,NIFTY 500,Eternal Ltd.,ETERNAL,e-Commerce,INE758T01015
563,NIFTY 500,Exide Industries Ltd.,EXIDEIND,Batteries,INE302A01020
564,NIFTY 500,FSN E-Commerce Ventures Ltd.,NYKAA,e-Commerce,INE388Y01029
565,NIFTY 500,Federal Bank Ltd.,FEDERALBNK,NIFTY PRIVATE BANK,INE171A01029
566,NIFTY 500,Fertilisers and Chemicals Travancore Ltd.,FACT,Fertilizers,INE188A01015
567,NIFTY 500,Finolex Cables Ltd.,FINCABLES,Cable,INE235A01022
568,NIFTY 500,Firstsource Solutions Ltd.,FSL,BPO/ITeS,INE684F01012
569,NIFTY 500,Five-Star Business Finance Ltd.,FIVESTAR,Finance - NBFC,INE128S01021
570,NIFTY 500,Force Motors Ltd.,FORCEMOT,Automobiles-Trucks/Lcv,INE451A01017
571,NIFTY 500,Fortis Healthcare Ltd.,FORTIS,Hospital & Healthcare Services,INE061F01013
572,NIFTY 500,GAIL (India) Ltd.,GAIL,Industrial  Gases & Fuels,INE129A01019
573,NIFTY 500,GE Vernova T&D India Ltd.,GVT&D,Electric Equipment,INE200A01026
574,NIFTY 500,GMR Airports Ltd.,GMRAIRPORT,Airport Management Services,INE776C01039
575,NIFTY 500,Gabriel India Ltd.,GABRIEL,Auto Ancillary,INE524A01029
576,NIFTY 500,Gallantt Ispat Ltd.,GALLANTT,Steel & Iron Products,INE297H01019
577,NIFTY 500,Garden Reach Shipbuilders & Engineers Ltd.,GRSE,Ship Building,INE382Z01011
578,NIFTY 500,General Insurance Corporation of India,GICRE,Insurance,INE481Y01014
579,NIFTY 500,Gillette India Ltd.,GILLETTE,Household & Personal Products,INE322A01010
580,NIFTY 500,Gland Pharma Ltd.,GLAND,Pharmaceuticals & Drugs,INE068V01023
581,NIFTY 500,Glaxosmithkline Pharmaceuticals Ltd.,GLAXO,Pharmaceuticals & Drugs,INE159A01016
582,NIFTY 500,Glenmark Pharmaceuticals Ltd.,GLENMARK,Pharmaceuticals & Drugs,INE935A01035
583,NIFTY 500,Global Health Ltd.,MEDANTA,Hospital & Healthcare Services,INE474Q01031
584,NIFTY 500,Go Digit General Insurance Ltd.,GODIGIT,Insurance,INE03JT01014
585,NIFTY 500,Godawari Power & Ispat Ltd.,GPIL,Steel & Iron Products,INE177H01039
586,NIFTY 500,Godfrey Phillips India Ltd.,GODFRYPHLP,Cigarettes/Tobacco,INE260B01028
587,NIFTY 500,Godrej Consumer Products Ltd.,GODREJCP,Household & Personal Products,INE102D01028
588,NIFTY 500,Godrej Industries Ltd.,GODREJIND,Chemicals,INE233A01035
589,NIFTY 500,Godrej Properties Ltd.,GODREJPROP,Construction - Real Estate,INE484J01027
590,NIFTY 500,Granules India Ltd.,GRANULES,Pharmaceuticals & Drugs,INE101D01020
591,NIFTY 500,Graphite India Ltd.,GRAPHITE,Electrodes & Welding Equipment,INE371A01025
592,NIFTY 500,Grasim Industries Ltd.,GRASIM,Cement & Construction Materials,INE047A01021
593,NIFTY 500,Gravita India Ltd.,GRAVITA,Metal - Non Ferrous,INE024L01027
594,NIFTY 500,Great Eastern Shipping Co. Ltd.,GESHIP,Shipping,INE017A01032
595,NIFTY 500,Gujarat Fluorochemicals Ltd.,FLUOROCHEM,Chemicals,INE09N301011
596,NIFTY 500,Gujarat Mineral Development Corporation Ltd.,GMDCLTD,Mining & Minerals,INE131A01031
597,NIFTY 500,Gujarat State Petronet Ltd.,GSPL,Gas Transmission/Marketing,INE246F01010
598,NIFTY 500,H.E.G. Ltd.,HEG,Electrodes & Welding Equipment,INE545A01024
599,NIFTY 500,HBL Engineering Ltd.,HBLENGINE,Batteries,INE292B01021
600,NIFTY 500,HCL Technologies Ltd.,HCLTECH,IT - Software,INE860A01027
601,NIFTY 500,HDB Financial Services Ltd.,HDBFS,Finance - NBFC,INE756I01012
602,NIFTY 500,HDFC Asset Management Company Ltd.,HDFCAMC,Finance - Asset Management,INE127D01025
603,NIFTY 500,HDFC Bank Ltd.,HDFCBANK,NIFTY PRIVATE BANK,INE040A01034
604,NIFTY 500,HDFC Life Insurance Company Ltd.,HDFCLIFE,Insurance,INE795G01014
605,NIFTY 500,HFCL Ltd.,HFCL,Telecom-Infrastructure,INE548A01028
606,NIFTY 500,Havells India Ltd.,HAVELLS,Electric Equipment,INE176B01034
607,NIFTY 500,Hero MotoCorp Ltd.,HEROMOTOCO,Automobile Two & Three Wheelers,INE158A01026
608,NIFTY 500,Hexaware Technologies Ltd.,HEXT,IT - Software,INE093A01041
609,NIFTY 500,Himadri Speciality Chemical Ltd.,HSCL,Chemicals,INE019C01026
610,NIFTY 500,Hindalco Industries Ltd.,HINDALCO,Metal - Non Ferrous,INE038A01020
611,NIFTY 500,Hindustan Aeronautics Ltd.,HAL,Defence,INE066F01020
612,NIFTY 500,Hindustan Copper Ltd.,HINDCOPPER,Metal - Non Ferrous,INE531E01026
613,NIFTY 500,Hindustan Petroleum Corporation Ltd.,HINDPETRO,Refineries,INE094A01015
614,NIFTY 500,Hindustan Unilever Ltd.,HINDUNILVR,Household & Personal Products,INE030A01027
615,NIFTY 500,Hindustan Zinc Ltd.,HINDZINC,Metal - Non Ferrous,INE267A01025
616,NIFTY 500,Hitachi Energy India Ltd.,POWERINDIA,Electric Equipment,INE07Y701011
617,NIFTY 500,Home First Finance Company India Ltd.,HOMEFIRST,Finance - Housing,INE481N01025
618,NIFTY 500,Honasa Consumer Ltd.,HONASA,Trading,INE0J5401028
619,NIFTY 500,Honeywell Automation India Ltd.,HONAUT,Consumer Durables - Electronics,INE671A01010
620,NIFTY 500,Housing & Urban Development Corporation Ltd.,HUDCO,Finance - Housing,INE031A01017
621,NIFTY 500,Hyundai Motor India Ltd.,HYUNDAI,Automobiles - Passenger Cars,INE0V6F01027
622,NIFTY 500,ICICI Bank Ltd.,ICICIBANK,NIFTY PRIVATE BANK,INE090A01021
623,NIFTY 500,ICICI Lombard General Insurance Company Ltd.,ICICIGI,Insurance,INE765G01017
624,NIFTY 500,ICICI Prudential Asset Management Company Ltd.,ICICIAMC,Finance - Asset Management,INE346A01027
625,NIFTY 500,ICICI Prudential Life Insurance Company Ltd.,ICICIPRULI,Insurance,INE726G01019
626,NIFTY 500,IDBI Bank Ltd.,IDBI,NIFTY PRIVATE BANK,INE008A01015
627,NIFTY 500,IDFC First Bank Ltd.,IDFCFIRSTB,NIFTY PRIVATE BANK,INE092T01019
628,NIFTY 500,IFCI Ltd.,IFCI,Finance Term Lending,INE039A01010
629,NIFTY 500,IIFL Finance Ltd.,IIFL,Finance - Investment,INE530B01024
630,NIFTY 500,IRB Infrastructure Developers Ltd.,IRB,Engineering - Construction,INE821I01022
631,NIFTY 500,IRCON International Ltd.,IRCON,Engineering - Construction,INE962Y01021
632,NIFTY 500,ITC Hotels Ltd.,ITCHOTELS,"Hotel, Resort & Restaurants",INE379A01028
633,NIFTY 500,ITC Ltd.,ITC,Cigarettes/Tobacco,INE154A01025
634,NIFTY 500,ITI Ltd.,ITI,Telecommunication - Equipment,INE248A01017
635,NIFTY 500,Indegene Ltd.,INDGN,Pharmaceuticals & Drugs,INE065X01017
636,NIFTY 500,India Cements Ltd.,INDIACEM,Cement & Construction Materials,INE383A01012
637,NIFTY 500,Indiamart Intermesh Ltd.,INDIAMART,e-Commerce,INE933S01016
638,NIFTY 500,Indian Bank,INDIANB,NIFTY PRIVATE BANK,INE562A01011
639,NIFTY 500,Indian Energy Exchange Ltd.,IEX,Power Generation/Distribution,INE022Q01020
640,NIFTY 500,Indian Hotels Co. Ltd.,INDHOTEL,"Hotel, Resort & Restaurants",INE053A01029
641,NIFTY 500,Indian Oil Corporation Ltd.,IOC,Refineries,INE242A01010
642,NIFTY 500,Indian Overseas Bank,IOB,NIFTY PRIVATE BANK,INE565A01014
643,NIFTY 500,Indian Railway Catering And Tourism Corporation Ltd.,IRCTC,Travel Services,INE335Y01020
644,NIFTY 500,Indian Railway Finance Corporation Ltd.,IRFC,Finance Term Lending,INE053F01010
645,NIFTY 500,Indian Renewable Energy Development Agency Ltd.,IREDA,Finance - NBFC,INE202E01016
646,NIFTY 500,Indraprastha Gas Ltd.,IGL,Gas Transmission/Marketing,INE203G01027
647,NIFTY 500,Indus Towers Ltd.,INDUSTOWER,Telecommunication - Service  Provider,INE121J01017
648,NIFTY 500,IndusInd Bank Ltd.,INDUSINDBK,NIFTY PRIVATE BANK,INE095A01012
649,NIFTY 500,Info Edge (India) Ltd.,NAUKRI,BPO/ITeS,INE663F01032
650,NIFTY 500,Infosys Ltd.,INFY,IT - Software,INE009A01021
651,NIFTY 500,Inox Wind Ltd.,INOXWIND,Electric Equipment,INE066P01011
652,NIFTY 500,Intellect Design Arena Ltd.,INTELLECT,IT - Software,INE306R01017
653,NIFTY 500,InterGlobe Aviation Ltd.,INDIGO,Airlines,INE646L01027
654,NIFTY 500,International Gemmological Institute (India) Ltd.,IGIL,Business Support,INE0Q9301021
655,NIFTY 500,Inventurus Knowledge Solutions Ltd.,IKS,BPO/ITeS,INE115Q01022
656,NIFTY 500,Ipca Laboratories Ltd.,IPCALAB,Pharmaceuticals & Drugs,INE571A01038
657,NIFTY 500,J.B. Chemicals & Pharmaceuticals Ltd.,JBCHEPHARM,Pharmaceuticals & Drugs,INE572A01036
658,NIFTY 500,J.K. Cement Ltd.,JKCEMENT,Cement & Construction Materials,INE823G01014
659,NIFTY 500,JBM Auto Ltd.,JBMA,Auto Ancillary,INE927D01051
660,NIFTY 500,JK Tyre & Industries Ltd.,JKTYRE,Tyres & Allied,INE573A01042
661,NIFTY 500,JM Financial Ltd.,JMFINANCIL,Finance - Investment,INE780C01023
662,NIFTY 500,JSW Cement Ltd.,JSWCEMENT,Cement & Construction Materials,INE718I01012
663,NIFTY 500,JSW Energy Ltd.,JSWENERGY,Power Generation/Distribution,INE121E01018
664,NIFTY 500,JSW Infrastructure Ltd.,JSWINFRA,Port,INE880J01026
665,NIFTY 500,JSW Steel Ltd.,JSWSTEEL,Steel & Iron Products,INE019A01038
666,NIFTY 500,Jain Resource Recycling Ltd.,JAINREC,Metal - Non Ferrous,INE0YD401026
667,NIFTY 500,Jaiprakash Power Ventures Ltd.,JPPOWER,Power Generation/Distribution,INE351F01018
668,NIFTY 500,Jammu & Kashmir Bank Ltd.,J&KBANK,NIFTY PRIVATE BANK,INE168A01041
669,NIFTY 500,Jindal Saw Ltd.,JINDALSAW,Steel & Iron Products,INE324A01032
670,NIFTY 500,Jindal Stainless Ltd.,JSL,Steel & Iron Products,INE220G01021
671,NIFTY 500,Jindal Steel Ltd.,JINDALSTEL,Steel/Sponge Iron/Pig Iron,INE749A01030
672,NIFTY 500,Jio Financial Services Ltd.,JIOFIN,Finance - NBFC,INE758E01017
673,NIFTY 500,Jubilant Foodworks Ltd.,JUBLFOOD,Consumer Food,INE797F01020
674,NIFTY 500,Jubilant Ingrevia Ltd.,JUBLINGREA,Chemicals,INE0BY001018
675,NIFTY 500,Jubilant Pharmova Ltd.,JUBLPHARMA,Pharmaceuticals & Drugs,INE700A01033
676,NIFTY 500,Jupiter Wagons Ltd.,JWL,Railways Wagons,INE209L01016
677,NIFTY 500,Jyoti CNC Automation Ltd.,JYOTICNC,Engineering - Industrial Equipments,INE980O01024
678,NIFTY 500,K.P.R. Mill Ltd.,KPRMILL,Textile,INE930H01031
679,NIFTY 500,KEI Industries Ltd.,KEI,Cable,INE878B01027
680,NIFTY 500,KPIT Technologies Ltd.,KPITTECH,IT - Software,INE04I401011
681,NIFTY 500,Kajaria Ceramics Ltd.,KAJARIACER,Ceramics/Marble/Granite/Sanitaryware,INE217B01036
682,NIFTY 500,Kalpataru Projects International Ltd.,KPIL,Engineering - Construction,INE220B01022
683,NIFTY 500,Kalyan Jewellers India Ltd.,KALYANKJIL,Diamond  &  Jewellery,INE303R01014
684,NIFTY 500,Karur Vysya Bank Ltd.,KARURVYSYA,NIFTY PRIVATE BANK,INE036D01028
685,NIFTY 500,Kaynes Technology India Ltd.,KAYNES,Electronics - Components,INE918Z01012
686,NIFTY 500,Kec International Ltd.,KEC,Engineering - Construction,INE389H01022
687,NIFTY 500,Kfin Technologies Ltd.,KFINTECH,Depository Services,INE138Y01010
688,NIFTY 500,Kirloskar Oil Eng Ltd.,KIRLOSENG,Engineering - Industrial Equipments,INE146L01010
689,NIFTY 500,Kotak Mahindra Bank Ltd.,KOTAKBANK,NIFTY PRIVATE BANK,INE237A01036
690,NIFTY 500,Krishna Institute of Medical Sciences Ltd.,KIMS,Hospital & Healthcare Services,INE967H01025
691,NIFTY 500,L&T Finance Ltd.,LTF,Finance - NBFC,INE498L01015
692,NIFTY 500,L&T Technology Services Ltd.,LTTS,IT - Software,INE010V01017
693,NIFTY 500,LG Electronics India Ltd.,LGEINDIA,Consumer Durables - Domestic Appliances,INE324D01010
694,NIFTY 500,LIC Housing Finance Ltd.,LICHSGFIN,Finance - Housing,INE115A01026
695,NIFTY 500,LT Foods Ltd.,LTFOODS,Consumer Food,INE818H01020
696,NIFTY 500,LTIMindtree Ltd.,LTM,IT - Software,INE214T01019
697,NIFTY 500,Larsen & Toubro Ltd.,LT,Engineering - Construction,INE018A01030
698,NIFTY 500,Latent View Analytics Ltd.,LATENTVIEW,Business Support,INE0I7C01011
699,NIFTY 500,Laurus Labs Ltd.,LAURUSLABS,Pharmaceuticals & Drugs,INE947Q01028
700,NIFTY 500,Leela Palaces Hotels & Resorts Ltd.,THELEELA,"Hotel, Resort & Restaurants",INE0AQ201015
701,NIFTY 500,Lemon Tree Hotels Ltd.,LEMONTREE,"Hotel, Resort & Restaurants",INE970X01018
702,NIFTY 500,Lenskart Solutions Ltd.,LENSKART,Retailing,INE956O01016
703,NIFTY 500,Life Insurance Corporation of India,LICI,Insurance,INE0J1Y01017
704,NIFTY 500,Linde India Ltd.,LINDEINDIA,Industrial  Gases & Fuels,INE473A01011
705,NIFTY 500,Lloyds Metals And Energy Ltd.,LLOYDSME,Steel/Sponge Iron/Pig Iron,INE281B01032
706,NIFTY 500,Lodha Developers Ltd.,LODHA,Construction - Real Estate,INE670K01029
707,NIFTY 500,Lupin Ltd.,LUPIN,Pharmaceuticals & Drugs,INE326A01037
708,NIFTY 500,MMTC Ltd.,MMTC,Trading,INE123F01029
709,NIFTY 500,MRF Ltd.,MRF,Tyres & Allied,INE883A01011
710,NIFTY 500,Mahanagar Gas Ltd.,MGL,Gas Transmission/Marketing,INE002S01010
711,NIFTY 500,Mahindra & Mahindra Financial Services Ltd.,M&MFIN,Finance - NBFC,INE774D01024
712,NIFTY 500,Mahindra & Mahindra Ltd.,M&M,Automobiles - Passenger Cars,INE101A01026
713,NIFTY 500,Manappuram Finance Ltd.,MANAPPURAM,Finance - NBFC,INE522D01027
714,NIFTY 500,Mangalore Refinery & Petrochemicals Ltd.,MRPL,Refineries,INE103A01014
715,NIFTY 500,Mankind Pharma Ltd.,MANKIND,Pharmaceuticals & Drugs,INE634S01028
716,NIFTY 500,Marico Ltd.,MARICO,Consumer Food,INE196A01026
717,NIFTY 500,Maruti Suzuki India Ltd.,MARUTI,Automobiles - Passenger Cars,INE585B01010
718,NIFTY 500,Max Financial Services Ltd.,MFSL,Finance - Others,INE180A01020
719,NIFTY 500,Max Healthcare Institute Ltd.,MAXHEALTH,Hospital & Healthcare Services,INE027H01010
720,NIFTY 500,Mazagoan Dock Shipbuilders Ltd.,MAZDOCK,Ship Building,INE249Z01020
721,NIFTY 500,Meesho Ltd.,MEESHO,e-Commerce,INE0VDM01015
722,NIFTY 500,Minda Corporation Ltd.,MINDACORP,Auto Ancillary,INE842C01021
723,NIFTY 500,Motherson Sumi Wiring India Ltd.,MSUMI,Steel & Iron Products,INE0FS801015
724,NIFTY 500,Motilal Oswal Financial Services Ltd.,MOTILALOFS,Finance - Stock Broking,INE338I01027
725,NIFTY 500,MphasiS Ltd.,MPHASIS,IT - Software,INE356A01018
726,NIFTY 500,Multi Commodity Exchange of India Ltd.,MCX,Finance - Stock Broking,INE745G01043
727,NIFTY 500,Muthoot Finance Ltd.,MUTHOOTFIN,Finance - NBFC,INE414G01012
728,NIFTY 500,NATCO Pharma Ltd.,NATCOPHARM,Pharmaceuticals & Drugs,INE987B01026
729,NIFTY 500,NBCC (India) Ltd.,NBCC,Construction - Real Estate,INE095N01031
730,NIFTY 500,NCC Ltd.,NCC,Engineering - Construction,INE868B01028
731,NIFTY 500,NHPC Ltd.,NHPC,Power Generation/Distribution,INE848E01016
732,NIFTY 500,NLC India Ltd.,NLCINDIA,Power Generation/Distribution,INE589A01014
733,NIFTY 500,NMDC Ltd.,NMDC,Mining & Minerals,INE584A01023
734,NIFTY 500,NMDC Steel Ltd.,NSLNISP,Steel & Iron Products,INE0NNS01018
735,NIFTY 500,NTPC Green Energy Ltd.,NTPCGREEN,Power Generation/Distribution,INE0ONG01011
736,NIFTY 500,NTPC Ltd.,NTPC,Power Generation/Distribution,INE733E01010
737,NIFTY 500,Narayana Hrudayalaya Ltd.,NH,Hospital & Healthcare Services,INE410P01011
738,NIFTY 500,National Aluminium Co. Ltd.,NATIONALUM,Aluminium & Aluminium Products,INE139A01034
739,NIFTY 500,Nava Ltd.,NAVA,Power Generation/Distribution,INE725A01030
740,NIFTY 500,Navin Fluorine International Ltd.,NAVINFLUOR,Chemicals,INE048G01026
741,NIFTY 500,Nestle India Ltd.,NESTLEIND,Consumer Food,INE239A01024
742,NIFTY 500,Netweb Technologies India Ltd.,NETWEB,IT - Hardware,INE0NT901020
743,NIFTY 500,Neuland Laboratories Ltd.,NEULANDLAB,Pharmaceuticals & Drugs,INE794A01010
744,NIFTY 500,Newgen Software Technologies Ltd.,NEWGEN,IT - Software,INE619B01017
745,NIFTY 500,Nippon Life India Asset Management Ltd.,NAM-INDIA,Finance - Asset Management,INE298J01013
746,NIFTY 500,Niva Bupa Health Insurance Company Ltd.,NIVABUPA,Insurance,INE995S01015
747,NIFTY 500,Nuvama Wealth Management Ltd.,NUVAMA,Finance - Others,INE531F01023
748,NIFTY 500,Nuvoco Vistas Corporation Ltd.,NUVOCO,Cement & Construction Materials,INE118D01016
749,NIFTY 500,Oberoi Realty Ltd.,OBEROIRLTY,Construction - Real Estate,INE093I01010
750,NIFTY 500,Oil & Natural Gas Corporation Ltd.,ONGC,Oil Exploration,INE213A01029
751,NIFTY 500,Oil India Ltd.,OIL,Oil Exploration,INE274J01014
752,NIFTY 500,Ola Electric Mobility Ltd.,OLAELEC,Automobile Two & Three Wheelers,INE0LXG01040
753,NIFTY 500,Olectra Greentech Ltd.,OLECTRA,Automobiles-Trucks/Lcv,INE260D01016
754,NIFTY 500,One 97 Communications Ltd.,PAYTM,Fintech,INE982J01020
755,NIFTY 500,Onesource Specialty Pharma Ltd.,ONESOURCE,Pharmaceuticals & Drugs,INE013P01021
756,NIFTY 500,Oracle Financial Services Software Ltd.,OFSS,IT - Software,INE881D01027
757,NIFTY 500,PB Fintech Ltd.,POLICYBZR,Fintech,INE417T01026
758,NIFTY 500,PCBL Chemical Ltd.,PCBL,Carbon Black,INE602A01031
759,NIFTY 500,PG Electroplast Ltd.,PGEL,Consumer Durables - Domestic Appliances,INE457L01029
760,NIFTY 500,PI Industries Ltd.,PIIND,Pesticides & Agrochemicals,INE603J01030
761,NIFTY 500,PNB Housing Finance Ltd.,PNBHOUSING,Finance - Housing,INE572E01012
762,NIFTY 500,PTC Industries Ltd.,PTCIL,Castings/Forgings,INE596F01018
763,NIFTY 500,PVR INOX Ltd.,PVRINOX,"Film Production, Distribution & Entertainment",INE191H01014
764,NIFTY 500,Page Industries Ltd.,PAGEIND,Textile,INE761H01022
765,NIFTY 500,Paradeep Phosphates Ltd.,PARADEEP,Fertilizers,INE088F01024
766,NIFTY 500,Patanjali Foods Ltd.,PATANJALI,Edible Oil,INE619A01035
767,NIFTY 500,Persistent Systems Ltd.,PERSISTENT,IT - Software,INE262H01021
768,NIFTY 500,Petronet LNG Ltd.,PETRONET,Industrial  Gases & Fuels,INE347G01014
769,NIFTY 500,Pfizer Ltd.,PFIZER,Pharmaceuticals & Drugs,INE182A01018
770,NIFTY 500,Phoenix Mills Ltd.,PHOENIXLTD,Construction - Real Estate,INE211B01039
772,NIFTY 500,Pidilite Industries Ltd.,PIDILITIND,Chemicals,INE318A01026
773,NIFTY 500,Pine Labs Ltd.,PINELABS,Fintech,INE15B701018
774,NIFTY 500,Piramal Finance Ltd.,PIRAMALFIN,Finance - Housing,INE202B01038
775,NIFTY 500,Piramal Pharma Ltd.,PPLPHARMA,Pharmaceuticals & Drugs,INE0DK501011
776,NIFTY 500,Poly Medicure Ltd.,POLYMED,Medical Equipment/Supplies/Accessories,INE205C01021
777,NIFTY 500,Polycab India Ltd.,POLYCAB,Cable,INE455K01017
778,NIFTY 500,Poonawalla Fincorp Ltd.,POONAWALLA,Finance - NBFC,INE511C01022
779,NIFTY 500,Power Finance Corporation Ltd.,PFC,Finance Term Lending,INE134E01011
780,NIFTY 500,Power Grid Corporation of India Ltd.,POWERGRID,Power Generation/Distribution,INE752E01010
781,NIFTY 500,Premier Energies Ltd.,PREMIERENE,Electronics - Components,INE0BS701011
782,NIFTY 500,Prestige Estates Projects Ltd.,PRESTIGE,Construction - Real Estate,INE811K01011
783,NIFTY 500,Punjab National Bank,PNB,NIFTY PRIVATE BANK,INE160A01022
784,NIFTY 500,R R Kabel Ltd.,RRKABEL,Cable,INE777K01022
785,NIFTY 500,RBL Bank Ltd.,RBLBANK,NIFTY PRIVATE BANK,INE976G01028
786,NIFTY 500,REC Ltd.,RECLTD,Finance Term Lending,INE020B01018
787,NIFTY 500,RHI MAGNESITA INDIA LTD.,RHIM,Refractories,INE743M01012
788,NIFTY 500,RITES Ltd.,RITES,Engineering Consultancy,INE320J01015
789,NIFTY 500,Radico Khaitan Ltd,RADICO,Breweries & Distilleries,INE944F01028
790,NIFTY 500,Rail Vikas Nigam Ltd.,RVNL,Engineering - Construction,INE415G01027
791,NIFTY 500,Railtel Corporation Of India Ltd.,RAILTEL,Telecommunication - Service  Provider,INE0DD101019
792,NIFTY 500,Rainbow Childrens Medicare Ltd.,RAINBOW,Hospital & Healthcare Services,INE961O01016
793,NIFTY 500,Ramkrishna Forgings Ltd.,RKFORGE,Forgings,INE399G01023
794,NIFTY 500,Redington Ltd.,REDINGTON,Trading,INE891D01026
795,NIFTY 500,Reliance Industries Ltd.,RELIANCE,Refineries,INE002A01018
796,NIFTY 500,Reliance Power Ltd.,RPOWER,Power Generation/Distribution,INE614G01033
797,NIFTY 500,SBFC Finance Ltd.,SBFC,Finance - NBFC,INE423Y01016
798,NIFTY 500,SBI Cards and Payment Services Ltd.,SBICARD,Finance - NBFC,INE018E01016
799,NIFTY 500,SBI Life Insurance Company Ltd.,SBILIFE,Insurance,INE123W01016
800,NIFTY 500,SJVN Ltd.,SJVN,Power Generation/Distribution,INE002L01015
801,NIFTY 500,SRF Ltd.,SRF,Chemicals,INE647A01010
802,NIFTY 500,Sagility Ltd.,SAGILITY,Business Support,INE0W2G01015
803,NIFTY 500,Sai Life Sciences Ltd.,SAILIFE,Pharmaceuticals & Drugs,INE570L01029
804,NIFTY 500,Sammaan Capital Ltd.,SAMMAANCAP,Finance - Housing,INE148I01020
805,NIFTY 500,Samvardhana Motherson International Ltd.,MOTHERSON,Auto Ancillary,INE775A01035
806,NIFTY 500,Sapphire Foods India Ltd.,SAPPHIRE,Consumer Food,INE806T01020
807,NIFTY 500,Sarda Energy and Minerals Ltd.,SARDAEN,Steel & Iron Products,INE385C01021
808,NIFTY 500,Saregama India Ltd,SAREGAMA,"Film Production, Distribution & Entertainment",INE979A01025
809,NIFTY 500,Schaeffler India Ltd.,SCHAEFFLER,Bearings,INE513A01022
810,NIFTY 500,Schneider Electric Infrastructure Ltd.,SCHNEIDER,Electric Equipment,INE839M01018
811,NIFTY 500,Shipping Corporation of India Ltd.,SCI,Shipping,INE109A01011
812,NIFTY 500,Shree Cement Ltd.,SHREECEM,Cement & Construction Materials,INE070A01015
813,NIFTY 500,Shriram Finance Ltd.,SHRIRAMFIN,Finance - NBFC,INE721A01047
814,NIFTY 500,Shyam Metalics and Energy Ltd.,SHYAMMETL,Steel & Iron Products,INE810G01011
815,NIFTY 500,Siemens Energy India Ltd.,ENRIN,Electric Equipment,INE1NPP01017
816,NIFTY 500,Siemens Ltd.,SIEMENS,Electric Equipment,INE003A01024
817,NIFTY 500,Signatureglobal (India) Ltd.,SIGNATURE,Construction - Real Estate,INE903U01023
818,NIFTY 500,Sobha Ltd.,SOBHA,Construction - Real Estate,INE671H01015
819,NIFTY 500,Solar Industries India Ltd.,SOLARINDS,Chemicals,INE343H01029
820,NIFTY 500,Sona BLW Precision Forgings Ltd.,SONACOMS,Auto Ancillary,INE073K01018
821,NIFTY 500,Sonata Software Ltd.,SONATSOFTW,IT - Software,INE269A01021
822,NIFTY 500,Star Health and Allied Insurance Company Ltd.,STARHEALTH,Insurance,INE575P01011
823,NIFTY 500,State Bank of India,SBIN,NIFTY PRIVATE BANK,INE062A01020
824,NIFTY 500,Steel Authority of India Ltd.,SAIL,Steel & Iron Products,INE114A01011
825,NIFTY 500,Sumitomo Chemical India Ltd.,SUMICHEM,Pesticides & Agrochemicals,INE258G01013
826,NIFTY 500,Sun Pharmaceutical Industries Ltd.,SUNPHARMA,Pharmaceuticals & Drugs,INE044A01036
827,NIFTY 500,Sun TV Network Ltd.,SUNTV,TV Broadcasting & Software Production,INE424H01027
828,NIFTY 500,Sundaram Finance Ltd.,SUNDARMFIN,Finance - NBFC,INE660A01013
829,NIFTY 500,Supreme Industries Ltd.,SUPREMEIND,Plastic Products,INE195A01028
830,NIFTY 500,Supreme Petrochem Ltd.,SPLPETRO,Chemicals,INE663A01033
831,NIFTY 500,Suzlon Energy Ltd.,SUZLON,Electric Equipment,INE040H01021
832,NIFTY 500,Swan Corp Ltd.,SWANCORP,Petrochemicals,INE665A01038
833,NIFTY 500,Swiggy Ltd.,SWIGGY,e-Commerce,INE00H001014
834,NIFTY 500,Syngene International Ltd.,SYNGENE,Pharmaceuticals & Drugs,INE398R01022
835,NIFTY 500,Syrma SGS Technology Ltd.,SYRMA,Electronics - Components,INE0DYJ01015
836,NIFTY 500,TBO Tek Ltd.,TBOTEK,Travel Services,INE673O01025
837,NIFTY 500,TVS Motor Company Ltd.,TVSMOTOR,Automobile Two & Three Wheelers,INE494B01023
838,NIFTY 500,Tata Capital Ltd.,TATACAP,Finance - NBFC,INE976I01016
839,NIFTY 500,Tata Chemicals Ltd.,TATACHEM,Chemicals,INE092A01019
840,NIFTY 500,Tata Communications Ltd.,TATACOMM,Telecommunication - Service  Provider,INE151A01013
841,NIFTY 500,Tata Consultancy Services Ltd.,TCS,IT - Software,INE467B01029
842,NIFTY 500,Tata Consumer Products Ltd.,TATACONSUM,Tea/Coffee,INE192A01025
843,NIFTY 500,Tata Elxsi Ltd.,TATAELXSI,IT - Software,INE670A01012
844,NIFTY 500,Tata Investment Corporation Ltd.,TATAINVEST,Finance - NBFC,INE672A01026
845,NIFTY 500,Tata Motors Ltd.,TMCV,Automobiles-Trucks/Lcv,INE1TAE01010
846,NIFTY 500,Tata Motors Passenger Vehicles Ltd.,TMPV,Automobile Two & Three Wheelers,INE155A01022
847,NIFTY 500,Tata Power Co. Ltd.,TATAPOWER,Power Generation/Distribution,INE245A01021
848,NIFTY 500,Tata Steel Ltd.,TATASTEEL,Steel & Iron Products,INE081A01020
849,NIFTY 500,Tata Technologies Ltd.,TATATECH,IT - Software,INE142M01025
850,NIFTY 500,Tata Teleservices (Maharashtra) Ltd.,TTML,Telecommunication - Service  Provider,INE517B01013
851,NIFTY 500,Tech Mahindra Ltd.,TECHM,IT - Software,INE669C01036
852,NIFTY 500,Techno Electric & Engineering Company Ltd.,TECHNOE,Engineering - Construction,INE285K01026
853,NIFTY 500,Tega Industries Ltd.,TEGA,Engineering - Industrial Equipments,INE011K01018
854,NIFTY 500,Tejas Networks Ltd.,TEJASNET,Telecommunication - Equipment,INE010J01012
855,NIFTY 500,Tenneco Clean Air India Ltd.,TENNIND,Auto Ancillary,INE19RI01016
856,NIFTY 500,The New India Assurance Company Ltd.,NIACL,Insurance,INE470Y01017
857,NIFTY 500,The Ramco Cements Ltd.,RAMCOCEM,Cement & Construction Materials,INE331A01037
858,NIFTY 500,Thermax Ltd.,THERMAX,Engineering - Industrial Equipments,INE152A01029
859,NIFTY 500,Timken India Ltd.,TIMKEN,Bearings,INE325A01013
860,NIFTY 500,Titagarh Rail Systems Ltd.,TITAGARH,Railways Wagons,INE615H01020
861,NIFTY 500,Titan Company Ltd.,TITAN,Diamond  &  Jewellery,INE280A01028
862,NIFTY 500,Torrent Pharmaceuticals Ltd.,TORNTPHARM,Pharmaceuticals & Drugs,INE685A01028
863,NIFTY 500,Torrent Power Ltd.,TORNTPOWER,Power Generation/Distribution,INE813H01021
864,NIFTY 500,Transformers And Rectifiers (India) Ltd.,TARIL,Electric Equipment,INE763I01026
865,NIFTY 500,Travel Food Services Ltd.,TRAVELFOOD,Consumer Food,INE103V01028
866,NIFTY 500,Trent Ltd.,TRENT,Retailing,INE849A01020
867,NIFTY 500,Trident Ltd.,TRIDENT,Textile - Spinning,INE064C01022
868,NIFTY 500,Triveni Turbine Ltd.,TRITURBINE,Engineering - Industrial Equipments,INE152M01016
869,NIFTY 500,Tube Investments of India Ltd.,TIINDIA,Auto Ancillary,INE974X01010
870,NIFTY 500,UCO Bank,UCOBANK,NIFTY PRIVATE BANK,INE691A01018
871,NIFTY 500,UNO Minda Ltd.,UNOMINDA,Auto Ancillary,INE405E01023
872,NIFTY 500,UPL Ltd.,UPL,Pesticides & Agrochemicals,INE628A01036
873,NIFTY 500,UTI Asset Management Company Ltd.,UTIAMC,Finance - Asset Management,INE094J01016
874,NIFTY 500,UltraTech Cement Ltd.,ULTRACEMCO,Cement & Construction Materials,INE481G01011
875,NIFTY 500,Union Bank of India,UNIONBANK,NIFTY PRIVATE BANK,INE692A01016
876,NIFTY 500,United Breweries Ltd.,UBL,Breweries & Distilleries,INE686F01025
877,NIFTY 500,United Spirits Ltd.,UNITDSPR,Breweries & Distilleries,INE854D01024
878,NIFTY 500,Urban Company Ltd.,URBANCO,e-Commerce,INE0CAZ01013
879,NIFTY 500,Usha Martin Ltd.,USHAMART,Steel & Iron Products,INE228A01035
880,NIFTY 500,Vardhman Textiles Ltd.,VTL,Textile,INE825A01020
881,NIFTY 500,Varun Beverages Ltd.,VBL,Consumer Food,INE200M01039
882,NIFTY 500,Vedanta Ltd.,VEDL,Metal - Non Ferrous,INE205A01025
883,NIFTY 500,Vijaya Diagnostic Centre Ltd.,VIJAYA,Hospital & Healthcare Services,INE043W01024
884,NIFTY 500,Vishal Mega Mart Ltd.,VMM,Retailing,INE01EA01019
885,NIFTY 500,Vodafone Idea Ltd.,IDEA,Telecommunication - Service  Provider,INE669E01016
886,NIFTY 500,Voltas Ltd.,VOLTAS,Air Conditioners,INE226A01021
887,NIFTY 500,Waaree Energies Ltd.,WAAREEENER,Electric Equipment,INE377N01017
888,NIFTY 500,Welspun Corp Ltd.,WELCORP,Steel & Iron Products,INE191B01025
889,NIFTY 500,Welspun Living Ltd.,WELSPUNLIV,Textile,INE192B01031
890,NIFTY 500,Whirlpool of India Ltd.,WHIRLPOOL,Consumer Durables - Domestic Appliances,INE716A01013
891,NIFTY 500,Wipro Ltd.,WIPRO,IT - Software,INE075A01022
892,NIFTY 500,Wockhardt Ltd.,WOCKPHARMA,Pharmaceuticals & Drugs,INE049B01025
893,NIFTY 500,Yes Bank Ltd.,YESBANK,NIFTY PRIVATE BANK,INE528G01035
894,NIFTY 500,ZF Commercial Vehicle Control Systems India Ltd.,ZFCVINDIA,Auto Ancillary,INE342J01019
895,NIFTY 500,Zee Entertainment Enterprises Ltd.,ZEEL,TV Broadcasting & Software Production,INE256A01028
896,NIFTY 500,Zen Technologies Ltd.,ZENTEC,Defence,INE251B01027
897,NIFTY 500,Zensar Technolgies Ltd.,ZENSARTECH,IT - Software,INE520A01027
898,NIFTY 500,Zydus Lifesciences Ltd.,ZYDUSLIFE,Pharmaceuticals & Drugs,INE010B01027
899,NIFTY 500,Zydus Wellness Ltd.,ZYDUSWELL,Consumer Food,INE768C01028
900,NIFTY 500,eClerx Services Ltd.,ECLERX,BPO/ITeS,INE738I01010
901,NIFTY MIDCAP 50,APL Apollo Tubes Ltd.,APLAPOLLO,Steel & Iron Products,INE702C01027
902,NIFTY MIDCAP 50,AU Small Finance Bank Ltd.,AUBANK,NIFTY PRIVATE BANK,INE949L01017
903,NIFTY MIDCAP 50,Alkem Laboratories Ltd.,ALKEM,Pharmaceuticals & Drugs,INE540L01014
904,NIFTY MIDCAP 50,Ashok Leyland Ltd.,ASHOKLEY,Automobiles-Trucks/Lcv,INE208A01029
905,NIFTY MIDCAP 50,Aurobindo Pharma Ltd.,AUROPHARMA,Pharmaceuticals & Drugs,INE406A01037
906,NIFTY MIDCAP 50,BSE Ltd.,BSE,Finance - Others,INE118H01025
907,NIFTY MIDCAP 50,Bharat Forge Ltd.,BHARATFORG,Forgings,INE465A01025
908,NIFTY MIDCAP 50,Bharat Heavy Electricals Ltd.,BHEL,Engineering - Industrial Equipments,INE257A01026
909,NIFTY MIDCAP 50,Coforge Ltd.,COFORGE,IT - Software,INE591G01025
910,NIFTY MIDCAP 50,Colgate Palmolive (India) Ltd.,COLPAL,Household & Personal Products,INE259A01022
911,NIFTY MIDCAP 50,Dabur India Ltd.,DABUR,Household & Personal Products,INE016A01026
912,NIFTY MIDCAP 50,Dixon Technologies (India) Ltd.,DIXON,Consumer Durables - Electronics,INE935N01020
913,NIFTY MIDCAP 50,FSN E-Commerce Ventures Ltd.,NYKAA,e-Commerce,INE388Y01029
914,NIFTY MIDCAP 50,Federal Bank Ltd.,FEDERALBNK,NIFTY PRIVATE BANK,INE171A01029
915,NIFTY MIDCAP 50,Fortis Healthcare Ltd.,FORTIS,Hospital & Healthcare Services,INE061F01013
916,NIFTY MIDCAP 50,GMR Airports Ltd.,GMRAIRPORT,Airport Management Services,INE776C01039
917,NIFTY MIDCAP 50,Godrej Properties Ltd.,GODREJPROP,Construction - Real Estate,INE484J01027
918,NIFTY MIDCAP 50,Havells India Ltd.,HAVELLS,Electric Equipment,INE176B01034
919,NIFTY MIDCAP 50,Hero MotoCorp Ltd.,HEROMOTOCO,Automobile Two & Three Wheelers,INE158A01026
920,NIFTY MIDCAP 50,Hindustan Petroleum Corporation Ltd.,HINDPETRO,Refineries,INE094A01015
921,NIFTY MIDCAP 50,ICICI Lombard General Insurance Company Ltd.,ICICIGI,Insurance,INE765G01017
922,NIFTY MIDCAP 50,IDFC First Bank Ltd.,IDFCFIRSTB,NIFTY PRIVATE BANK,INE092T01019
923,NIFTY MIDCAP 50,Indus Towers Ltd.,INDUSTOWER,Telecommunication - Service  Provider,INE121J01017
924,NIFTY MIDCAP 50,IndusInd Bank Ltd.,INDUSINDBK,NIFTY PRIVATE BANK,INE095A01012
925,NIFTY MIDCAP 50,Info Edge (India) Ltd.,NAUKRI,BPO/ITeS,INE663F01032
926,NIFTY MIDCAP 50,Laurus Labs Ltd.,LAURUSLABS,Pharmaceuticals & Drugs,INE947Q01028
927,NIFTY MIDCAP 50,Lupin Ltd.,LUPIN,Pharmaceuticals & Drugs,INE326A01037
928,NIFTY MIDCAP 50,Mankind Pharma Ltd.,MANKIND,Pharmaceuticals & Drugs,INE634S01028
929,NIFTY MIDCAP 50,Marico Ltd.,MARICO,Consumer Food,INE196A01026
930,NIFTY MIDCAP 50,Max Financial Services Ltd.,MFSL,Finance - Others,INE180A01020
931,NIFTY MIDCAP 50,MphasiS Ltd.,MPHASIS,IT - Software,INE356A01018
932,NIFTY MIDCAP 50,Multi Commodity Exchange of India Ltd.,MCX,Finance - Stock Broking,INE745G01043
933,NIFTY MIDCAP 50,NHPC Ltd.,NHPC,Power Generation/Distribution,INE848E01016
934,NIFTY MIDCAP 50,NMDC Ltd.,NMDC,Mining & Minerals,INE584A01023
935,NIFTY MIDCAP 50,Oil India Ltd.,OIL,Oil Exploration,INE274J01014
936,NIFTY MIDCAP 50,One 97 Communications Ltd.,PAYTM,Fintech,INE982J01020
937,NIFTY MIDCAP 50,PB Fintech Ltd.,POLICYBZR,Fintech,INE417T01026
938,NIFTY MIDCAP 50,Persistent Systems Ltd.,PERSISTENT,IT - Software,INE262H01021
939,NIFTY MIDCAP 50,Phoenix Mills Ltd.,PHOENIXLTD,Construction - Real Estate,INE211B01039
940,NIFTY MIDCAP 50,Polycab India Ltd.,POLYCAB,Cable,INE455K01017
941,NIFTY MIDCAP 50,Prestige Estates Projects Ltd.,PRESTIGE,Construction - Real Estate,INE811K01011
942,NIFTY MIDCAP 50,SBI Cards and Payment Services Ltd.,SBICARD,Finance - NBFC,INE018E01016
943,NIFTY MIDCAP 50,SRF Ltd.,SRF,Chemicals,INE647A01010
944,NIFTY MIDCAP 50,Supreme Industries Ltd.,SUPREMEIND,Plastic Products,INE195A01028
945,NIFTY MIDCAP 50,Suzlon Energy Ltd.,SUZLON,Electric Equipment,INE040H01021
946,NIFTY MIDCAP 50,Swiggy Ltd.,SWIGGY,e-Commerce,INE00H001014
947,NIFTY MIDCAP 50,Tube Investments of India Ltd.,TIINDIA,Auto Ancillary,INE974X01010
948,NIFTY MIDCAP 50,UPL Ltd.,UPL,Pesticides & Agrochemicals,INE628A01036
949,NIFTY MIDCAP 50,Waaree Energies Ltd.,WAAREEENER,Electric Equipment,INE377N01017
950,NIFTY MIDCAP 50,Yes Bank Ltd.,YESBANK,NIFTY PRIVATE BANK,INE528G01035
951,NIFTY MIDCAP 100,360 ONE WAM Ltd.,360ONE,Finance - Others,INE466L01038
952,NIFTY MIDCAP 100,APL Apollo Tubes Ltd.,APLAPOLLO,Steel & Iron Products,INE702C01027
953,NIFTY MIDCAP 100,AU Small Finance Bank Ltd.,AUBANK,NIFTY PRIVATE BANK,INE949L01017
954,NIFTY MIDCAP 100,Adani Total Gas Ltd.,ATGL,Gas Transmission/Marketing,INE399L01023
955,NIFTY MIDCAP 100,Aditya Birla Capital Ltd.,ABCAPITAL,Finance - NBFC,INE674K01013
956,NIFTY MIDCAP 100,Alkem Laboratories Ltd.,ALKEM,Pharmaceuticals & Drugs,INE540L01014
957,NIFTY MIDCAP 100,Ashok Leyland Ltd.,ASHOKLEY,Automobiles-Trucks/Lcv,INE208A01029
958,NIFTY MIDCAP 100,Astral Ltd.,ASTRAL,Plastic Products,INE006I01046
959,NIFTY MIDCAP 100,Aurobindo Pharma Ltd.,AUROPHARMA,Pharmaceuticals & Drugs,INE406A01037
960,NIFTY MIDCAP 100,BSE Ltd.,BSE,Finance - Others,INE118H01025
961,NIFTY MIDCAP 100,Bank of India,BANKINDIA,NIFTY PRIVATE BANK,INE084A01016
962,NIFTY MIDCAP 100,Bharat Dynamics Ltd.,BDL,Defence,INE171Z01026
963,NIFTY MIDCAP 100,Bharat Forge Ltd.,BHARATFORG,Forgings,INE465A01025
964,NIFTY MIDCAP 100,Bharat Heavy Electricals Ltd.,BHEL,Engineering - Industrial Equipments,INE257A01026
965,NIFTY MIDCAP 100,Billionbrains Garage Ventures Ltd.,GROWW,Finance - Stock Broking,INE0HOQ01053
966,NIFTY MIDCAP 100,Biocon Ltd.,BIOCON,Pharmaceuticals & Drugs,INE376G01013
967,NIFTY MIDCAP 100,Blue Star Ltd.,BLUESTARCO,Air Conditioners,INE472A01039
968,NIFTY MIDCAP 100,Cochin Shipyard Ltd.,COCHINSHIP,Ship Building,INE704P01025
969,NIFTY MIDCAP 100,Coforge Ltd.,COFORGE,IT - Software,INE591G01025
970,NIFTY MIDCAP 100,Colgate Palmolive (India) Ltd.,COLPAL,Household & Personal Products,INE259A01022
971,NIFTY MIDCAP 100,Container Corporation of India Ltd.,CONCOR,Logistics,INE111A01025
972,NIFTY MIDCAP 100,Coromandel International Ltd.,COROMANDEL,Fertilizers,INE169A01031
973,NIFTY MIDCAP 100,Dabur India Ltd.,DABUR,Household & Personal Products,INE016A01026
974,NIFTY MIDCAP 100,Dixon Technologies (India) Ltd.,DIXON,Consumer Durables - Electronics,INE935N01020
975,NIFTY MIDCAP 100,Exide Industries Ltd.,EXIDEIND,Batteries,INE302A01020
976,NIFTY MIDCAP 100,FSN E-Commerce Ventures Ltd.,NYKAA,e-Commerce,INE388Y01029
977,NIFTY MIDCAP 100,Federal Bank Ltd.,FEDERALBNK,NIFTY PRIVATE BANK,INE171A01029
978,NIFTY MIDCAP 100,Fortis Healthcare Ltd.,FORTIS,Hospital & Healthcare Services,INE061F01013
979,NIFTY MIDCAP 100,GE Vernova T&D India Ltd.,GVT&D,Electric Equipment,INE200A01026
980,NIFTY MIDCAP 100,GMR Airports Ltd.,GMRAIRPORT,Airport Management Services,INE776C01039
981,NIFTY MIDCAP 100,Glenmark Pharmaceuticals Ltd.,GLENMARK,Pharmaceuticals & Drugs,INE935A01035
982,NIFTY MIDCAP 100,Godfrey Phillips India Ltd.,GODFRYPHLP,Cigarettes/Tobacco,INE260B01028
983,NIFTY MIDCAP 100,Godrej Properties Ltd.,GODREJPROP,Construction - Real Estate,INE484J01027
984,NIFTY MIDCAP 100,Havells India Ltd.,HAVELLS,Electric Equipment,INE176B01034
985,NIFTY MIDCAP 100,Hero MotoCorp Ltd.,HEROMOTOCO,Automobile Two & Three Wheelers,INE158A01026
986,NIFTY MIDCAP 100,Hindustan Petroleum Corporation Ltd.,HINDPETRO,Refineries,INE094A01015
987,NIFTY MIDCAP 100,Hitachi Energy India Ltd.,POWERINDIA,Electric Equipment,INE07Y701011
988,NIFTY MIDCAP 100,Housing & Urban Development Corporation Ltd.,HUDCO,Finance - Housing,INE031A01017
989,NIFTY MIDCAP 100,ICICI Lombard General Insurance Company Ltd.,ICICIGI,Insurance,INE765G01017
990,NIFTY MIDCAP 100,ICICI Prudential Asset Management Company Ltd.,ICICIAMC,Finance - Asset Management,INE346A01027
991,NIFTY MIDCAP 100,IDFC First Bank Ltd.,IDFCFIRSTB,NIFTY PRIVATE BANK,INE092T01019
992,NIFTY MIDCAP 100,Indian Bank,INDIANB,NIFTY PRIVATE BANK,INE562A01011
993,NIFTY MIDCAP 100,Indian Railway Catering And Tourism Corporation Ltd.,IRCTC,Travel Services,INE335Y01020
994,NIFTY MIDCAP 100,Indian Renewable Energy Development Agency Ltd.,IREDA,Finance - NBFC,INE202E01016
995,NIFTY MIDCAP 100,Indus Towers Ltd.,INDUSTOWER,Telecommunication - Service  Provider,INE121J01017
996,NIFTY MIDCAP 100,IndusInd Bank Ltd.,INDUSINDBK,NIFTY PRIVATE BANK,INE095A01012
997,NIFTY MIDCAP 100,Info Edge (India) Ltd.,NAUKRI,BPO/ITeS,INE663F01032
998,NIFTY MIDCAP 100,JSW Energy Ltd.,JSWENERGY,Power Generation/Distribution,INE121E01018
999,NIFTY MIDCAP 100,Jubilant Foodworks Ltd.,JUBLFOOD,Consumer Food,INE797F01020
1000,NIFTY MIDCAP 100,KEI Industries Ltd.,KEI,Cable,INE878B01027
1001,NIFTY MIDCAP 100,KPIT Technologies Ltd.,KPITTECH,IT - Software,INE04I401011
1002,NIFTY MIDCAP 100,Kalyan Jewellers India Ltd.,KALYANKJIL,Diamond  &  Jewellery,INE303R01014
1003,NIFTY MIDCAP 100,L&T Finance Ltd.,LTF,Finance - NBFC,INE498L01015
1004,NIFTY MIDCAP 100,LG Electronics India Ltd.,LGEINDIA,Consumer Durables - Domestic Appliances,INE324D01010
1005,NIFTY MIDCAP 100,LIC Housing Finance Ltd.,LICHSGFIN,Finance - Housing,INE115A01026
1006,NIFTY MIDCAP 100,Laurus Labs Ltd.,LAURUSLABS,Pharmaceuticals & Drugs,INE947Q01028
1007,NIFTY MIDCAP 100,Lenskart Solutions Ltd.,LENSKART,Retailing,INE956O01016
1008,NIFTY MIDCAP 100,Lupin Ltd.,LUPIN,Pharmaceuticals & Drugs,INE326A01037
1009,NIFTY MIDCAP 100,MRF Ltd.,MRF,Tyres & Allied,INE883A01011
1010,NIFTY MIDCAP 100,Mahindra & Mahindra Financial Services Ltd.,M&MFIN,Finance - NBFC,INE774D01024
1011,NIFTY MIDCAP 100,Mankind Pharma Ltd.,MANKIND,Pharmaceuticals & Drugs,INE634S01028
1012,NIFTY MIDCAP 100,Marico Ltd.,MARICO,Consumer Food,INE196A01026
1013,NIFTY MIDCAP 100,Max Financial Services Ltd.,MFSL,Finance - Others,INE180A01020
1014,NIFTY MIDCAP 100,Motilal Oswal Financial Services Ltd.,MOTILALOFS,Finance - Stock Broking,INE338I01027
1015,NIFTY MIDCAP 100,MphasiS Ltd.,MPHASIS,IT - Software,INE356A01018
1016,NIFTY MIDCAP 100,Multi Commodity Exchange of India Ltd.,MCX,Finance - Stock Broking,INE745G01043
1017,NIFTY MIDCAP 100,NHPC Ltd.,NHPC,Power Generation/Distribution,INE848E01016
1018,NIFTY MIDCAP 100,NMDC Ltd.,NMDC,Mining & Minerals,INE584A01023
1019,NIFTY MIDCAP 100,National Aluminium Co. Ltd.,NATIONALUM,Aluminium & Aluminium Products,INE139A01034
1020,NIFTY MIDCAP 100,Oberoi Realty Ltd.,OBEROIRLTY,Construction - Real Estate,INE093I01010
1021,NIFTY MIDCAP 100,Oil India Ltd.,OIL,Oil Exploration,INE274J01014
1022,NIFTY MIDCAP 100,One 97 Communications Ltd.,PAYTM,Fintech,INE982J01020
1023,NIFTY MIDCAP 100,Oracle Financial Services Software Ltd.,OFSS,IT - Software,INE881D01027
1024,NIFTY MIDCAP 100,PB Fintech Ltd.,POLICYBZR,Fintech,INE417T01026
1025,NIFTY MIDCAP 100,PI Industries Ltd.,PIIND,Pesticides & Agrochemicals,INE603J01030
1026,NIFTY MIDCAP 100,Page Industries Ltd.,PAGEIND,Textile,INE761H01022
1027,NIFTY MIDCAP 100,Patanjali Foods Ltd.,PATANJALI,Edible Oil,INE619A01035
1028,NIFTY MIDCAP 100,Persistent Systems Ltd.,PERSISTENT,IT - Software,INE262H01021
1029,NIFTY MIDCAP 100,Phoenix Mills Ltd.,PHOENIXLTD,Construction - Real Estate,INE211B01039
1030,NIFTY MIDCAP 100,Polycab India Ltd.,POLYCAB,Cable,INE455K01017
1031,NIFTY MIDCAP 100,Premier Energies Ltd.,PREMIERENE,Electronics - Components,INE0BS701011
1032,NIFTY MIDCAP 100,Prestige Estates Projects Ltd.,PRESTIGE,Construction - Real Estate,INE811K01011
1033,NIFTY MIDCAP 100,Radico Khaitan Ltd,RADICO,Breweries & Distilleries,INE944F01028
1034,NIFTY MIDCAP 100,Rail Vikas Nigam Ltd.,RVNL,Engineering - Construction,INE415G01027
1035,NIFTY MIDCAP 100,SBI Cards and Payment Services Ltd.,SBICARD,Finance - NBFC,INE018E01016
1036,NIFTY MIDCAP 100,SRF Ltd.,SRF,Chemicals,INE647A01010
1037,NIFTY MIDCAP 100,Steel Authority of India Ltd.,SAIL,Steel & Iron Products,INE114A01011
1038,NIFTY MIDCAP 100,Supreme Industries Ltd.,SUPREMEIND,Plastic Products,INE195A01028
1039,NIFTY MIDCAP 100,Suzlon Energy Ltd.,SUZLON,Electric Equipment,INE040H01021
1040,NIFTY MIDCAP 100,Swiggy Ltd.,SWIGGY,e-Commerce,INE00H001014
1041,NIFTY MIDCAP 100,Tata Communications Ltd.,TATACOMM,Telecommunication - Service  Provider,INE151A01013
1042,NIFTY MIDCAP 100,Tata Elxsi Ltd.,TATAELXSI,IT - Software,INE670A01012
1043,NIFTY MIDCAP 100,Tata Investment Corporation Ltd.,TATAINVEST,Finance - NBFC,INE672A01026
1044,NIFTY MIDCAP 100,Tube Investments of India Ltd.,TIINDIA,Auto Ancillary,INE974X01010
1045,NIFTY MIDCAP 100,UPL Ltd.,UPL,Pesticides & Agrochemicals,INE628A01036
1046,NIFTY MIDCAP 100,Vishal Mega Mart Ltd.,VMM,Retailing,INE01EA01019
1047,NIFTY MIDCAP 100,Vodafone Idea Ltd.,IDEA,Telecommunication - Service  Provider,INE669E01016
1048,NIFTY MIDCAP 100,Voltas Ltd.,VOLTAS,Air Conditioners,INE226A01021
1049,NIFTY MIDCAP 100,Waaree Energies Ltd.,WAAREEENER,Electric Equipment,INE377N01017
1050,NIFTY MIDCAP 100,Yes Bank Ltd.,YESBANK,NIFTY PRIVATE BANK,INE528G01035
1051,NIFTY MIDCAP 150,360 ONE WAM Ltd.,360ONE,Finance - Others,INE466L01038
1052,NIFTY MIDCAP 150,3M India Ltd.,3MINDIA,Diversified,INE470A01017
1053,NIFTY MIDCAP 150,ACC Ltd.,ACC,Cement & Construction Materials,INE012A01025
1054,NIFTY MIDCAP 150,AIA Engineering Ltd.,AIAENG,Castings/Forgings,INE212H01026
1055,NIFTY MIDCAP 150,APL Apollo Tubes Ltd.,APLAPOLLO,Steel & Iron Products,INE702C01027
1056,NIFTY MIDCAP 150,AU Small Finance Bank Ltd.,AUBANK,NIFTY PRIVATE BANK,INE949L01017
1057,NIFTY MIDCAP 150,AWL Agri Business Ltd.,AWL,Edible Oil,INE699H01024
1058,NIFTY MIDCAP 150,Abbott India Ltd.,ABBOTINDIA,Pharmaceuticals & Drugs,INE358A01014
1059,NIFTY MIDCAP 150,Adani Total Gas Ltd.,ATGL,Gas Transmission/Marketing,INE399L01023
1060,NIFTY MIDCAP 150,Aditya Birla Capital Ltd.,ABCAPITAL,Finance - NBFC,INE674K01013
1061,NIFTY MIDCAP 150,Ajanta Pharmaceuticals Ltd.,AJANTPHARM,Pharmaceuticals & Drugs,INE031B01049
1062,NIFTY MIDCAP 150,Alkem Laboratories Ltd.,ALKEM,Pharmaceuticals & Drugs,INE540L01014
1063,NIFTY MIDCAP 150,Anthem Biosciences Ltd.,ANTHEM,Pharmaceuticals & Drugs,INE0CZ201020
1064,NIFTY MIDCAP 150,Apar Industries Ltd.,APARINDS,Electric Equipment,INE372A01015
1065,NIFTY MIDCAP 150,Apollo Tyres Ltd.,APOLLOTYRE,Tyres & Allied,INE438A01022
1066,NIFTY MIDCAP 150,Ashok Leyland Ltd.,ASHOKLEY,Automobiles-Trucks/Lcv,INE208A01029
1067,NIFTY MIDCAP 150,Astral Ltd.,ASTRAL,Plastic Products,INE006I01046
1068,NIFTY MIDCAP 150,Aurobindo Pharma Ltd.,AUROPHARMA,Pharmaceuticals & Drugs,INE406A01037
1069,NIFTY MIDCAP 150,Authum Investment & Infrastructure Ltd.,AIIL,Finance - Investment,INE206F01022
1070,NIFTY MIDCAP 150,BSE Ltd.,BSE,Finance - Others,INE118H01025
1071,NIFTY MIDCAP 150,Bajaj Housing Finance Ltd.,BAJAJHFL,Finance - Housing,INE377Y01014
1072,NIFTY MIDCAP 150,Balkrishna Industries Ltd.,BALKRISIND,Tyres & Allied,INE787D01026
1073,NIFTY MIDCAP 150,Bank of India,BANKINDIA,NIFTY PRIVATE BANK,INE084A01016
1074,NIFTY MIDCAP 150,Bank of Maharashtra,MAHABANK,NIFTY PRIVATE BANK,INE457A01014
1075,NIFTY MIDCAP 150,Berger Paints India Ltd.,BERGEPAINT,Paints,INE463A01038
1076,NIFTY MIDCAP 150,Bharat Dynamics Ltd.,BDL,Defence,INE171Z01026
1077,NIFTY MIDCAP 150,Bharat Forge Ltd.,BHARATFORG,Forgings,INE465A01025
1078,NIFTY MIDCAP 150,Bharat Heavy Electricals Ltd.,BHEL,Engineering - Industrial Equipments,INE257A01026
1079,NIFTY MIDCAP 150,Bharti Hexacom Ltd.,BHARTIHEXA,Telecommunication - Service  Provider,INE343G01021
1080,NIFTY MIDCAP 150,Billionbrains Garage Ventures Ltd.,GROWW,Finance - Stock Broking,INE0HOQ01053
1081,NIFTY MIDCAP 150,Biocon Ltd.,BIOCON,Pharmaceuticals & Drugs,INE376G01013
1082,NIFTY MIDCAP 150,Blue Star Ltd.,BLUESTARCO,Air Conditioners,INE472A01039
1083,NIFTY MIDCAP 150,CRISIL Ltd.,CRISIL,Ratings,INE007A01025
1084,NIFTY MIDCAP 150,Cochin Shipyard Ltd.,COCHINSHIP,Ship Building,INE704P01025
1085,NIFTY MIDCAP 150,Coforge Ltd.,COFORGE,IT - Software,INE591G01025
1086,NIFTY MIDCAP 150,Colgate Palmolive (India) Ltd.,COLPAL,Household & Personal Products,INE259A01022
1087,NIFTY MIDCAP 150,Container Corporation of India Ltd.,CONCOR,Logistics,INE111A01025
1088,NIFTY MIDCAP 150,Coromandel International Ltd.,COROMANDEL,Fertilizers,INE169A01031
1089,NIFTY MIDCAP 150,Dabur India Ltd.,DABUR,Household & Personal Products,INE016A01026
1090,NIFTY MIDCAP 150,Dalmia Bharat Ltd.,DALBHARAT,Cement & Construction Materials,INE00R701025
1091,NIFTY MIDCAP 150,Dixon Technologies (India) Ltd.,DIXON,Consumer Durables - Electronics,INE935N01020
1092,NIFTY MIDCAP 150,Endurance Technologies Ltd.,ENDURANCE,Auto Ancillary,INE913H01037
1093,NIFTY MIDCAP 150,Escorts Kubota Ltd.,ESCORTS,Automobiles-Tractors,INE042A01014
1094,NIFTY MIDCAP 150,Exide Industries Ltd.,EXIDEIND,Batteries,INE302A01020
1095,NIFTY MIDCAP 150,FSN E-Commerce Ventures Ltd.,NYKAA,e-Commerce,INE388Y01029
1096,NIFTY MIDCAP 150,Federal Bank Ltd.,FEDERALBNK,NIFTY PRIVATE BANK,INE171A01029
1097,NIFTY MIDCAP 150,Fortis Healthcare Ltd.,FORTIS,Hospital & Healthcare Services,INE061F01013
1098,NIFTY MIDCAP 150,GE Vernova T&D India Ltd.,GVT&D,Electric Equipment,INE200A01026
1099,NIFTY MIDCAP 150,GMR Airports Ltd.,GMRAIRPORT,Airport Management Services,INE776C01039
1100,NIFTY MIDCAP 150,General Insurance Corporation of India,GICRE,Insurance,INE481Y01014
1101,NIFTY MIDCAP 150,Glaxosmithkline Pharmaceuticals Ltd.,GLAXO,Pharmaceuticals & Drugs,INE159A01016
1102,NIFTY MIDCAP 150,Glenmark Pharmaceuticals Ltd.,GLENMARK,Pharmaceuticals & Drugs,INE935A01035
1103,NIFTY MIDCAP 150,Global Health Ltd.,MEDANTA,Hospital & Healthcare Services,INE474Q01031
1104,NIFTY MIDCAP 150,Godfrey Phillips India Ltd.,GODFRYPHLP,Cigarettes/Tobacco,INE260B01028
1105,NIFTY MIDCAP 150,Godrej Industries Ltd.,GODREJIND,Chemicals,INE233A01035
1106,NIFTY MIDCAP 150,Godrej Properties Ltd.,GODREJPROP,Construction - Real Estate,INE484J01027
1107,NIFTY MIDCAP 150,Gujarat Fluorochemicals Ltd.,FLUOROCHEM,Chemicals,INE09N301011
1108,NIFTY MIDCAP 150,HDB Financial Services Ltd.,HDBFS,Finance - NBFC,INE756I01012
1109,NIFTY MIDCAP 150,Havells India Ltd.,HAVELLS,Electric Equipment,INE176B01034
1110,NIFTY MIDCAP 150,Hero MotoCorp Ltd.,HEROMOTOCO,Automobile Two & Three Wheelers,INE158A01026
1111,NIFTY MIDCAP 150,Hexaware Technologies Ltd.,HEXT,IT - Software,INE093A01041
1112,NIFTY MIDCAP 150,Hindustan Petroleum Corporation Ltd.,HINDPETRO,Refineries,INE094A01015
1113,NIFTY MIDCAP 150,Hitachi Energy India Ltd.,POWERINDIA,Electric Equipment,INE07Y701011
1114,NIFTY MIDCAP 150,Honeywell Automation India Ltd.,HONAUT,Consumer Durables - Electronics,INE671A01010
1115,NIFTY MIDCAP 150,Housing & Urban Development Corporation Ltd.,HUDCO,Finance - Housing,INE031A01017
1116,NIFTY MIDCAP 150,ICICI Lombard General Insurance Company Ltd.,ICICIGI,Insurance,INE765G01017
1117,NIFTY MIDCAP 150,ICICI Prudential Asset Management Company Ltd.,ICICIAMC,Finance - Asset Management,INE346A01027
1118,NIFTY MIDCAP 150,ICICI Prudential Life Insurance Company Ltd.,ICICIPRULI,Insurance,INE726G01019
1119,NIFTY MIDCAP 150,IDFC First Bank Ltd.,IDFCFIRSTB,NIFTY PRIVATE BANK,INE092T01019
1120,NIFTY MIDCAP 150,ITC Hotels Ltd.,ITCHOTELS,"Hotel, Resort & Restaurants",INE379A01028
1121,NIFTY MIDCAP 150,Indian Bank,INDIANB,NIFTY PRIVATE BANK,INE562A01011
1122,NIFTY MIDCAP 150,Indian Railway Catering And Tourism Corporation Ltd.,IRCTC,Travel Services,INE335Y01020
1123,NIFTY MIDCAP 150,Indian Renewable Energy Development Agency Ltd.,IREDA,Finance - NBFC,INE202E01016
1124,NIFTY MIDCAP 150,Indus Towers Ltd.,INDUSTOWER,Telecommunication - Service  Provider,INE121J01017
1125,NIFTY MIDCAP 150,IndusInd Bank Ltd.,INDUSINDBK,NIFTY PRIVATE BANK,INE095A01012
1126,NIFTY MIDCAP 150,Info Edge (India) Ltd.,NAUKRI,BPO/ITeS,INE663F01032
1127,NIFTY MIDCAP 150,Ipca Laboratories Ltd.,IPCALAB,Pharmaceuticals & Drugs,INE571A01038
1128,NIFTY MIDCAP 150,J.K. Cement Ltd.,JKCEMENT,Cement & Construction Materials,INE823G01014
1129,NIFTY MIDCAP 150,JSW Energy Ltd.,JSWENERGY,Power Generation/Distribution,INE121E01018
1130,NIFTY MIDCAP 150,JSW Infrastructure Ltd.,JSWINFRA,Port,INE880J01026
1131,NIFTY MIDCAP 150,Jindal Stainless Ltd.,JSL,Steel & Iron Products,INE220G01021
1132,NIFTY MIDCAP 150,Jubilant Foodworks Ltd.,JUBLFOOD,Consumer Food,INE797F01020
1133,NIFTY MIDCAP 150,K.P.R. Mill Ltd.,KPRMILL,Textile,INE930H01031
1134,NIFTY MIDCAP 150,KEI Industries Ltd.,KEI,Cable,INE878B01027
1135,NIFTY MIDCAP 150,KPIT Technologies Ltd.,KPITTECH,IT - Software,INE04I401011
1136,NIFTY MIDCAP 150,Kalyan Jewellers India Ltd.,KALYANKJIL,Diamond  &  Jewellery,INE303R01014
1137,NIFTY MIDCAP 150,L&T Finance Ltd.,LTF,Finance - NBFC,INE498L01015
1138,NIFTY MIDCAP 150,L&T Technology Services Ltd.,LTTS,IT - Software,INE010V01017
1139,NIFTY MIDCAP 150,LG Electronics India Ltd.,LGEINDIA,Consumer Durables - Domestic Appliances,INE324D01010
1140,NIFTY MIDCAP 150,LIC Housing Finance Ltd.,LICHSGFIN,Finance - Housing,INE115A01026
1141,NIFTY MIDCAP 150,Laurus Labs Ltd.,LAURUSLABS,Pharmaceuticals & Drugs,INE947Q01028
1142,NIFTY MIDCAP 150,Lenskart Solutions Ltd.,LENSKART,Retailing,INE956O01016
1143,NIFTY MIDCAP 150,Life Insurance Corporation of India,LICI,Insurance,INE0J1Y01017
1144,NIFTY MIDCAP 150,Linde India Ltd.,LINDEINDIA,Industrial  Gases & Fuels,INE473A01011
1145,NIFTY MIDCAP 150,Lloyds Metals And Energy Ltd.,LLOYDSME,Steel/Sponge Iron/Pig Iron,INE281B01032
1146,NIFTY MIDCAP 150,Lupin Ltd.,LUPIN,Pharmaceuticals & Drugs,INE326A01037
1147,NIFTY MIDCAP 150,MRF Ltd.,MRF,Tyres & Allied,INE883A01011
1148,NIFTY MIDCAP 150,Mahindra & Mahindra Financial Services Ltd.,M&MFIN,Finance - NBFC,INE774D01024
1149,NIFTY MIDCAP 150,Mankind Pharma Ltd.,MANKIND,Pharmaceuticals & Drugs,INE634S01028
1150,NIFTY MIDCAP 150,Marico Ltd.,MARICO,Consumer Food,INE196A01026
1151,NIFTY MIDCAP 150,Max Financial Services Ltd.,MFSL,Finance - Others,INE180A01020
1152,NIFTY MIDCAP 150,Motilal Oswal Financial Services Ltd.,MOTILALOFS,Finance - Stock Broking,INE338I01027
1153,NIFTY MIDCAP 150,MphasiS Ltd.,MPHASIS,IT - Software,INE356A01018
1154,NIFTY MIDCAP 150,Multi Commodity Exchange of India Ltd.,MCX,Finance - Stock Broking,INE745G01043
1155,NIFTY MIDCAP 150,NHPC Ltd.,NHPC,Power Generation/Distribution,INE848E01016
1156,NIFTY MIDCAP 150,NLC India Ltd.,NLCINDIA,Power Generation/Distribution,INE589A01014
1157,NIFTY MIDCAP 150,NMDC Ltd.,NMDC,Mining & Minerals,INE584A01023
1158,NIFTY MIDCAP 150,NTPC Green Energy Ltd.,NTPCGREEN,Power Generation/Distribution,INE0ONG01011
1159,NIFTY MIDCAP 150,National Aluminium Co. Ltd.,NATIONALUM,Aluminium & Aluminium Products,INE139A01034
1160,NIFTY MIDCAP 150,Nippon Life India Asset Management Ltd.,NAM-INDIA,Finance - Asset Management,INE298J01013
1161,NIFTY MIDCAP 150,Oberoi Realty Ltd.,OBEROIRLTY,Construction - Real Estate,INE093I01010
1162,NIFTY MIDCAP 150,Oil India Ltd.,OIL,Oil Exploration,INE274J01014
1163,NIFTY MIDCAP 150,One 97 Communications Ltd.,PAYTM,Fintech,INE982J01020
1164,NIFTY MIDCAP 150,Oracle Financial Services Software Ltd.,OFSS,IT - Software,INE881D01027
1165,NIFTY MIDCAP 150,PB Fintech Ltd.,POLICYBZR,Fintech,INE417T01026
1166,NIFTY MIDCAP 150,PI Industries Ltd.,PIIND,Pesticides & Agrochemicals,INE603J01030
1167,NIFTY MIDCAP 150,Page Industries Ltd.,PAGEIND,Textile,INE761H01022
1168,NIFTY MIDCAP 150,Patanjali Foods Ltd.,PATANJALI,Edible Oil,INE619A01035
1169,NIFTY MIDCAP 150,Persistent Systems Ltd.,PERSISTENT,IT - Software,INE262H01021
1170,NIFTY MIDCAP 150,Petronet LNG Ltd.,PETRONET,Industrial  Gases & Fuels,INE347G01014
1171,NIFTY MIDCAP 150,Phoenix Mills Ltd.,PHOENIXLTD,Construction - Real Estate,INE211B01039
1172,NIFTY MIDCAP 150,Polycab India Ltd.,POLYCAB,Cable,INE455K01017
1173,NIFTY MIDCAP 150,Premier Energies Ltd.,PREMIERENE,Electronics - Components,INE0BS701011
1174,NIFTY MIDCAP 150,Prestige Estates Projects Ltd.,PRESTIGE,Construction - Real Estate,INE811K01011
1175,NIFTY MIDCAP 150,Radico Khaitan Ltd,RADICO,Breweries & Distilleries,INE944F01028
1176,NIFTY MIDCAP 150,Rail Vikas Nigam Ltd.,RVNL,Engineering - Construction,INE415G01027
1177,NIFTY MIDCAP 150,SBI Cards and Payment Services Ltd.,SBICARD,Finance - NBFC,INE018E01016
1178,NIFTY MIDCAP 150,SJVN Ltd.,SJVN,Power Generation/Distribution,INE002L01015
1179,NIFTY MIDCAP 150,SRF Ltd.,SRF,Chemicals,INE647A01010
1180,NIFTY MIDCAP 150,Schaeffler India Ltd.,SCHAEFFLER,Bearings,INE513A01022
1181,NIFTY MIDCAP 150,Steel Authority of India Ltd.,SAIL,Steel & Iron Products,INE114A01011
1182,NIFTY MIDCAP 150,Sundaram Finance Ltd.,SUNDARMFIN,Finance - NBFC,INE660A01013
1183,NIFTY MIDCAP 150,Supreme Industries Ltd.,SUPREMEIND,Plastic Products,INE195A01028
1184,NIFTY MIDCAP 150,Suzlon Energy Ltd.,SUZLON,Electric Equipment,INE040H01021
1185,NIFTY MIDCAP 150,Swiggy Ltd.,SWIGGY,e-Commerce,INE00H001014
1186,NIFTY MIDCAP 150,Tata Communications Ltd.,TATACOMM,Telecommunication - Service  Provider,INE151A01013
1187,NIFTY MIDCAP 150,Tata Elxsi Ltd.,TATAELXSI,IT - Software,INE670A01012
1188,NIFTY MIDCAP 150,Tata Investment Corporation Ltd.,TATAINVEST,Finance - NBFC,INE672A01026
1189,NIFTY MIDCAP 150,The New India Assurance Company Ltd.,NIACL,Insurance,INE470Y01017
1190,NIFTY MIDCAP 150,Thermax Ltd.,THERMAX,Engineering - Industrial Equipments,INE152A01029
1191,NIFTY MIDCAP 150,Torrent Power Ltd.,TORNTPOWER,Power Generation/Distribution,INE813H01021
1192,NIFTY MIDCAP 150,Tube Investments of India Ltd.,TIINDIA,Auto Ancillary,INE974X01010
1193,NIFTY MIDCAP 150,UNO Minda Ltd.,UNOMINDA,Auto Ancillary,INE405E01023
1194,NIFTY MIDCAP 150,UPL Ltd.,UPL,Pesticides & Agrochemicals,INE628A01036
1195,NIFTY MIDCAP 150,United Breweries Ltd.,UBL,Breweries & Distilleries,INE686F01025
1196,NIFTY MIDCAP 150,Vishal Mega Mart Ltd.,VMM,Retailing,INE01EA01019
1197,NIFTY MIDCAP 150,Vodafone Idea Ltd.,IDEA,Telecommunication - Service  Provider,INE669E01016
1198,NIFTY MIDCAP 150,Voltas Ltd.,VOLTAS,Air Conditioners,INE226A01021
1199,NIFTY MIDCAP 150,Waaree Energies Ltd.,WAAREEENER,Electric Equipment,INE377N01017
1200,NIFTY MIDCAP 150,Yes Bank Ltd.,YESBANK,NIFTY PRIVATE BANK,INE528G01035
1201,NIFTY MIDSMALL 400,360 ONE WAM Ltd.,360ONE,Finance - Others,INE466L01038
1202,NIFTY MIDSMALL 400,3M India Ltd.,3MINDIA,Diversified,INE470A01017
1203,NIFTY MIDSMALL 400,ACC Ltd.,ACC,Cement & Construction Materials,INE012A01025
1204,NIFTY MIDSMALL 400,ACME Solar Holdings Ltd.,ACMESOLAR,Power Generation/Distribution,INE622W01025
1205,NIFTY MIDSMALL 400,AIA Engineering Ltd.,AIAENG,Castings/Forgings,INE212H01026
1206,NIFTY MIDSMALL 400,APL Apollo Tubes Ltd.,APLAPOLLO,Steel & Iron Products,INE702C01027
1207,NIFTY MIDSMALL 400,AU Small Finance Bank Ltd.,AUBANK,NIFTY PRIVATE BANK,INE949L01017
1208,NIFTY MIDSMALL 400,AWL Agri Business Ltd.,AWL,Edible Oil,INE699H01024
1209,NIFTY MIDSMALL 400,Aadhar Housing Finance Ltd.,AADHARHFC,Finance - Housing,INE883F01010
1210,NIFTY MIDSMALL 400,Aarti Industries Ltd.,AARTIIND,Chemicals,INE769A01020
1211,NIFTY MIDSMALL 400,Aavas Financiers Ltd.,AAVAS,Finance - Housing,INE216P01012
1212,NIFTY MIDSMALL 400,Abbott India Ltd.,ABBOTINDIA,Pharmaceuticals & Drugs,INE358A01014
1213,NIFTY MIDSMALL 400,Action Construction Equipment Ltd.,ACE,Construction Vehicles,INE731H01025
1214,NIFTY MIDSMALL 400,Acutaas Chemicals Ltd.,ACUTAAS,Pharmaceuticals & Drugs,INE00FF01025
1215,NIFTY MIDSMALL 400,Adani Total Gas Ltd.,ATGL,Gas Transmission/Marketing,INE399L01023
1216,NIFTY MIDSMALL 400,Aditya Birla Capital Ltd.,ABCAPITAL,Finance - NBFC,INE674K01013
1217,NIFTY MIDSMALL 400,Aditya Birla Fashion and Retail Ltd.,ABFRL,Retailing,INE647O01011
1218,NIFTY MIDSMALL 400,Aditya Birla Lifestyle Brands Ltd.,ABLBL,Retailing,INE14LE01019
1219,NIFTY MIDSMALL 400,Aditya Birla Real Estate Ltd.,ABREL,Paper & Paper Products,INE055A01016
1220,NIFTY MIDSMALL 400,Aditya Birla Sun Life AMC Ltd.,ABSLAMC,Finance - Asset Management,INE404A01024
1221,NIFTY MIDSMALL 400,Aditya Infotech Ltd.,CPPLUS,Engineering - Industrial Equipments,INE819V01029
1222,NIFTY MIDSMALL 400,Aegis Logistics Ltd.,AEGISLOG,Logistics,INE208C01025
1223,NIFTY MIDSMALL 400,Aegis Vopak Terminals Ltd.,AEGISVOPAK,Oil Exploration,INE0INX01018
1224,NIFTY MIDSMALL 400,Afcons Infrastructure Ltd.,AFCONS,Engineering - Construction,INE101I01011
1225,NIFTY MIDSMALL 400,Affle 3i Ltd.,AFFLE,BPO/ITeS,INE00WC01027
1226,NIFTY MIDSMALL 400,Ajanta Pharmaceuticals Ltd.,AJANTPHARM,Pharmaceuticals & Drugs,INE031B01049
1227,NIFTY MIDSMALL 400,Akzo Nobel India Ltd.,AKZOINDIA,Paints,INE133A01011
1228,NIFTY MIDSMALL 400,Alkem Laboratories Ltd.,ALKEM,Pharmaceuticals & Drugs,INE540L01014
1229,NIFTY MIDSMALL 400,Allied Blenders and Distillers Ltd.,ABDL,Breweries & Distilleries,INE552Z01027
1230,NIFTY MIDSMALL 400,Amara Raja Energy & Mobility Ltd.,ARE&M,Batteries,INE885A01032
1231,NIFTY MIDSMALL 400,Amber Enterprises India Ltd.,AMBER,Air Conditioners,INE371P01015
1232,NIFTY MIDSMALL 400,Anand Rathi Wealth Ltd.,ANANDRATHI,Finance - Others,INE463V01026
1233,NIFTY MIDSMALL 400,Anant Raj Ltd.,ANANTRAJ,Construction - Real Estate,INE242C01024
1234,NIFTY MIDSMALL 400,Angel One Ltd.,ANGELONE,Finance - Stock Broking,INE732I01021
1235,NIFTY MIDSMALL 400,Anthem Biosciences Ltd.,ANTHEM,Pharmaceuticals & Drugs,INE0CZ201020
1236,NIFTY MIDSMALL 400,Anupam Rasayan India Ltd.,ANURAS,Chemicals,INE930P01018
1237,NIFTY MIDSMALL 400,Apar Industries Ltd.,APARINDS,Electric Equipment,INE372A01015
1238,NIFTY MIDSMALL 400,Apollo Tyres Ltd.,APOLLOTYRE,Tyres & Allied,INE438A01022
1239,NIFTY MIDSMALL 400,Aptus Value Housing Finance India Ltd.,APTUS,Finance - Housing,INE852O01025
1240,NIFTY MIDSMALL 400,Asahi India Glass Ltd.,ASAHIINDIA,Glass,INE439A01020
1241,NIFTY MIDSMALL 400,Ashok Leyland Ltd.,ASHOKLEY,Automobiles-Trucks/Lcv,INE208A01029
1242,NIFTY MIDSMALL 400,Aster DM Healthcare Ltd.,ASTERDM,Hospital & Healthcare Services,INE914M01019
1243,NIFTY MIDSMALL 400,Astral Ltd.,ASTRAL,Plastic Products,INE006I01046
1244,NIFTY MIDSMALL 400,Ather Energy Ltd.,ATHERENERG,Automobile Two & Three Wheelers,INE0LEZ01016
1245,NIFTY MIDSMALL 400,Atul Ltd.,ATUL,Chemicals,INE100A01010
1246,NIFTY MIDSMALL 400,Aurobindo Pharma Ltd.,AUROPHARMA,Pharmaceuticals & Drugs,INE406A01037
1247,NIFTY MIDSMALL 400,Authum Investment & Infrastructure Ltd.,AIIL,Finance - Investment,INE206F01022
1248,NIFTY MIDSMALL 400,BEML Ltd.,BEML,Construction Vehicles,INE258A01024
1249,NIFTY MIDSMALL 400,BLS International Services Ltd.,BLS,Travel Services,INE153T01027
1250,NIFTY MIDSMALL 400,BSE Ltd.,BSE,Finance - Others,INE118H01025
1251,NIFTY MIDSMALL 400,Bajaj Housing Finance Ltd.,BAJAJHFL,Finance - Housing,INE377Y01014
1252,NIFTY MIDSMALL 400,Balkrishna Industries Ltd.,BALKRISIND,Tyres & Allied,INE787D01026
1253,NIFTY MIDSMALL 400,Balrampur Chini Mills Ltd.,BALRAMCHIN,Sugar,INE119A01028
1254,NIFTY MIDSMALL 400,Bandhan Bank Ltd.,BANDHANBNK,NIFTY PRIVATE BANK,INE545U01014
1255,NIFTY MIDSMALL 400,Bank of India,BANKINDIA,NIFTY PRIVATE BANK,INE084A01016
1256,NIFTY MIDSMALL 400,Bank of Maharashtra,MAHABANK,NIFTY PRIVATE BANK,INE457A01014
1257,NIFTY MIDSMALL 400,Bata India Ltd.,BATAINDIA,Footwear,INE176A01028
1258,NIFTY MIDSMALL 400,Bayer Cropscience Ltd.,BAYERCROP,Pesticides & Agrochemicals,INE462A01022
1259,NIFTY MIDSMALL 400,Belrise Industries Ltd.,BELRISE,Auto Ancillary,INE894V01022
1260,NIFTY MIDSMALL 400,Berger Paints India Ltd.,BERGEPAINT,Paints,INE463A01038
1261,NIFTY MIDSMALL 400,Bharat Dynamics Ltd.,BDL,Defence,INE171Z01026
1262,NIFTY MIDSMALL 400,Bharat Forge Ltd.,BHARATFORG,Forgings,INE465A01025
1263,NIFTY MIDSMALL 400,Bharat Heavy Electricals Ltd.,BHEL,Engineering - Industrial Equipments,INE257A01026
1264,NIFTY MIDSMALL 400,Bharti Hexacom Ltd.,BHARTIHEXA,Telecommunication - Service  Provider,INE343G01021
1265,NIFTY MIDSMALL 400,Bikaji Foods International Ltd.,BIKAJI,Consumer Food,INE00E101023
1266,NIFTY MIDSMALL 400,Billionbrains Garage Ventures Ltd.,GROWW,Finance - Stock Broking,INE0HOQ01053
1267,NIFTY MIDSMALL 400,Biocon Ltd.,BIOCON,Pharmaceuticals & Drugs,INE376G01013
1268,NIFTY MIDSMALL 400,Birlasoft Ltd.,BSOFT,IT - Software,INE836A01035
1269,NIFTY MIDSMALL 400,Blue Dart Express Ltd.,BLUEDART,Courier  Services,INE233B01017
1270,NIFTY MIDSMALL 400,Blue Jet Healthcare Ltd.,BLUEJET,Pharmaceuticals & Drugs,INE0KBH01020
1271,NIFTY MIDSMALL 400,Blue Star Ltd.,BLUESTARCO,Air Conditioners,INE472A01039
1272,NIFTY MIDSMALL 400,Bombay Burmah Trading Corporation Ltd.,BBTC,Agriculture,INE050A01025
1273,NIFTY MIDSMALL 400,Brainbees Solutions Ltd.,FIRSTCRY,e-Commerce,INE02RE01045
1274,NIFTY MIDSMALL 400,Brigade Enterprises Ltd.,BRIGADE,Construction - Real Estate,INE791I01019
1275,NIFTY MIDSMALL 400,C.E. Info Systems Ltd.,MAPMYINDIA,IT - Software,INE0BV301023
1276,NIFTY MIDSMALL 400,CCL Products (I) Ltd.,CCL,Tea/Coffee,INE421D01022
1277,NIFTY MIDSMALL 400,CESC Ltd.,CESC,Power Generation/Distribution,INE486A01021
1278,NIFTY MIDSMALL 400,CRISIL Ltd.,CRISIL,Ratings,INE007A01025
1279,NIFTY MIDSMALL 400,Can Fin Homes Ltd.,CANFINHOME,Finance - Housing,INE477A01020
1280,NIFTY MIDSMALL 400,Canara HSBC Life Insurance Company Ltd.,CANHLIFE,Insurance,INE01TY01017
1281,NIFTY MIDSMALL 400,Caplin Point Laboratories Ltd.,CAPLIPOINT,Pharmaceuticals & Drugs,INE475E01026
1282,NIFTY MIDSMALL 400,Capri Global Capital Ltd.,CGCL,Finance - Investment,INE180C01042
1283,NIFTY MIDSMALL 400,Carborundum Universal Ltd.,CARBORUNIV,Abrasives,INE120A01034
1284,NIFTY MIDSMALL 400,Cartrade Tech Ltd.,CARTRADE,e-Commerce,INE290S01011
1285,NIFTY MIDSMALL 400,Castrol India Ltd.,CASTROLIND,Lubricants,INE172A01027
1286,NIFTY MIDSMALL 400,Ceat Ltd.,CEATLTD,Tyres & Allied,INE482A01020
1287,NIFTY MIDSMALL 400,Cemindia Projects Ltd.,CEMPRO,Engineering - Construction,INE686A01026
1288,NIFTY MIDSMALL 400,Central Bank of India,CENTRALBK,NIFTY PRIVATE BANK,INE483A01010
1289,NIFTY MIDSMALL 400,Central Depository Services (India) Ltd.,CDSL,Depository Services,INE736A01011
1290,NIFTY MIDSMALL 400,Chalet Hotels Ltd.,CHALET,"Hotel, Resort & Restaurants",INE427F01016
1291,NIFTY MIDSMALL 400,Chambal Fertilizers & Chemicals Ltd.,CHAMBLFERT,Fertilizers,INE085A01013
1292,NIFTY MIDSMALL 400,Chennai Petroleum Corporation Ltd.,CHENNPETRO,Refineries,INE178A01016
1293,NIFTY MIDSMALL 400,Choice International Ltd.,CHOICEIN,Finance - Stock Broking,INE102B01014
1294,NIFTY MIDSMALL 400,Cholamandalam Financial Holdings Ltd.,CHOLAHLDNG,Finance - Investment,INE149A01033
1295,NIFTY MIDSMALL 400,City Union Bank Ltd.,CUB,NIFTY PRIVATE BANK,INE491A01021
1296,NIFTY MIDSMALL 400,Clean Science and Technology Ltd.,CLEAN,Chemicals,INE227W01023
1297,NIFTY MIDSMALL 400,Cochin Shipyard Ltd.,COCHINSHIP,Ship Building,INE704P01025
1298,NIFTY MIDSMALL 400,Coforge Ltd.,COFORGE,IT - Software,INE591G01025
1299,NIFTY MIDSMALL 400,Cohance Lifesciences Ltd.,COHANCE,Pharmaceuticals & Drugs,INE03QK01018
1300,NIFTY MIDSMALL 400,Colgate Palmolive (India) Ltd.,COLPAL,Household & Personal Products,INE259A01022
1301,NIFTY MIDSMALL 400,Computer Age Management Services Ltd.,CAMS,Depository Services,INE596I01020
1302,NIFTY MIDSMALL 400,Concord Biotech Ltd.,CONCORDBIO,Pharmaceuticals & Drugs,INE338H01029
1303,NIFTY MIDSMALL 400,Container Corporation of India Ltd.,CONCOR,Logistics,INE111A01025
1304,NIFTY MIDSMALL 400,Coromandel International Ltd.,COROMANDEL,Fertilizers,INE169A01031
1305,NIFTY MIDSMALL 400,Craftsman Automation Ltd.,CRAFTSMAN,Auto Ancillary,INE00LO01017
1306,NIFTY MIDSMALL 400,CreditAccess Grameen Ltd.,CREDITACC,Finance - NBFC,INE741K01010
1307,NIFTY MIDSMALL 400,Crompton Greaves Consumer Electricals Ltd.,CROMPTON,Consumer Durables - Domestic Appliances,INE299U01018
1308,NIFTY MIDSMALL 400,Cyient Ltd.,CYIENT,IT - Software,INE136B01020
1309,NIFTY MIDSMALL 400,DCM Shriram Ltd.,DCMSHRIRAM,Diversified,INE499A01024
1310,NIFTY MIDSMALL 400,DOMS Industries Ltd.,DOMS,Printing & Stationery,INE321T01012
1311,NIFTY MIDSMALL 400,Dabur India Ltd.,DABUR,Household & Personal Products,INE016A01026
1312,NIFTY MIDSMALL 400,Dalmia Bharat Ltd.,DALBHARAT,Cement & Construction Materials,INE00R701025
1313,NIFTY MIDSMALL 400,Data Patterns (India) Ltd.,DATAPATTNS,Defence,INE0IX101010
1314,NIFTY MIDSMALL 400,Deepak Fertilisers & Petrochemicals Corp. Ltd.,DEEPAKFERT,Chemicals,INE501A01019
1315,NIFTY MIDSMALL 400,Deepak Nitrite Ltd.,DEEPAKNTR,Chemicals,INE288B01029
1316,NIFTY MIDSMALL 400,Delhivery Ltd.,DELHIVERY,Courier  Services,INE148O01028
1317,NIFTY MIDSMALL 400,Devyani International Ltd.,DEVYANI,Consumer Food,INE872J01023
1318,NIFTY MIDSMALL 400,Dixon Technologies (India) Ltd.,DIXON,Consumer Durables - Electronics,INE935N01020
1319,NIFTY MIDSMALL 400,Dr. Lal Path Labs Ltd.,LALPATHLAB,Hospital & Healthcare Services,INE600L01024
1320,NIFTY MIDSMALL 400,E.I.D. Parry (India) Ltd.,EIDPARRY,Sugar,INE126A01031
1321,NIFTY MIDSMALL 400,EIH Ltd.,EIHOTEL,"Hotel, Resort & Restaurants",INE230A01023
1322,NIFTY MIDSMALL 400,Elecon Engineering Co. Ltd.,ELECON,Engineering - Industrial Equipments,INE205B01031
1323,NIFTY MIDSMALL 400,Elgi Equipments Ltd.,ELGIEQUIP,Compressors / Pumps,INE285A01027
1324,NIFTY MIDSMALL 400,Emami Ltd.,EMAMILTD,Household & Personal Products,INE548C01032
1325,NIFTY MIDSMALL 400,Emcure Pharmaceuticals Ltd.,EMCURE,Pharmaceuticals & Drugs,INE168P01015
1326,NIFTY MIDSMALL 400,Emmvee Photovoltaic Power Ltd.,EMMVEE,Electric Equipment,INE1C6T01020
1327,NIFTY MIDSMALL 400,Endurance Technologies Ltd.,ENDURANCE,Auto Ancillary,INE913H01037
1328,NIFTY MIDSMALL 400,Engineers India Ltd.,ENGINERSIN,Engineering,INE510A01028
1329,NIFTY MIDSMALL 400,Eris Lifesciences Ltd.,ERIS,Pharmaceuticals & Drugs,INE406M01024
1330,NIFTY MIDSMALL 400,Escorts Kubota Ltd.,ESCORTS,Automobiles-Tractors,INE042A01014
1331,NIFTY MIDSMALL 400,Exide Industries Ltd.,EXIDEIND,Batteries,INE302A01020
1332,NIFTY MIDSMALL 400,FSN E-Commerce Ventures Ltd.,NYKAA,e-Commerce,INE388Y01029
1333,NIFTY MIDSMALL 400,Federal Bank Ltd.,FEDERALBNK,NIFTY PRIVATE BANK,INE171A01029
1334,NIFTY MIDSMALL 400,Fertilisers and Chemicals Travancore Ltd.,FACT,Fertilizers,INE188A01015
1335,NIFTY MIDSMALL 400,Finolex Cables Ltd.,FINCABLES,Cable,INE235A01022
1336,NIFTY MIDSMALL 400,Firstsource Solutions Ltd.,FSL,BPO/ITeS,INE684F01012
1337,NIFTY MIDSMALL 400,Five-Star Business Finance Ltd.,FIVESTAR,Finance - NBFC,INE128S01021
1338,NIFTY MIDSMALL 400,Force Motors Ltd.,FORCEMOT,Automobiles-Trucks/Lcv,INE451A01017
1339,NIFTY MIDSMALL 400,Fortis Healthcare Ltd.,FORTIS,Hospital & Healthcare Services,INE061F01013
1340,NIFTY MIDSMALL 400,GE Vernova T&D India Ltd.,GVT&D,Electric Equipment,INE200A01026
1341,NIFTY MIDSMALL 400,GMR Airports Ltd.,GMRAIRPORT,Airport Management Services,INE776C01039
1342,NIFTY MIDSMALL 400,Gabriel India Ltd.,GABRIEL,Auto Ancillary,INE524A01029
1343,NIFTY MIDSMALL 400,Gallantt Ispat Ltd.,GALLANTT,Steel & Iron Products,INE297H01019
1344,NIFTY MIDSMALL 400,Garden Reach Shipbuilders & Engineers Ltd.,GRSE,Ship Building,INE382Z01011
1345,NIFTY MIDSMALL 400,General Insurance Corporation of India,GICRE,Insurance,INE481Y01014
1346,NIFTY MIDSMALL 400,Gillette India Ltd.,GILLETTE,Household & Personal Products,INE322A01010
1347,NIFTY MIDSMALL 400,Gland Pharma Ltd.,GLAND,Pharmaceuticals & Drugs,INE068V01023
1348,NIFTY MIDSMALL 400,Glaxosmithkline Pharmaceuticals Ltd.,GLAXO,Pharmaceuticals & Drugs,INE159A01016
1349,NIFTY MIDSMALL 400,Glenmark Pharmaceuticals Ltd.,GLENMARK,Pharmaceuticals & Drugs,INE935A01035
1350,NIFTY MIDSMALL 400,Global Health Ltd.,MEDANTA,Hospital & Healthcare Services,INE474Q01031
1351,NIFTY MIDSMALL 400,Go Digit General Insurance Ltd.,GODIGIT,Insurance,INE03JT01014
1352,NIFTY MIDSMALL 400,Godawari Power & Ispat Ltd.,GPIL,Steel & Iron Products,INE177H01039
1353,NIFTY MIDSMALL 400,Godfrey Phillips India Ltd.,GODFRYPHLP,Cigarettes/Tobacco,INE260B01028
1354,NIFTY MIDSMALL 400,Godrej Industries Ltd.,GODREJIND,Chemicals,INE233A01035
1355,NIFTY MIDSMALL 400,Godrej Properties Ltd.,GODREJPROP,Construction - Real Estate,INE484J01027
1356,NIFTY MIDSMALL 400,Granules India Ltd.,GRANULES,Pharmaceuticals & Drugs,INE101D01020
1357,NIFTY MIDSMALL 400,Graphite India Ltd.,GRAPHITE,Electrodes & Welding Equipment,INE371A01025
1358,NIFTY MIDSMALL 400,Gravita India Ltd.,GRAVITA,Metal - Non Ferrous,INE024L01027
1359,NIFTY MIDSMALL 400,Great Eastern Shipping Co. Ltd.,GESHIP,Shipping,INE017A01032
1360,NIFTY MIDSMALL 400,Gujarat Fluorochemicals Ltd.,FLUOROCHEM,Chemicals,INE09N301011
1361,NIFTY MIDSMALL 400,Gujarat Mineral Development Corporation Ltd.,GMDCLTD,Mining & Minerals,INE131A01031
1362,NIFTY MIDSMALL 400,Gujarat State Petronet Ltd.,GSPL,Gas Transmission/Marketing,INE246F01010
1363,NIFTY MIDSMALL 400,H.E.G. Ltd.,HEG,Electrodes & Welding Equipment,INE545A01024
1364,NIFTY MIDSMALL 400,HBL Engineering Ltd.,HBLENGINE,Batteries,INE292B01021
1365,NIFTY MIDSMALL 400,HDB Financial Services Ltd.,HDBFS,Finance - NBFC,INE756I01012
1366,NIFTY MIDSMALL 400,HFCL Ltd.,HFCL,Telecom-Infrastructure,INE548A01028
1367,NIFTY MIDSMALL 400,Havells India Ltd.,HAVELLS,Electric Equipment,INE176B01034
1368,NIFTY MIDSMALL 400,Hero MotoCorp Ltd.,HEROMOTOCO,Automobile Two & Three Wheelers,INE158A01026
1369,NIFTY MIDSMALL 400,Hexaware Technologies Ltd.,HEXT,IT - Software,INE093A01041
1370,NIFTY MIDSMALL 400,Himadri Speciality Chemical Ltd.,HSCL,Chemicals,INE019C01026
1371,NIFTY MIDSMALL 400,Hindustan Copper Ltd.,HINDCOPPER,Metal - Non Ferrous,INE531E01026
1372,NIFTY MIDSMALL 400,Hindustan Petroleum Corporation Ltd.,HINDPETRO,Refineries,INE094A01015
1373,NIFTY MIDSMALL 400,Hitachi Energy India Ltd.,POWERINDIA,Electric Equipment,INE07Y701011
1374,NIFTY MIDSMALL 400,Home First Finance Company India Ltd.,HOMEFIRST,Finance - Housing,INE481N01025
1375,NIFTY MIDSMALL 400,Honasa Consumer Ltd.,HONASA,Trading,INE0J5401028
1376,NIFTY MIDSMALL 400,Honeywell Automation India Ltd.,HONAUT,Consumer Durables - Electronics,INE671A01010
1377,NIFTY MIDSMALL 400,Housing & Urban Development Corporation Ltd.,HUDCO,Finance - Housing,INE031A01017
1378,NIFTY MIDSMALL 400,ICICI Lombard General Insurance Company Ltd.,ICICIGI,Insurance,INE765G01017
1379,NIFTY MIDSMALL 400,ICICI Prudential Asset Management Company Ltd.,ICICIAMC,Finance - Asset Management,INE346A01027
1380,NIFTY MIDSMALL 400,ICICI Prudential Life Insurance Company Ltd.,ICICIPRULI,Insurance,INE726G01019
1381,NIFTY MIDSMALL 400,IDBI Bank Ltd.,IDBI,NIFTY PRIVATE BANK,INE008A01015
1382,NIFTY MIDSMALL 400,IDFC First Bank Ltd.,IDFCFIRSTB,NIFTY PRIVATE BANK,INE092T01019
1383,NIFTY MIDSMALL 400,IFCI Ltd.,IFCI,Finance Term Lending,INE039A01010
1384,NIFTY MIDSMALL 400,IIFL Finance Ltd.,IIFL,Finance - Investment,INE530B01024
1385,NIFTY MIDSMALL 400,IRB Infrastructure Developers Ltd.,IRB,Engineering - Construction,INE821I01022
1386,NIFTY MIDSMALL 400,IRCON International Ltd.,IRCON,Engineering - Construction,INE962Y01021
1387,NIFTY MIDSMALL 400,ITC Hotels Ltd.,ITCHOTELS,"Hotel, Resort & Restaurants",INE379A01028
1388,NIFTY MIDSMALL 400,ITI Ltd.,ITI,Telecommunication - Equipment,INE248A01017
1389,NIFTY MIDSMALL 400,Indegene Ltd.,INDGN,Pharmaceuticals & Drugs,INE065X01017
1390,NIFTY MIDSMALL 400,India Cements Ltd.,INDIACEM,Cement & Construction Materials,INE383A01012
1391,NIFTY MIDSMALL 400,Indiamart Intermesh Ltd.,INDIAMART,e-Commerce,INE933S01016
1392,NIFTY MIDSMALL 400,Indian Bank,INDIANB,NIFTY PRIVATE BANK,INE562A01011
1393,NIFTY MIDSMALL 400,Indian Energy Exchange Ltd.,IEX,Power Generation/Distribution,INE022Q01020
1394,NIFTY MIDSMALL 400,Indian Overseas Bank,IOB,NIFTY PRIVATE BANK,INE565A01014
1395,NIFTY MIDSMALL 400,Indian Railway Catering And Tourism Corporation Ltd.,IRCTC,Travel Services,INE335Y01020
1396,NIFTY MIDSMALL 400,Indian Renewable Energy Development Agency Ltd.,IREDA,Finance - NBFC,INE202E01016
1397,NIFTY MIDSMALL 400,Indraprastha Gas Ltd.,IGL,Gas Transmission/Marketing,INE203G01027
1398,NIFTY MIDSMALL 400,Indus Towers Ltd.,INDUSTOWER,Telecommunication - Service  Provider,INE121J01017
1399,NIFTY MIDSMALL 400,IndusInd Bank Ltd.,INDUSINDBK,NIFTY PRIVATE BANK,INE095A01012
1400,NIFTY MIDSMALL 400,Info Edge (India) Ltd.,NAUKRI,BPO/ITeS,INE663F01032
1401,NIFTY MIDSMALL 400,Inox Wind Ltd.,INOXWIND,Electric Equipment,INE066P01011
1402,NIFTY MIDSMALL 400,Intellect Design Arena Ltd.,INTELLECT,IT - Software,INE306R01017
1403,NIFTY MIDSMALL 400,International Gemmological Institute (India) Ltd.,IGIL,Business Support,INE0Q9301021
1404,NIFTY MIDSMALL 400,Inventurus Knowledge Solutions Ltd.,IKS,BPO/ITeS,INE115Q01022
1405,NIFTY MIDSMALL 400,Ipca Laboratories Ltd.,IPCALAB,Pharmaceuticals & Drugs,INE571A01038
1406,NIFTY MIDSMALL 400,J.B. Chemicals & Pharmaceuticals Ltd.,JBCHEPHARM,Pharmaceuticals & Drugs,INE572A01036
1407,NIFTY MIDSMALL 400,J.K. Cement Ltd.,JKCEMENT,Cement & Construction Materials,INE823G01014
1408,NIFTY MIDSMALL 400,JBM Auto Ltd.,JBMA,Auto Ancillary,INE927D01051
1409,NIFTY MIDSMALL 400,JK Tyre & Industries Ltd.,JKTYRE,Tyres & Allied,INE573A01042
1410,NIFTY MIDSMALL 400,JM Financial Ltd.,JMFINANCIL,Finance - Investment,INE780C01023
1411,NIFTY MIDSMALL 400,JSW Cement Ltd.,JSWCEMENT,Cement & Construction Materials,INE718I01012
1412,NIFTY MIDSMALL 400,JSW Energy Ltd.,JSWENERGY,Power Generation/Distribution,INE121E01018
1413,NIFTY MIDSMALL 400,JSW Infrastructure Ltd.,JSWINFRA,Port,INE880J01026
1414,NIFTY MIDSMALL 400,Jain Resource Recycling Ltd.,JAINREC,Metal - Non Ferrous,INE0YD401026
1415,NIFTY MIDSMALL 400,Jaiprakash Power Ventures Ltd.,JPPOWER,Power Generation/Distribution,INE351F01018
1416,NIFTY MIDSMALL 400,Jammu & Kashmir Bank Ltd.,J&KBANK,NIFTY PRIVATE BANK,INE168A01041
1417,NIFTY MIDSMALL 400,Jindal Saw Ltd.,JINDALSAW,Steel & Iron Products,INE324A01032
1418,NIFTY MIDSMALL 400,Jindal Stainless Ltd.,JSL,Steel & Iron Products,INE220G01021
1419,NIFTY MIDSMALL 400,Jubilant Foodworks Ltd.,JUBLFOOD,Consumer Food,INE797F01020
1420,NIFTY MIDSMALL 400,Jubilant Ingrevia Ltd.,JUBLINGREA,Chemicals,INE0BY001018
1421,NIFTY MIDSMALL 400,Jubilant Pharmova Ltd.,JUBLPHARMA,Pharmaceuticals & Drugs,INE700A01033
1422,NIFTY MIDSMALL 400,Jupiter Wagons Ltd.,JWL,Railways Wagons,INE209L01016
1423,NIFTY MIDSMALL 400,Jyoti CNC Automation Ltd.,JYOTICNC,Engineering - Industrial Equipments,INE980O01024
1424,NIFTY MIDSMALL 400,K.P.R. Mill Ltd.,KPRMILL,Textile,INE930H01031
1425,NIFTY MIDSMALL 400,KEI Industries Ltd.,KEI,Cable,INE878B01027
1426,NIFTY MIDSMALL 400,KPIT Technologies Ltd.,KPITTECH,IT - Software,INE04I401011
1427,NIFTY MIDSMALL 400,Kajaria Ceramics Ltd.,KAJARIACER,Ceramics/Marble/Granite/Sanitaryware,INE217B01036
1428,NIFTY MIDSMALL 400,Kalpataru Projects International Ltd.,KPIL,Engineering - Construction,INE220B01022
1429,NIFTY MIDSMALL 400,Kalyan Jewellers India Ltd.,KALYANKJIL,Diamond  &  Jewellery,INE303R01014
1430,NIFTY MIDSMALL 400,Karur Vysya Bank Ltd.,KARURVYSYA,NIFTY PRIVATE BANK,INE036D01028
1431,NIFTY MIDSMALL 400,Kaynes Technology India Ltd.,KAYNES,Electronics - Components,INE918Z01012
1432,NIFTY MIDSMALL 400,Kec International Ltd.,KEC,Engineering - Construction,INE389H01022
1433,NIFTY MIDSMALL 400,Kfin Technologies Ltd.,KFINTECH,Depository Services,INE138Y01010
1434,NIFTY MIDSMALL 400,Kirloskar Oil Eng Ltd.,KIRLOSENG,Engineering - Industrial Equipments,INE146L01010
1435,NIFTY MIDSMALL 400,Krishna Institute of Medical Sciences Ltd.,KIMS,Hospital & Healthcare Services,INE967H01025
1436,NIFTY MIDSMALL 400,L&T Finance Ltd.,LTF,Finance - NBFC,INE498L01015
1437,NIFTY MIDSMALL 400,L&T Technology Services Ltd.,LTTS,IT - Software,INE010V01017
1438,NIFTY MIDSMALL 400,LG Electronics India Ltd.,LGEINDIA,Consumer Durables - Domestic Appliances,INE324D01010
1439,NIFTY MIDSMALL 400,LIC Housing Finance Ltd.,LICHSGFIN,Finance - Housing,INE115A01026
1440,NIFTY MIDSMALL 400,LT Foods Ltd.,LTFOODS,Consumer Food,INE818H01020
1441,NIFTY MIDSMALL 400,Latent View Analytics Ltd.,LATENTVIEW,Business Support,INE0I7C01011
1442,NIFTY MIDSMALL 400,Laurus Labs Ltd.,LAURUSLABS,Pharmaceuticals & Drugs,INE947Q01028
1443,NIFTY MIDSMALL 400,Leela Palaces Hotels & Resorts Ltd.,THELEELA,"Hotel, Resort & Restaurants",INE0AQ201015
1444,NIFTY MIDSMALL 400,Lemon Tree Hotels Ltd.,LEMONTREE,"Hotel, Resort & Restaurants",INE970X01018
1445,NIFTY MIDSMALL 400,Lenskart Solutions Ltd.,LENSKART,Retailing,INE956O01016
1446,NIFTY MIDSMALL 400,Life Insurance Corporation of India,LICI,Insurance,INE0J1Y01017
1447,NIFTY MIDSMALL 400,Linde India Ltd.,LINDEINDIA,Industrial  Gases & Fuels,INE473A01011
1448,NIFTY MIDSMALL 400,Lloyds Metals And Energy Ltd.,LLOYDSME,Steel/Sponge Iron/Pig Iron,INE281B01032
1449,NIFTY MIDSMALL 400,Lupin Ltd.,LUPIN,Pharmaceuticals & Drugs,INE326A01037
1450,NIFTY MIDSMALL 400,MMTC Ltd.,MMTC,Trading,INE123F01029
1451,NIFTY MIDSMALL 400,MRF Ltd.,MRF,Tyres & Allied,INE883A01011
1452,NIFTY MIDSMALL 400,Mahanagar Gas Ltd.,MGL,Gas Transmission/Marketing,INE002S01010
1453,NIFTY MIDSMALL 400,Mahindra & Mahindra Financial Services Ltd.,M&MFIN,Finance - NBFC,INE774D01024
1454,NIFTY MIDSMALL 400,Manappuram Finance Ltd.,MANAPPURAM,Finance - NBFC,INE522D01027
1455,NIFTY MIDSMALL 400,Mangalore Refinery & Petrochemicals Ltd.,MRPL,Refineries,INE103A01014
1456,NIFTY MIDSMALL 400,Mankind Pharma Ltd.,MANKIND,Pharmaceuticals & Drugs,INE634S01028
1457,NIFTY MIDSMALL 400,Marico Ltd.,MARICO,Consumer Food,INE196A01026
1458,NIFTY MIDSMALL 400,Max Financial Services Ltd.,MFSL,Finance - Others,INE180A01020
1459,NIFTY MIDSMALL 400,Meesho Ltd.,MEESHO,e-Commerce,INE0VDM01015
1460,NIFTY MIDSMALL 400,Minda Corporation Ltd.,MINDACORP,Auto Ancillary,INE842C01021
1461,NIFTY MIDSMALL 400,Motherson Sumi Wiring India Ltd.,MSUMI,Steel & Iron Products,INE0FS801015
1462,NIFTY MIDSMALL 400,Motilal Oswal Financial Services Ltd.,MOTILALOFS,Finance - Stock Broking,INE338I01027
1463,NIFTY MIDSMALL 400,MphasiS Ltd.,MPHASIS,IT - Software,INE356A01018
1464,NIFTY MIDSMALL 400,Multi Commodity Exchange of India Ltd.,MCX,Finance - Stock Broking,INE745G01043
1465,NIFTY MIDSMALL 400,NATCO Pharma Ltd.,NATCOPHARM,Pharmaceuticals & Drugs,INE987B01026
1466,NIFTY MIDSMALL 400,NBCC (India) Ltd.,NBCC,Construction - Real Estate,INE095N01031
1467,NIFTY MIDSMALL 400,NCC Ltd.,NCC,Engineering - Construction,INE868B01028
1468,NIFTY MIDSMALL 400,NHPC Ltd.,NHPC,Power Generation/Distribution,INE848E01016
1469,NIFTY MIDSMALL 400,NLC India Ltd.,NLCINDIA,Power Generation/Distribution,INE589A01014
1470,NIFTY MIDSMALL 400,NMDC Ltd.,NMDC,Mining & Minerals,INE584A01023
1471,NIFTY MIDSMALL 400,NMDC Steel Ltd.,NSLNISP,Steel & Iron Products,INE0NNS01018
1472,NIFTY MIDSMALL 400,NTPC Green Energy Ltd.,NTPCGREEN,Power Generation/Distribution,INE0ONG01011
1473,NIFTY MIDSMALL 400,Narayana Hrudayalaya Ltd.,NH,Hospital & Healthcare Services,INE410P01011
1474,NIFTY MIDSMALL 400,National Aluminium Co. Ltd.,NATIONALUM,Aluminium & Aluminium Products,INE139A01034
1475,NIFTY MIDSMALL 400,Nava Ltd.,NAVA,Power Generation/Distribution,INE725A01030
1476,NIFTY MIDSMALL 400,Navin Fluorine International Ltd.,NAVINFLUOR,Chemicals,INE048G01026
1477,NIFTY MIDSMALL 400,Netweb Technologies India Ltd.,NETWEB,IT - Hardware,INE0NT901020
1478,NIFTY MIDSMALL 400,Neuland Laboratories Ltd.,NEULANDLAB,Pharmaceuticals & Drugs,INE794A01010
1479,NIFTY MIDSMALL 400,Newgen Software Technologies Ltd.,NEWGEN,IT - Software,INE619B01017
1480,NIFTY MIDSMALL 400,Nippon Life India Asset Management Ltd.,NAM-INDIA,Finance - Asset Management,INE298J01013
1481,NIFTY MIDSMALL 400,Niva Bupa Health Insurance Company Ltd.,NIVABUPA,Insurance,INE995S01015
1482,NIFTY MIDSMALL 400,Nuvama Wealth Management Ltd.,NUVAMA,Finance - Others,INE531F01023
1483,NIFTY MIDSMALL 400,Nuvoco Vistas Corporation Ltd.,NUVOCO,Cement & Construction Materials,INE118D01016
1484,NIFTY MIDSMALL 400,Oberoi Realty Ltd.,OBEROIRLTY,Construction - Real Estate,INE093I01010
1485,NIFTY MIDSMALL 400,Oil India Ltd.,OIL,Oil Exploration,INE274J01014
1486,NIFTY MIDSMALL 400,Ola Electric Mobility Ltd.,OLAELEC,Automobile Two & Three Wheelers,INE0LXG01040
1487,NIFTY MIDSMALL 400,Olectra Greentech Ltd.,OLECTRA,Automobiles-Trucks/Lcv,INE260D01016
1488,NIFTY MIDSMALL 400,One 97 Communications Ltd.,PAYTM,Fintech,INE982J01020
1489,NIFTY MIDSMALL 400,Onesource Specialty Pharma Ltd.,ONESOURCE,Pharmaceuticals & Drugs,INE013P01021
1490,NIFTY MIDSMALL 400,Oracle Financial Services Software Ltd.,OFSS,IT - Software,INE881D01027
1491,NIFTY MIDSMALL 400,PB Fintech Ltd.,POLICYBZR,Fintech,INE417T01026
1492,NIFTY MIDSMALL 400,PCBL Chemical Ltd.,PCBL,Carbon Black,INE602A01031
1493,NIFTY MIDSMALL 400,PG Electroplast Ltd.,PGEL,Consumer Durables - Domestic Appliances,INE457L01029
1494,NIFTY MIDSMALL 400,PI Industries Ltd.,PIIND,Pesticides & Agrochemicals,INE603J01030
1495,NIFTY MIDSMALL 400,PNB Housing Finance Ltd.,PNBHOUSING,Finance - Housing,INE572E01012
1496,NIFTY MIDSMALL 400,PTC Industries Ltd.,PTCIL,Castings/Forgings,INE596F01018
1497,NIFTY MIDSMALL 400,PVR INOX Ltd.,PVRINOX,"Film Production, Distribution & Entertainment",INE191H01014
1498,NIFTY MIDSMALL 400,Page Industries Ltd.,PAGEIND,Textile,INE761H01022
1499,NIFTY MIDSMALL 400,Paradeep Phosphates Ltd.,PARADEEP,Fertilizers,INE088F01024
1500,NIFTY MIDSMALL 400,Patanjali Foods Ltd.,PATANJALI,Edible Oil,INE619A01035
1501,NIFTY MIDSMALL 400,Persistent Systems Ltd.,PERSISTENT,IT - Software,INE262H01021
1502,NIFTY MIDSMALL 400,Petronet LNG Ltd.,PETRONET,Industrial  Gases & Fuels,INE347G01014
1503,NIFTY MIDSMALL 400,Pfizer Ltd.,PFIZER,Pharmaceuticals & Drugs,INE182A01018
1504,NIFTY MIDSMALL 400,Phoenix Mills Ltd.,PHOENIXLTD,Construction - Real Estate,INE211B01039
1506,NIFTY MIDSMALL 400,Pine Labs Ltd.,PINELABS,Fintech,INE15B701018
1507,NIFTY MIDSMALL 400,Piramal Finance Ltd.,PIRAMALFIN,Finance - Housing,INE202B01038
1508,NIFTY MIDSMALL 400,Piramal Pharma Ltd.,PPLPHARMA,Pharmaceuticals & Drugs,INE0DK501011
1509,NIFTY MIDSMALL 400,Poly Medicure Ltd.,POLYMED,Medical Equipment/Supplies/Accessories,INE205C01021
1510,NIFTY MIDSMALL 400,Polycab India Ltd.,POLYCAB,Cable,INE455K01017
1511,NIFTY MIDSMALL 400,Poonawalla Fincorp Ltd.,POONAWALLA,Finance - NBFC,INE511C01022
1512,NIFTY MIDSMALL 400,Premier Energies Ltd.,PREMIERENE,Electronics - Components,INE0BS701011
1513,NIFTY MIDSMALL 400,Prestige Estates Projects Ltd.,PRESTIGE,Construction - Real Estate,INE811K01011
1514,NIFTY MIDSMALL 400,R R Kabel Ltd.,RRKABEL,Cable,INE777K01022
1515,NIFTY MIDSMALL 400,RBL Bank Ltd.,RBLBANK,NIFTY PRIVATE BANK,INE976G01028
1516,NIFTY MIDSMALL 400,RHI MAGNESITA INDIA LTD.,RHIM,Refractories,INE743M01012
1517,NIFTY MIDSMALL 400,RITES Ltd.,RITES,Engineering Consultancy,INE320J01015
1518,NIFTY MIDSMALL 400,Radico Khaitan Ltd,RADICO,Breweries & Distilleries,INE944F01028
1519,NIFTY MIDSMALL 400,Rail Vikas Nigam Ltd.,RVNL,Engineering - Construction,INE415G01027
1520,NIFTY MIDSMALL 400,Railtel Corporation Of India Ltd.,RAILTEL,Telecommunication - Service  Provider,INE0DD101019
1521,NIFTY MIDSMALL 400,Rainbow Childrens Medicare Ltd.,RAINBOW,Hospital & Healthcare Services,INE961O01016
1522,NIFTY MIDSMALL 400,Ramkrishna Forgings Ltd.,RKFORGE,Forgings,INE399G01023
1523,NIFTY MIDSMALL 400,Redington Ltd.,REDINGTON,Trading,INE891D01026
1524,NIFTY MIDSMALL 400,Reliance Power Ltd.,RPOWER,Power Generation/Distribution,INE614G01033
1525,NIFTY MIDSMALL 400,SBFC Finance Ltd.,SBFC,Finance - NBFC,INE423Y01016
1526,NIFTY MIDSMALL 400,SBI Cards and Payment Services Ltd.,SBICARD,Finance - NBFC,INE018E01016
1527,NIFTY MIDSMALL 400,SJVN Ltd.,SJVN,Power Generation/Distribution,INE002L01015
1528,NIFTY MIDSMALL 400,SRF Ltd.,SRF,Chemicals,INE647A01010
1529,NIFTY MIDSMALL 400,Sagility Ltd.,SAGILITY,Business Support,INE0W2G01015
1530,NIFTY MIDSMALL 400,Sai Life Sciences Ltd.,SAILIFE,Pharmaceuticals & Drugs,INE570L01029
1531,NIFTY MIDSMALL 400,Sammaan Capital Ltd.,SAMMAANCAP,Finance - Housing,INE148I01020
1532,NIFTY MIDSMALL 400,Sapphire Foods India Ltd.,SAPPHIRE,Consumer Food,INE806T01020
1533,NIFTY MIDSMALL 400,Sarda Energy and Minerals Ltd.,SARDAEN,Steel & Iron Products,INE385C01021
1534,NIFTY MIDSMALL 400,Saregama India Ltd,SAREGAMA,"Film Production, Distribution & Entertainment",INE979A01025
1535,NIFTY MIDSMALL 400,Schaeffler India Ltd.,SCHAEFFLER,Bearings,INE513A01022
1536,NIFTY MIDSMALL 400,Schneider Electric Infrastructure Ltd.,SCHNEIDER,Electric Equipment,INE839M01018
1537,NIFTY MIDSMALL 400,Shipping Corporation of India Ltd.,SCI,Shipping,INE109A01011
1538,NIFTY MIDSMALL 400,Shyam Metalics and Energy Ltd.,SHYAMMETL,Steel & Iron Products,INE810G01011
1539,NIFTY MIDSMALL 400,Signatureglobal (India) Ltd.,SIGNATURE,Construction - Real Estate,INE903U01023
1540,NIFTY MIDSMALL 400,Sobha Ltd.,SOBHA,Construction - Real Estate,INE671H01015
1541,NIFTY MIDSMALL 400,Sona BLW Precision Forgings Ltd.,SONACOMS,Auto Ancillary,INE073K01018
1542,NIFTY MIDSMALL 400,Sonata Software Ltd.,SONATSOFTW,IT - Software,INE269A01021
1543,NIFTY MIDSMALL 400,Star Health and Allied Insurance Company Ltd.,STARHEALTH,Insurance,INE575P01011
1544,NIFTY MIDSMALL 400,Steel Authority of India Ltd.,SAIL,Steel & Iron Products,INE114A01011
1545,NIFTY MIDSMALL 400,Sumitomo Chemical India Ltd.,SUMICHEM,Pesticides & Agrochemicals,INE258G01013
1546,NIFTY MIDSMALL 400,Sun TV Network Ltd.,SUNTV,TV Broadcasting & Software Production,INE424H01027
1547,NIFTY MIDSMALL 400,Sundaram Finance Ltd.,SUNDARMFIN,Finance - NBFC,INE660A01013
1548,NIFTY MIDSMALL 400,Supreme Industries Ltd.,SUPREMEIND,Plastic Products,INE195A01028
1549,NIFTY MIDSMALL 400,Supreme Petrochem Ltd.,SPLPETRO,Chemicals,INE663A01033
1550,NIFTY MIDSMALL 400,Suzlon Energy Ltd.,SUZLON,Electric Equipment,INE040H01021
1551,NIFTY MIDSMALL 400,Swan Corp Ltd.,SWANCORP,Petrochemicals,INE665A01038
1552,NIFTY MIDSMALL 400,Swiggy Ltd.,SWIGGY,e-Commerce,INE00H001014
1553,NIFTY MIDSMALL 400,Syngene International Ltd.,SYNGENE,Pharmaceuticals & Drugs,INE398R01022
1554,NIFTY MIDSMALL 400,Syrma SGS Technology Ltd.,SYRMA,Electronics - Components,INE0DYJ01015
1555,NIFTY MIDSMALL 400,TBO Tek Ltd.,TBOTEK,Travel Services,INE673O01025
1556,NIFTY MIDSMALL 400,Tata Chemicals Ltd.,TATACHEM,Chemicals,INE092A01019
1557,NIFTY MIDSMALL 400,Tata Communications Ltd.,TATACOMM,Telecommunication - Service  Provider,INE151A01013
1558,NIFTY MIDSMALL 400,Tata Elxsi Ltd.,TATAELXSI,IT - Software,INE670A01012
1559,NIFTY MIDSMALL 400,Tata Investment Corporation Ltd.,TATAINVEST,Finance - NBFC,INE672A01026
1560,NIFTY MIDSMALL 400,Tata Technologies Ltd.,TATATECH,IT - Software,INE142M01025
1561,NIFTY MIDSMALL 400,Tata Teleservices (Maharashtra) Ltd.,TTML,Telecommunication - Service  Provider,INE517B01013
1562,NIFTY MIDSMALL 400,Techno Electric & Engineering Company Ltd.,TECHNOE,Engineering - Construction,INE285K01026
1563,NIFTY MIDSMALL 400,Tega Industries Ltd.,TEGA,Engineering - Industrial Equipments,INE011K01018
1564,NIFTY MIDSMALL 400,Tejas Networks Ltd.,TEJASNET,Telecommunication - Equipment,INE010J01012
1565,NIFTY MIDSMALL 400,Tenneco Clean Air India Ltd.,TENNIND,Auto Ancillary,INE19RI01016
1566,NIFTY MIDSMALL 400,The New India Assurance Company Ltd.,NIACL,Insurance,INE470Y01017
1567,NIFTY MIDSMALL 400,The Ramco Cements Ltd.,RAMCOCEM,Cement & Construction Materials,INE331A01037
1568,NIFTY MIDSMALL 400,Thermax Ltd.,THERMAX,Engineering - Industrial Equipments,INE152A01029
1569,NIFTY MIDSMALL 400,Timken India Ltd.,TIMKEN,Bearings,INE325A01013
1570,NIFTY MIDSMALL 400,Titagarh Rail Systems Ltd.,TITAGARH,Railways Wagons,INE615H01020
1571,NIFTY MIDSMALL 400,Torrent Power Ltd.,TORNTPOWER,Power Generation/Distribution,INE813H01021
1572,NIFTY MIDSMALL 400,Transformers And Rectifiers (India) Ltd.,TARIL,Electric Equipment,INE763I01026
1573,NIFTY MIDSMALL 400,Travel Food Services Ltd.,TRAVELFOOD,Consumer Food,INE103V01028
1574,NIFTY MIDSMALL 400,Trident Ltd.,TRIDENT,Textile - Spinning,INE064C01022
1575,NIFTY MIDSMALL 400,Triveni Turbine Ltd.,TRITURBINE,Engineering - Industrial Equipments,INE152M01016
1576,NIFTY MIDSMALL 400,Tube Investments of India Ltd.,TIINDIA,Auto Ancillary,INE974X01010
1577,NIFTY MIDSMALL 400,UCO Bank,UCOBANK,NIFTY PRIVATE BANK,INE691A01018
1578,NIFTY MIDSMALL 400,UNO Minda Ltd.,UNOMINDA,Auto Ancillary,INE405E01023
1579,NIFTY MIDSMALL 400,UPL Ltd.,UPL,Pesticides & Agrochemicals,INE628A01036
1580,NIFTY MIDSMALL 400,UTI Asset Management Company Ltd.,UTIAMC,Finance - Asset Management,INE094J01016
1581,NIFTY MIDSMALL 400,United Breweries Ltd.,UBL,Breweries & Distilleries,INE686F01025
1582,NIFTY MIDSMALL 400,Urban Company Ltd.,URBANCO,e-Commerce,INE0CAZ01013
1583,NIFTY MIDSMALL 400,Usha Martin Ltd.,USHAMART,Steel & Iron Products,INE228A01035
1584,NIFTY MIDSMALL 400,Vardhman Textiles Ltd.,VTL,Textile,INE825A01020
1585,NIFTY MIDSMALL 400,Vijaya Diagnostic Centre Ltd.,VIJAYA,Hospital & Healthcare Services,INE043W01024
1586,NIFTY MIDSMALL 400,Vishal Mega Mart Ltd.,VMM,Retailing,INE01EA01019
1587,NIFTY MIDSMALL 400,Vodafone Idea Ltd.,IDEA,Telecommunication - Service  Provider,INE669E01016
1588,NIFTY MIDSMALL 400,Voltas Ltd.,VOLTAS,Air Conditioners,INE226A01021
1589,NIFTY MIDSMALL 400,Waaree Energies Ltd.,WAAREEENER,Electric Equipment,INE377N01017
1590,NIFTY MIDSMALL 400,Welspun Corp Ltd.,WELCORP,Steel & Iron Products,INE191B01025
1591,NIFTY MIDSMALL 400,Welspun Living Ltd.,WELSPUNLIV,Textile,INE192B01031
1592,NIFTY MIDSMALL 400,Whirlpool of India Ltd.,WHIRLPOOL,Consumer Durables - Domestic Appliances,INE716A01013
1593,NIFTY MIDSMALL 400,Wockhardt Ltd.,WOCKPHARMA,Pharmaceuticals & Drugs,INE049B01025
1594,NIFTY MIDSMALL 400,Yes Bank Ltd.,YESBANK,NIFTY PRIVATE BANK,INE528G01035
1595,NIFTY MIDSMALL 400,ZF Commercial Vehicle Control Systems India Ltd.,ZFCVINDIA,Auto Ancillary,INE342J01019
1596,NIFTY MIDSMALL 400,Zee Entertainment Enterprises Ltd.,ZEEL,TV Broadcasting & Software Production,INE256A01028
1597,NIFTY MIDSMALL 400,Zen Technologies Ltd.,ZENTEC,Defence,INE251B01027
1598,NIFTY MIDSMALL 400,Zensar Technolgies Ltd.,ZENSARTECH,IT - Software,INE520A01027
1599,NIFTY MIDSMALL 400,Zydus Wellness Ltd.,ZYDUSWELL,Consumer Food,INE768C01028
1600,NIFTY MIDSMALL 400,eClerx Services Ltd.,ECLERX,BPO/ITeS,INE738I01010
1601,NIFTY TOTAL MKT,360 ONE WAM Ltd.,360ONE,Finance - Others,INE466L01038
1602,NIFTY TOTAL MKT,3M India Ltd.,3MINDIA,Diversified,INE470A01017
1603,NIFTY TOTAL MKT,ABB India Ltd.,ABB,Electric Equipment,INE117A01022
1604,NIFTY TOTAL MKT,ACC Ltd.,ACC,Cement & Construction Materials,INE012A01025
1605,NIFTY TOTAL MKT,ACME Solar Holdings Ltd.,ACMESOLAR,Power Generation/Distribution,INE622W01025
1606,NIFTY TOTAL MKT,AIA Engineering Ltd.,AIAENG,Castings/Forgings,INE212H01026
1607,NIFTY TOTAL MKT,APL Apollo Tubes Ltd.,APLAPOLLO,Steel & Iron Products,INE702C01027
1608,NIFTY TOTAL MKT,ASK Automotive Ltd.,ASKAUTOLTD,Auto Ancillary,INE491J01022
1609,NIFTY TOTAL MKT,AU Small Finance Bank Ltd.,AUBANK,NIFTY PRIVATE BANK,INE949L01017
1610,NIFTY TOTAL MKT,AWL Agri Business Ltd.,AWL,Edible Oil,INE699H01024
1611,NIFTY TOTAL MKT,AXISCADES Technologies Ltd.,AXISCADES,IT - Software,INE555B01013
1612,NIFTY TOTAL MKT,Aadhar Housing Finance Ltd.,AADHARHFC,Finance - Housing,INE883F01010
1613,NIFTY TOTAL MKT,Aarti Drugs Ltd.,AARTIDRUGS,Pharmaceuticals & Drugs,INE767A01016
1614,NIFTY TOTAL MKT,Aarti Industries Ltd.,AARTIIND,Chemicals,INE769A01020
1615,NIFTY TOTAL MKT,Aarti Pharmalabs Ltd.,AARTIPHARM,Pharmaceuticals & Drugs,INE0LRU01027
1616,NIFTY TOTAL MKT,Aavas Financiers Ltd.,AAVAS,Finance - Housing,INE216P01012
1617,NIFTY TOTAL MKT,Abbott India Ltd.,ABBOTINDIA,Pharmaceuticals & Drugs,INE358A01014
1618,NIFTY TOTAL MKT,Action Construction Equipment Ltd.,ACE,Construction Vehicles,INE731H01025
1619,NIFTY TOTAL MKT,Acutaas Chemicals Ltd.,ACUTAAS,Pharmaceuticals & Drugs,INE00FF01025
1620,NIFTY TOTAL MKT,Adani Energy Solutions Ltd.,ADANIENSOL,Power Generation/Distribution,INE931S01010
1621,NIFTY TOTAL MKT,Adani Enterprises Ltd.,ADANIENT,Trading,INE423A01024
1622,NIFTY TOTAL MKT,Adani Green Energy Ltd.,ADANIGREEN,Power Generation/Distribution,INE364U01010
1623,NIFTY TOTAL MKT,Adani Ports and Special Economic Zone Ltd.,ADANIPORTS,Port,INE742F01042
1624,NIFTY TOTAL MKT,Adani Power Ltd.,ADANIPOWER,Power Generation/Distribution,INE814H01029
1625,NIFTY TOTAL MKT,Adani Total Gas Ltd.,ATGL,Gas Transmission/Marketing,INE399L01023
1626,NIFTY TOTAL MKT,Aditya Birla Capital Ltd.,ABCAPITAL,Finance - NBFC,INE674K01013
1627,NIFTY TOTAL MKT,Aditya Birla Fashion and Retail Ltd.,ABFRL,Retailing,INE647O01011
1628,NIFTY TOTAL MKT,Aditya Birla Lifestyle Brands Ltd.,ABLBL,Retailing,INE14LE01019
1629,NIFTY TOTAL MKT,Aditya Birla Real Estate Ltd.,ABREL,Paper & Paper Products,INE055A01016
1630,NIFTY TOTAL MKT,Aditya Birla Sun Life AMC Ltd.,ABSLAMC,Finance - Asset Management,INE404A01024
1631,NIFTY TOTAL MKT,Aditya Infotech Ltd.,CPPLUS,Engineering - Industrial Equipments,INE819V01029
1632,NIFTY TOTAL MKT,Aditya Vision Ltd.,AVL,Retailing,INE679V01027
1633,NIFTY TOTAL MKT,Advanced Enzyme Tech Ltd.,ADVENZYMES,Pharmaceuticals & Drugs,INE837H01020
1634,NIFTY TOTAL MKT,Aegis Logistics Ltd.,AEGISLOG,Logistics,INE208C01025
1635,NIFTY TOTAL MKT,Aegis Vopak Terminals Ltd.,AEGISVOPAK,Oil Exploration,INE0INX01018
1636,NIFTY TOTAL MKT,Aequs Ltd.,AEQUS,Aerospace & Defence,INE947N01017
1637,NIFTY TOTAL MKT,Aether Industries Ltd.,AETHER,Chemicals,INE0BWX01014
1638,NIFTY TOTAL MKT,Afcons Infrastructure Ltd.,AFCONS,Engineering - Construction,INE101I01011
1639,NIFTY TOTAL MKT,Affle 3i Ltd.,AFFLE,BPO/ITeS,INE00WC01027
1640,NIFTY TOTAL MKT,Ahluwalia Contracts (India) Ltd.,AHLUCONT,Construction - Real Estate,INE758C01029
1641,NIFTY TOTAL MKT,Ajanta Pharmaceuticals Ltd.,AJANTPHARM,Pharmaceuticals & Drugs,INE031B01049
1642,NIFTY TOTAL MKT,Akums Drugs and Pharmaceuticals Ltd.,AKUMS,Pharmaceuticals & Drugs,INE09XN01023
1643,NIFTY TOTAL MKT,Akzo Nobel India Ltd.,AKZOINDIA,Paints,INE133A01011
1644,NIFTY TOTAL MKT,Alembic Pharmaceuticals Ltd.,APLLTD,Pharmaceuticals & Drugs,INE901L01018
1645,NIFTY TOTAL MKT,Alivus Life Sciences Ltd.,ALIVUS,Pharmaceuticals & Drugs,INE03Q201024
1646,NIFTY TOTAL MKT,Alkem Laboratories Ltd.,ALKEM,Pharmaceuticals & Drugs,INE540L01014
1647,NIFTY TOTAL MKT,Alkyl Amines Chemicals Ltd.,ALKYLAMINE,Chemicals,INE150B01039
1648,NIFTY TOTAL MKT,Allied Blenders and Distillers Ltd.,ABDL,Breweries & Distilleries,INE552Z01027
1649,NIFTY TOTAL MKT,Alok Industries Ltd.,ALOKINDS,Textile,INE270A01029
1650,NIFTY TOTAL MKT,Amara Raja Energy & Mobility Ltd.,ARE&M,Batteries,INE885A01032
1651,NIFTY TOTAL MKT,Amber Enterprises India Ltd.,AMBER,Air Conditioners,INE371P01015
1652,NIFTY TOTAL MKT,Ambuja Cements Ltd.,AMBUJACEM,Cement & Construction Materials,INE079A01024
1653,NIFTY TOTAL MKT,Anand Rathi Wealth Ltd.,ANANDRATHI,Finance - Others,INE463V01026
1654,NIFTY TOTAL MKT,Anant Raj Ltd.,ANANTRAJ,Construction - Real Estate,INE242C01024
1655,NIFTY TOTAL MKT,Angel One Ltd.,ANGELONE,Finance - Stock Broking,INE732I01021
1656,NIFTY TOTAL MKT,Anthem Biosciences Ltd.,ANTHEM,Pharmaceuticals & Drugs,INE0CZ201020
1657,NIFTY TOTAL MKT,Anupam Rasayan India Ltd.,ANURAS,Chemicals,INE930P01018
1658,NIFTY TOTAL MKT,Apar Industries Ltd.,APARINDS,Electric Equipment,INE372A01015
1659,NIFTY TOTAL MKT,Apollo Hospitals Enterprise Ltd.,APOLLOHOSP,Hospital & Healthcare Services,INE437A01024
1660,NIFTY TOTAL MKT,Apollo Micro Systems Ltd.,APOLLO,Electronics - Components,INE713T01028
1661,NIFTY TOTAL MKT,Apollo Tyres Ltd.,APOLLOTYRE,Tyres & Allied,INE438A01022
1662,NIFTY TOTAL MKT,Aptus Value Housing Finance India Ltd.,APTUS,Finance - Housing,INE852O01025
1663,NIFTY TOTAL MKT,Archean Chemical Industries Ltd.,ACI,Chemicals,INE128X01021
1664,NIFTY TOTAL MKT,Arvind Fashions Ltd.,ARVINDFASN,Retailing,INE955V01021
1665,NIFTY TOTAL MKT,Arvind Ltd.,ARVIND,Textile,INE034A01011
1666,NIFTY TOTAL MKT,Asahi India Glass Ltd.,ASAHIINDIA,Glass,INE439A01020
1667,NIFTY TOTAL MKT,Ashapura Minechem Ltd.,ASHAPURMIN,Mining & Minerals,INE348A01023
1668,NIFTY TOTAL MKT,Ashok Leyland Ltd.,ASHOKLEY,Automobiles-Trucks/Lcv,INE208A01029
1669,NIFTY TOTAL MKT,Ashoka Buildcon Ltd.,ASHOKA,Engineering - Construction,INE442H01029
1670,NIFTY TOTAL MKT,Asian Paints Ltd.,ASIANPAINT,Paints,INE021A01026
1671,NIFTY TOTAL MKT,Aster DM Healthcare Ltd.,ASTERDM,Hospital & Healthcare Services,INE914M01019
1672,NIFTY TOTAL MKT,Astra Microwave Products Ltd.,ASTRAMICRO,Defence,INE386C01029
1673,NIFTY TOTAL MKT,Astral Ltd.,ASTRAL,Plastic Products,INE006I01046
1674,NIFTY TOTAL MKT,Ather Energy Ltd.,ATHERENERG,Automobile Two & Three Wheelers,INE0LEZ01016
1675,NIFTY TOTAL MKT,Atlanta Electricals Ltd.,ATLANTAELE,Electric Equipment,INE0Z4F01028
1676,NIFTY TOTAL MKT,Atul Ltd.,ATUL,Chemicals,INE100A01010
1677,NIFTY TOTAL MKT,Aurionpro Solution Ltd.,AURIONPRO,IT - Software,INE132H01018
1678,NIFTY TOTAL MKT,Aurobindo Pharma Ltd.,AUROPHARMA,Pharmaceuticals & Drugs,INE406A01037
1679,NIFTY TOTAL MKT,Authum Investment & Infrastructure Ltd.,AIIL,Finance - Investment,INE206F01022
1680,NIFTY TOTAL MKT,Avalon Technologies Ltd.,AVALON,Electronics - Components,INE0LCL01028
1681,NIFTY TOTAL MKT,Avanti Feeds Ltd.,AVANTIFEED,Consumer Food,INE871C01038
1682,NIFTY TOTAL MKT,Avenue Supermarts Ltd.,DMART,Retailing,INE192R01011
1683,NIFTY TOTAL MKT,AvenuesAI Ltd.,CCAVENUE,Fintech,INE483S01020
1684,NIFTY TOTAL MKT,Awfis Space Solutions Ltd.,AWFIS,Business Support,INE108V01019
1685,NIFTY TOTAL MKT,Axis Bank Ltd.,AXISBANK,NIFTY PRIVATE BANK,INE238A01034
1686,NIFTY TOTAL MKT,Azad Engineering Ltd.,AZAD,Engineering - Industrial Equipments,INE02IJ01035
1687,NIFTY TOTAL MKT,BEML Ltd.,BEML,Construction Vehicles,INE258A01024
1688,NIFTY TOTAL MKT,BLS International Services Ltd.,BLS,Travel Services,INE153T01027
1689,NIFTY TOTAL MKT,BSE Ltd.,BSE,Finance - Others,INE118H01025
1690,NIFTY TOTAL MKT,Bajaj Auto Ltd.,BAJAJ-AUTO,Automobile Two & Three Wheelers,INE917I01010
1691,NIFTY TOTAL MKT,Bajaj Electricals Ltd,BAJAJELEC,Consumer Durables - Domestic Appliances,INE193E01025
1692,NIFTY TOTAL MKT,Bajaj Finance Ltd.,BAJFINANCE,Finance - NBFC,INE296A01032
1693,NIFTY TOTAL MKT,Bajaj Finserv Ltd.,BAJAJFINSV,Finance - Investment,INE918I01026
1694,NIFTY TOTAL MKT,Bajaj Holdings & Investment Ltd.,BAJAJHLDNG,Finance - NBFC,INE118A01012
1695,NIFTY TOTAL MKT,Bajaj Housing Finance Ltd.,BAJAJHFL,Finance - Housing,INE377Y01014
1696,NIFTY TOTAL MKT,Balaji Amines Ltd.,BALAMINES,Chemicals,INE050E01027
1697,NIFTY TOTAL MKT,Balkrishna Industries Ltd.,BALKRISIND,Tyres & Allied,INE787D01026
1698,NIFTY TOTAL MKT,Balrampur Chini Mills Ltd.,BALRAMCHIN,Sugar,INE119A01028
1699,NIFTY TOTAL MKT,Balu Forge Industries Ltd.,BALUFORGE,Engineering - Industrial Equipments,INE011E01029
1700,NIFTY TOTAL MKT,Banco Products (India) Ltd.,BANCOINDIA,Auto Ancillary,INE213C01025
1701,NIFTY TOTAL MKT,Bandhan Bank Ltd.,BANDHANBNK,NIFTY PRIVATE BANK,INE545U01014
1702,NIFTY TOTAL MKT,Bank of Baroda,BANKBARODA,NIFTY PRIVATE BANK,INE028A01039
1703,NIFTY TOTAL MKT,Bank of India,BANKINDIA,NIFTY PRIVATE BANK,INE084A01016
1704,NIFTY TOTAL MKT,Bank of Maharashtra,MAHABANK,NIFTY PRIVATE BANK,INE457A01014
1705,NIFTY TOTAL MKT,Bata India Ltd.,BATAINDIA,Footwear,INE176A01028
1706,NIFTY TOTAL MKT,Bayer Cropscience Ltd.,BAYERCROP,Pesticides & Agrochemicals,INE462A01022
1707,NIFTY TOTAL MKT,Belrise Industries Ltd.,BELRISE,Auto Ancillary,INE894V01022
1708,NIFTY TOTAL MKT,Berger Paints India Ltd.,BERGEPAINT,Paints,INE463A01038
1709,NIFTY TOTAL MKT,Bharat Dynamics Ltd.,BDL,Defence,INE171Z01026
1710,NIFTY TOTAL MKT,Bharat Electronics Ltd.,BEL,Defence,INE263A01024
1711,NIFTY TOTAL MKT,Bharat Forge Ltd.,BHARATFORG,Forgings,INE465A01025
1712,NIFTY TOTAL MKT,Bharat Heavy Electricals Ltd.,BHEL,Engineering - Industrial Equipments,INE257A01026
1713,NIFTY TOTAL MKT,Bharat Petroleum Corporation Ltd.,BPCL,Refineries,INE029A01011
1714,NIFTY TOTAL MKT,Bharti Airtel Ltd.,BHARTIARTL,Telecommunication - Service  Provider,INE397D01024
1715,NIFTY TOTAL MKT,Bharti Hexacom Ltd.,BHARTIHEXA,Telecommunication - Service  Provider,INE343G01021
1716,NIFTY TOTAL MKT,Bikaji Foods International Ltd.,BIKAJI,Consumer Food,INE00E101023
1717,NIFTY TOTAL MKT,Billionbrains Garage Ventures Ltd.,GROWW,Finance - Stock Broking,INE0HOQ01053
1718,NIFTY TOTAL MKT,Biocon Ltd.,BIOCON,Pharmaceuticals & Drugs,INE376G01013
1719,NIFTY TOTAL MKT,Birla Corporation Ltd.,BIRLACORPN,Cement & Construction Materials,INE340A01012
1720,NIFTY TOTAL MKT,Birlasoft Ltd.,BSOFT,IT - Software,INE836A01035
1721,NIFTY TOTAL MKT,Black Box Ltd.,BBOX,Telecommunication - Equipment,INE676A01027
1722,NIFTY TOTAL MKT,Blackbuck Ltd.,BLACKBUCK,Logistics,INE0UIZ01018
1723,NIFTY TOTAL MKT,Blue Dart Express Ltd.,BLUEDART,Courier  Services,INE233B01017
1724,NIFTY TOTAL MKT,Blue Jet Healthcare Ltd.,BLUEJET,Pharmaceuticals & Drugs,INE0KBH01020
1725,NIFTY TOTAL MKT,Blue Star Ltd.,BLUESTARCO,Air Conditioners,INE472A01039
1726,NIFTY TOTAL MKT,BlueStone Jewellery and Lifestyle Ltd.,BLUESTONE,Diamond  &  Jewellery,INE304W01038
1727,NIFTY TOTAL MKT,Bombay Burmah Trading Corporation Ltd.,BBTC,Agriculture,INE050A01025
1728,NIFTY TOTAL MKT,Borosil Renewables Ltd.,BORORENEW,Glass,INE666D01022
1729,NIFTY TOTAL MKT,Bosch Ltd.,BOSCHLTD,Auto Ancillary,INE323A01026
1730,NIFTY TOTAL MKT,Brainbees Solutions Ltd.,FIRSTCRY,e-Commerce,INE02RE01045
1731,NIFTY TOTAL MKT,Brigade Enterprises Ltd.,BRIGADE,Construction - Real Estate,INE791I01019
1732,NIFTY TOTAL MKT,Britannia Industries Ltd.,BRITANNIA,Consumer Food,INE216A01030
1733,NIFTY TOTAL MKT,C.E. Info Systems Ltd.,MAPMYINDIA,IT - Software,INE0BV301023
1734,NIFTY TOTAL MKT,CCL Products (I) Ltd.,CCL,Tea/Coffee,INE421D01022
1735,NIFTY TOTAL MKT,CESC Ltd.,CESC,Power Generation/Distribution,INE486A01021
1736,NIFTY TOTAL MKT,CG Power and Industrial Solutions Ltd.,CGPOWER,Electric Equipment,INE067A01029
1737,NIFTY TOTAL MKT,CIE Automotive India Ltd.,CIEINDIA,Auto Ancillary,INE536H01010
1738,NIFTY TOTAL MKT,CMS Info Systems Ltd.,CMSINFO,Business Support,INE925R01014
1739,NIFTY TOTAL MKT,CORONA Remedies Ltd.,CORONA,Pharmaceuticals & Drugs,INE02ZQ01018
1740,NIFTY TOTAL MKT,CRISIL Ltd.,CRISIL,Ratings,INE007A01025
1741,NIFTY TOTAL MKT,CSB Bank Ltd.,CSBBANK,NIFTY PRIVATE BANK,INE679A01013
1742,NIFTY TOTAL MKT,Campus Activewear Ltd.,CAMPUS,Footwear,INE278Y01022
1743,NIFTY TOTAL MKT,Can Fin Homes Ltd.,CANFINHOME,Finance - Housing,INE477A01020
1744,NIFTY TOTAL MKT,Canara Bank,CANBK,NIFTY PRIVATE BANK,INE476A01022
1745,NIFTY TOTAL MKT,Canara HSBC Life Insurance Company Ltd.,CANHLIFE,Insurance,INE01TY01017
1746,NIFTY TOTAL MKT,Canara Robeco Asset Management Company Ltd.,CRAMC,Finance - Asset Management,INE218I01013
1747,NIFTY TOTAL MKT,Capillary Technologies India Ltd.,CAPILLARY,IT - Software,INE0ILV01024
1748,NIFTY TOTAL MKT,Caplin Point Laboratories Ltd.,CAPLIPOINT,Pharmaceuticals & Drugs,INE475E01026
1749,NIFTY TOTAL MKT,Capri Global Capital Ltd.,CGCL,Finance - Investment,INE180C01042
1750,NIFTY TOTAL MKT,Carborundum Universal Ltd.,CARBORUNIV,Abrasives,INE120A01034
1751,NIFTY TOTAL MKT,Cartrade Tech Ltd.,CARTRADE,e-Commerce,INE290S01011
1752,NIFTY TOTAL MKT,Castrol India Ltd.,CASTROLIND,Lubricants,INE172A01027
1753,NIFTY TOTAL MKT,Ceat Ltd.,CEATLTD,Tyres & Allied,INE482A01020
1754,NIFTY TOTAL MKT,Cello World Ltd.,CELLO,Trading,INE0LMW01024
1755,NIFTY TOTAL MKT,Cemindia Projects Ltd.,CEMPRO,Engineering - Construction,INE686A01026
1756,NIFTY TOTAL MKT,Central Bank of India,CENTRALBK,NIFTY PRIVATE BANK,INE483A01010
1757,NIFTY TOTAL MKT,Central Depository Services (India) Ltd.,CDSL,Depository Services,INE736A01011
1758,NIFTY TOTAL MKT,Century Plyboards (India) Ltd.,CENTURYPLY,Wood & Wood Products,INE348B01021
1759,NIFTY TOTAL MKT,Cera Sanitaryware Ltd,CERA,Ceramics/Marble/Granite/Sanitaryware,INE739E01017
1760,NIFTY TOTAL MKT,Chalet Hotels Ltd.,CHALET,"Hotel, Resort & Restaurants",INE427F01016
1761,NIFTY TOTAL MKT,Chambal Fertilizers & Chemicals Ltd.,CHAMBLFERT,Fertilizers,INE085A01013
1762,NIFTY TOTAL MKT,Chennai Petroleum Corporation Ltd.,CHENNPETRO,Refineries,INE178A01016
1763,NIFTY TOTAL MKT,Choice International Ltd.,CHOICEIN,Finance - Stock Broking,INE102B01014
1764,NIFTY TOTAL MKT,Cholamandalam Financial Holdings Ltd.,CHOLAHLDNG,Finance - Investment,INE149A01033
1765,NIFTY TOTAL MKT,Cholamandalam Investment and Finance Company Ltd.,CHOLAFIN,Finance - NBFC,INE121A01024
1766,NIFTY TOTAL MKT,Cigniti Technologies Ltd.,CIGNITITEC,IT - Software,INE675C01017
1767,NIFTY TOTAL MKT,Cipla Ltd.,CIPLA,Pharmaceuticals & Drugs,INE059A01026
1768,NIFTY TOTAL MKT,City Union Bank Ltd.,CUB,NIFTY PRIVATE BANK,INE491A01021
1769,NIFTY TOTAL MKT,Clean Science and Technology Ltd.,CLEAN,Chemicals,INE227W01023
1770,NIFTY TOTAL MKT,Coal India Ltd.,COALINDIA,Mining & Minerals,INE522F01014
1771,NIFTY TOTAL MKT,Cochin Shipyard Ltd.,COCHINSHIP,Ship Building,INE704P01025
1772,NIFTY TOTAL MKT,Coforge Ltd.,COFORGE,IT - Software,INE591G01025
1773,NIFTY TOTAL MKT,Cohance Lifesciences Ltd.,COHANCE,Pharmaceuticals & Drugs,INE03QK01018
1774,NIFTY TOTAL MKT,Colgate Palmolive (India) Ltd.,COLPAL,Household & Personal Products,INE259A01022
1775,NIFTY TOTAL MKT,Computer Age Management Services Ltd.,CAMS,Depository Services,INE596I01020
1776,NIFTY TOTAL MKT,Concord Biotech Ltd.,CONCORDBIO,Pharmaceuticals & Drugs,INE338H01029
1777,NIFTY TOTAL MKT,Container Corporation of India Ltd.,CONCOR,Logistics,INE111A01025
1778,NIFTY TOTAL MKT,Coromandel International Ltd.,COROMANDEL,Fertilizers,INE169A01031
1779,NIFTY TOTAL MKT,Craftsman Automation Ltd.,CRAFTSMAN,Auto Ancillary,INE00LO01017
1780,NIFTY TOTAL MKT,CreditAccess Grameen Ltd.,CREDITACC,Finance - NBFC,INE741K01010
1781,NIFTY TOTAL MKT,Crizac Ltd.,CRIZAC,Retailing,INE0S4R01014
1782,NIFTY TOTAL MKT,Crompton Greaves Consumer Electricals Ltd.,CROMPTON,Consumer Durables - Domestic Appliances,INE299U01018
1783,NIFTY TOTAL MKT,Cummins India Ltd.,CUMMINSIND,Diesel Engines,INE298A01020
1784,NIFTY TOTAL MKT,Cupid Ltd.,CUPID,Household & Personal Products,INE509F01029
1785,NIFTY TOTAL MKT,Cyient Ltd.,CYIENT,IT - Software,INE136B01020
1786,NIFTY TOTAL MKT,DCB Bank Ltd.,DCBBANK,NIFTY PRIVATE BANK,INE503A01015
1787,NIFTY TOTAL MKT,DCM Shriram Ltd.,DCMSHRIRAM,Diversified,INE499A01024
1788,NIFTY TOTAL MKT,DLF Ltd.,DLF,Construction - Real Estate,INE271C01023
1789,NIFTY TOTAL MKT,DOMS Industries Ltd.,DOMS,Printing & Stationery,INE321T01012
1790,NIFTY TOTAL MKT,Dabur India Ltd.,DABUR,Household & Personal Products,INE016A01026
1791,NIFTY TOTAL MKT,Dalmia Bharat Ltd.,DALBHARAT,Cement & Construction Materials,INE00R701025
1792,NIFTY TOTAL MKT,Data Patterns (India) Ltd.,DATAPATTNS,Defence,INE0IX101010
1793,NIFTY TOTAL MKT,Datamatics Global Services Ltd.,DATAMATICS,IT - Software,INE365B01017
1794,NIFTY TOTAL MKT,Deepak Fertilisers & Petrochemicals Corp. Ltd.,DEEPAKFERT,Chemicals,INE501A01019
1795,NIFTY TOTAL MKT,Deepak Nitrite Ltd.,DEEPAKNTR,Chemicals,INE288B01029
1796,NIFTY TOTAL MKT,Delhivery Ltd.,DELHIVERY,Courier  Services,INE148O01028
1797,NIFTY TOTAL MKT,Devyani International Ltd.,DEVYANI,Consumer Food,INE872J01023
1798,NIFTY TOTAL MKT,Diamond Power Infrastructure Ltd.,DIACABS,Cable,INE989C01038
1799,NIFTY TOTAL MKT,Dilip Buildcon Ltd.,DBL,Engineering - Construction,INE917M01012
1800,NIFTY TOTAL MKT,Divi's Laboratories Ltd.,DIVISLAB,Pharmaceuticals & Drugs,INE361B01024
1801,NIFTY TOTAL MKT,Dixon Technologies (India) Ltd.,DIXON,Consumer Durables - Electronics,INE935N01020
1802,NIFTY TOTAL MKT,Dr. Agarwal's Health Care Ltd.,AGARWALEYE,Hospital & Healthcare Services,INE943P01029
1803,NIFTY TOTAL MKT,Dr. Lal Path Labs Ltd.,LALPATHLAB,Hospital & Healthcare Services,INE600L01024
1804,NIFTY TOTAL MKT,Dr. Reddy's Laboratories Ltd.,DRREDDY,Pharmaceuticals & Drugs,INE089A01031
1806,NIFTY TOTAL MKT,Dynamatic Technologies Ltd.,DYNAMATECH,Compressors / Pumps,INE221B01012
1807,NIFTY TOTAL MKT,E.I.D. Parry (India) Ltd.,EIDPARRY,Sugar,INE126A01031
1808,NIFTY TOTAL MKT,EIH Ltd.,EIHOTEL,"Hotel, Resort & Restaurants",INE230A01023
1809,NIFTY TOTAL MKT,EPL Ltd.,EPL,Packaging,INE255A01020
1810,NIFTY TOTAL MKT,Edelweiss Financial Services Ltd.,EDELWEISS,Finance - NBFC,INE532F01054
1811,NIFTY TOTAL MKT,Eicher Motors Ltd.,EICHERMOT,Automobile Two & Three Wheelers,INE066A01021
1812,NIFTY TOTAL MKT,Elecon Engineering Co. Ltd.,ELECON,Engineering - Industrial Equipments,INE205B01031
1813,NIFTY TOTAL MKT,Electronics Mart India Ltd.,EMIL,Retailing,INE02YR01019
1814,NIFTY TOTAL MKT,Electrosteel Castings Ltd.,ELECTCAST,Steel & Iron Products,INE086A01029
1815,NIFTY TOTAL MKT,Elgi Equipments Ltd.,ELGIEQUIP,Compressors / Pumps,INE285A01027
1816,NIFTY TOTAL MKT,Ellenbarrie Industrial Gases Ltd.,ELLEN,Industrial  Gases & Fuels,INE236E01022
1817,NIFTY TOTAL MKT,Emami Ltd.,EMAMILTD,Household & Personal Products,INE548C01032
1818,NIFTY TOTAL MKT,Embassy Developments Ltd.,EMBDL,Construction - Real Estate,INE069I01010
1819,NIFTY TOTAL MKT,Emcure Pharmaceuticals Ltd.,EMCURE,Pharmaceuticals & Drugs,INE168P01015
1820,NIFTY TOTAL MKT,Emmvee Photovoltaic Power Ltd.,EMMVEE,Electric Equipment,INE1C6T01020
1821,NIFTY TOTAL MKT,Endurance Technologies Ltd.,ENDURANCE,Auto Ancillary,INE913H01037
1822,NIFTY TOTAL MKT,Engineers India Ltd.,ENGINERSIN,Engineering,INE510A01028
1823,NIFTY TOTAL MKT,Entero Healthcare Solutions Ltd.,ENTERO,Trading,INE010601016
1824,NIFTY TOTAL MKT,Enviro Infra Engineers Ltd.,EIEL,Engineering - Construction,INE0LLY01014
1825,NIFTY TOTAL MKT,Equitas Small Finance Bank Ltd.,EQUITASBNK,NIFTY PRIVATE BANK,INE063P01018
1826,NIFTY TOTAL MKT,Eris Lifesciences Ltd.,ERIS,Pharmaceuticals & Drugs,INE406M01024
1827,NIFTY TOTAL MKT,Escorts Kubota Ltd.,ESCORTS,Automobiles-Tractors,INE042A01014
1828,NIFTY TOTAL MKT,Eternal Ltd.,ETERNAL,e-Commerce,INE758T01015
1829,NIFTY TOTAL MKT,Ethos Ltd.,ETHOSLTD,Retailing,INE04TZ01018
1830,NIFTY TOTAL MKT,Eureka Forbes Ltd.,EUREKAFORB,Consumer Durables - Domestic Appliances,INE0KCE01017
1831,NIFTY TOTAL MKT,Exide Industries Ltd.,EXIDEIND,Batteries,INE302A01020
1832,NIFTY TOTAL MKT,FSN E-Commerce Ventures Ltd.,NYKAA,e-Commerce,INE388Y01029
1833,NIFTY TOTAL MKT,Fedbank Financial Services Ltd.,FEDFINA,Finance - NBFC,INE007N01010
1834,NIFTY TOTAL MKT,Federal Bank Ltd.,FEDERALBNK,NIFTY PRIVATE BANK,INE171A01029
1835,NIFTY TOTAL MKT,Fertilisers and Chemicals Travancore Ltd.,FACT,Fertilizers,INE188A01015
1836,NIFTY TOTAL MKT,Fiem Industries Ltd,FIEMIND,Auto Ancillary,INE737H01014
1837,NIFTY TOTAL MKT,Finolex Cables Ltd.,FINCABLES,Cable,INE235A01022
1838,NIFTY TOTAL MKT,Finolex Industries Ltd.,FINPIPE,Plastic Products,INE183A01024
1839,NIFTY TOTAL MKT,Firstsource Solutions Ltd.,FSL,BPO/ITeS,INE684F01012
1840,NIFTY TOTAL MKT,Five-Star Business Finance Ltd.,FIVESTAR,Finance - NBFC,INE128S01021
1841,NIFTY TOTAL MKT,Force Motors Ltd.,FORCEMOT,Automobiles-Trucks/Lcv,INE451A01017
1842,NIFTY TOTAL MKT,Fortis Healthcare Ltd.,FORTIS,Hospital & Healthcare Services,INE061F01013
1843,NIFTY TOTAL MKT,Fujiyama Power Systems Ltd.,UTLSOLAR,Electric Equipment,INE12UR01024
1844,NIFTY TOTAL MKT,GAIL (India) Ltd.,GAIL,Industrial  Gases & Fuels,INE129A01019
1845,NIFTY TOTAL MKT,GE Vernova T&D India Ltd.,GVT&D,Electric Equipment,INE200A01026
1846,NIFTY TOTAL MKT,GHCL Ltd.,GHCL,Chemicals,INE539A01019
1847,NIFTY TOTAL MKT,GMM Pfaudler Ltd.,GMMPFAUDLR,Engineering - Industrial Equipments,INE541A01023
1848,NIFTY TOTAL MKT,GMR Airports Ltd.,GMRAIRPORT,Airport Management Services,INE776C01039
1849,NIFTY TOTAL MKT,GMR Power and Urban Infra Ltd.,GMRP&UI,Power Generation/Distribution,INE0CU601026
1850,NIFTY TOTAL MKT,Gabriel India Ltd.,GABRIEL,Auto Ancillary,INE524A01029
1851,NIFTY TOTAL MKT,Gallantt Ispat Ltd.,GALLANTT,Steel & Iron Products,INE297H01019
1852,NIFTY TOTAL MKT,Garden Reach Shipbuilders & Engineers Ltd.,GRSE,Ship Building,INE382Z01011
1853,NIFTY TOTAL MKT,Garware Hi-Tech Films Ltd.,GRWRHITECH,Plastic Products,INE291A01017
1854,NIFTY TOTAL MKT,General Insurance Corporation of India,GICRE,Insurance,INE481Y01014
1855,NIFTY TOTAL MKT,Gillette India Ltd.,GILLETTE,Household & Personal Products,INE322A01010
1856,NIFTY TOTAL MKT,Gland Pharma Ltd.,GLAND,Pharmaceuticals & Drugs,INE068V01023
1857,NIFTY TOTAL MKT,Glaxosmithkline Pharmaceuticals Ltd.,GLAXO,Pharmaceuticals & Drugs,INE159A01016
1858,NIFTY TOTAL MKT,Glenmark Pharmaceuticals Ltd.,GLENMARK,Pharmaceuticals & Drugs,INE935A01035
1859,NIFTY TOTAL MKT,Global Health Ltd.,MEDANTA,Hospital & Healthcare Services,INE474Q01031
1860,NIFTY TOTAL MKT,Go Digit General Insurance Ltd.,GODIGIT,Insurance,INE03JT01014
1861,NIFTY TOTAL MKT,Godawari Power & Ispat Ltd.,GPIL,Steel & Iron Products,INE177H01039
1862,NIFTY TOTAL MKT,Godfrey Phillips India Ltd.,GODFRYPHLP,Cigarettes/Tobacco,INE260B01028
1863,NIFTY TOTAL MKT,Godrej Agrovet Ltd.,GODREJAGRO,Animal Feed,INE850D01014
1864,NIFTY TOTAL MKT,Godrej Consumer Products Ltd.,GODREJCP,Household & Personal Products,INE102D01028
1865,NIFTY TOTAL MKT,Godrej Industries Ltd.,GODREJIND,Chemicals,INE233A01035
1866,NIFTY TOTAL MKT,Godrej Properties Ltd.,GODREJPROP,Construction - Real Estate,INE484J01027
1867,NIFTY TOTAL MKT,Gokaldas Exports Ltd.,GOKEX,Textile,INE887G01027
1868,NIFTY TOTAL MKT,Gokul Agro Resources Ltd.,GOKULAGRO,Edible Oil,INE314T01033
1869,NIFTY TOTAL MKT,Granules India Ltd.,GRANULES,Pharmaceuticals & Drugs,INE101D01020
1870,NIFTY TOTAL MKT,Graphite India Ltd.,GRAPHITE,Electrodes & Welding Equipment,INE371A01025
1871,NIFTY TOTAL MKT,Grasim Industries Ltd.,GRASIM,Cement & Construction Materials,INE047A01021
1872,NIFTY TOTAL MKT,Gravita India Ltd.,GRAVITA,Metal - Non Ferrous,INE024L01027
1873,NIFTY TOTAL MKT,Great Eastern Shipping Co. Ltd.,GESHIP,Shipping,INE017A01032
1874,NIFTY TOTAL MKT,Greaves Cotton Ltd.,GREAVESCOT,Diesel Engines,INE224A01026
1875,NIFTY TOTAL MKT,Gujarat Ambuja Exports Ltd.,GAEL,Solvent  Extraction,INE036B01030
1876,NIFTY TOTAL MKT,Gujarat Fluorochemicals Ltd.,FLUOROCHEM,Chemicals,INE09N301011
1877,NIFTY TOTAL MKT,Gujarat Mineral Development Corporation Ltd.,GMDCLTD,Mining & Minerals,INE131A01031
1878,NIFTY TOTAL MKT,Gujarat Narmada Valley Fertilizers and Chemicals Ltd.,GNFC,Chemicals,INE113A01013
1879,NIFTY TOTAL MKT,Gujarat Pipavav Port Ltd.,GPPL,Port,INE517F01014
1880,NIFTY TOTAL MKT,Gujarat State Fertilizers & Chemicals Ltd.,GSFC,Fertilizers,INE026A01025
1881,NIFTY TOTAL MKT,Gujarat State Petronet Ltd.,GSPL,Gas Transmission/Marketing,INE246F01010
1882,NIFTY TOTAL MKT,H.E.G. Ltd.,HEG,Electrodes & Welding Equipment,INE545A01024
1883,NIFTY TOTAL MKT,H.G. Infra Engineering Ltd.,HGINFRA,Engineering - Construction,INE926X01010
1884,NIFTY TOTAL MKT,HBL Engineering Ltd.,HBLENGINE,Batteries,INE292B01021
1885,NIFTY TOTAL MKT,HCL Technologies Ltd.,HCLTECH,IT - Software,INE860A01027
1886,NIFTY TOTAL MKT,HDB Financial Services Ltd.,HDBFS,Finance - NBFC,INE756I01012
1887,NIFTY TOTAL MKT,HDFC Asset Management Company Ltd.,HDFCAMC,Finance - Asset Management,INE127D01025
1888,NIFTY TOTAL MKT,HDFC Bank Ltd.,HDFCBANK,NIFTY PRIVATE BANK,INE040A01034
1889,NIFTY TOTAL MKT,HDFC Life Insurance Company Ltd.,HDFCLIFE,Insurance,INE795G01014
1890,NIFTY TOTAL MKT,HFCL Ltd.,HFCL,Telecom-Infrastructure,INE548A01028
1891,NIFTY TOTAL MKT,Happiest Minds Technologies Ltd.,HAPPSTMNDS,IT - Software,INE419U01012
1892,NIFTY TOTAL MKT,Havells India Ltd.,HAVELLS,Electric Equipment,INE176B01034
1893,NIFTY TOTAL MKT,Healthcare Global Enterprises Ltd.,HCG,Hospital & Healthcare Services,INE075I01017
1894,NIFTY TOTAL MKT,Hemisphere Properties India Ltd.,HEMIPROP,Construction - Real Estate,INE0AJG01018
1895,NIFTY TOTAL MKT,Heritage Foods Ltd.,HERITGFOOD,Consumer Food,INE978A01027
1896,NIFTY TOTAL MKT,Hero MotoCorp Ltd.,HEROMOTOCO,Automobile Two & Three Wheelers,INE158A01026
1897,NIFTY TOTAL MKT,Hexaware Technologies Ltd.,HEXT,IT - Software,INE093A01041
1898,NIFTY TOTAL MKT,Himadri Speciality Chemical Ltd.,HSCL,Chemicals,INE019C01026
1899,NIFTY TOTAL MKT,Hindalco Industries Ltd.,HINDALCO,Metal - Non Ferrous,INE038A01020
1900,NIFTY TOTAL MKT,Hindustan Aeronautics Ltd.,HAL,Defence,INE066F01020
1901,NIFTY TOTAL MKT,Hindustan Construction Co. Ltd.,HCC,Engineering - Construction,INE549A01026
1902,NIFTY TOTAL MKT,Hindustan Copper Ltd.,HINDCOPPER,Metal - Non Ferrous,INE531E01026
1903,NIFTY TOTAL MKT,Hindustan Petroleum Corporation Ltd.,HINDPETRO,Refineries,INE094A01015
1904,NIFTY TOTAL MKT,Hindustan Unilever Ltd.,HINDUNILVR,Household & Personal Products,INE030A01027
1905,NIFTY TOTAL MKT,Hindustan Zinc Ltd.,HINDZINC,Metal - Non Ferrous,INE267A01025
1906,NIFTY TOTAL MKT,Hitachi Energy India Ltd.,POWERINDIA,Electric Equipment,INE07Y701011
1907,NIFTY TOTAL MKT,Home First Finance Company India Ltd.,HOMEFIRST,Finance - Housing,INE481N01025
1908,NIFTY TOTAL MKT,Honasa Consumer Ltd.,HONASA,Trading,INE0J5401028
1909,NIFTY TOTAL MKT,Honeywell Automation India Ltd.,HONAUT,Consumer Durables - Electronics,INE671A01010
1910,NIFTY TOTAL MKT,Housing & Urban Development Corporation Ltd.,HUDCO,Finance - Housing,INE031A01017
1911,NIFTY TOTAL MKT,Hyundai Motor India Ltd.,HYUNDAI,Automobiles - Passenger Cars,INE0V6F01027
1912,NIFTY TOTAL MKT,ICICI Bank Ltd.,ICICIBANK,NIFTY PRIVATE BANK,INE090A01021
1913,NIFTY TOTAL MKT,ICICI Lombard General Insurance Company Ltd.,ICICIGI,Insurance,INE765G01017
1914,NIFTY TOTAL MKT,ICICI Prudential Asset Management Company Ltd.,ICICIAMC,Finance - Asset Management,INE346A01027
1915,NIFTY TOTAL MKT,ICICI Prudential Life Insurance Company Ltd.,ICICIPRULI,Insurance,INE726G01019
1916,NIFTY TOTAL MKT,IDBI Bank Ltd.,IDBI,NIFTY PRIVATE BANK,INE008A01015
1917,NIFTY TOTAL MKT,IDFC First Bank Ltd.,IDFCFIRSTB,NIFTY PRIVATE BANK,INE092T01019
1918,NIFTY TOTAL MKT,IFB Industries Ltd.,IFBIND,Consumer Durables - Electronics,INE559A01017
1919,NIFTY TOTAL MKT,IFCI Ltd.,IFCI,Finance Term Lending,INE039A01010
1920,NIFTY TOTAL MKT,IIFL Capital Services Ltd.,IIFLCAPS,Finance - Stock Broking,INE489L01022
1921,NIFTY TOTAL MKT,IIFL Finance Ltd.,IIFL,Finance - Investment,INE530B01024
1922,NIFTY TOTAL MKT,INOX India Ltd.,INOXINDIA,Engineering - Industrial Equipments,INE616N01034
1923,NIFTY TOTAL MKT,IRB Infrastructure Developers Ltd.,IRB,Engineering - Construction,INE821I01022
1924,NIFTY TOTAL MKT,IRCON International Ltd.,IRCON,Engineering - Construction,INE962Y01021
1925,NIFTY TOTAL MKT,ITC Hotels Ltd.,ITCHOTELS,"Hotel, Resort & Restaurants",INE379A01028
1926,NIFTY TOTAL MKT,ITC Ltd.,ITC,Cigarettes/Tobacco,INE154A01025
1927,NIFTY TOTAL MKT,ITI Ltd.,ITI,Telecommunication - Equipment,INE248A01017
1928,NIFTY TOTAL MKT,Indegene Ltd.,INDGN,Pharmaceuticals & Drugs,INE065X01017
1929,NIFTY TOTAL MKT,India Cements Ltd.,INDIACEM,Cement & Construction Materials,INE383A01012
1930,NIFTY TOTAL MKT,India Glycols Ltd.,INDIAGLYCO,Chemicals,INE560A01023
1931,NIFTY TOTAL MKT,India Shelter Finance Corporation Ltd.,INDIASHLTR,Finance - Housing,INE922K01024
1932,NIFTY TOTAL MKT,Indiamart Intermesh Ltd.,INDIAMART,e-Commerce,INE933S01016
1933,NIFTY TOTAL MKT,Indian Bank,INDIANB,NIFTY PRIVATE BANK,INE562A01011
1934,NIFTY TOTAL MKT,Indian Energy Exchange Ltd.,IEX,Power Generation/Distribution,INE022Q01020
1935,NIFTY TOTAL MKT,Indian Hotels Co. Ltd.,INDHOTEL,"Hotel, Resort & Restaurants",INE053A01029
1936,NIFTY TOTAL MKT,Indian Metals & Ferro Alloys Ltd.,IMFA,Ferro & Silica Manganese,INE919H01018
1937,NIFTY TOTAL MKT,Indian Oil Corporation Ltd.,IOC,Refineries,INE242A01010
1938,NIFTY TOTAL MKT,Indian Overseas Bank,IOB,NIFTY PRIVATE BANK,INE565A01014
1939,NIFTY TOTAL MKT,Indian Railway Catering And Tourism Corporation Ltd.,IRCTC,Travel Services,INE335Y01020
1940,NIFTY TOTAL MKT,Indian Railway Finance Corporation Ltd.,IRFC,Finance Term Lending,INE053F01010
1941,NIFTY TOTAL MKT,Indian Renewable Energy Development Agency Ltd.,IREDA,Finance - NBFC,INE202E01016
1942,NIFTY TOTAL MKT,Indigo Paints Ltd.,INDIGOPNTS,Paints,INE09VQ01012
1943,NIFTY TOTAL MKT,Indo Count Industries Ltd.,ICIL,Textile,INE483B01026
1944,NIFTY TOTAL MKT,Indraprastha Gas Ltd.,IGL,Gas Transmission/Marketing,INE203G01027
1945,NIFTY TOTAL MKT,Indus Towers Ltd.,INDUSTOWER,Telecommunication - Service  Provider,INE121J01017
1946,NIFTY TOTAL MKT,IndusInd Bank Ltd.,INDUSINDBK,NIFTY PRIVATE BANK,INE095A01012
1947,NIFTY TOTAL MKT,Info Edge (India) Ltd.,NAUKRI,BPO/ITeS,INE663F01032
1948,NIFTY TOTAL MKT,Infosys Ltd.,INFY,IT - Software,INE009A01021
1949,NIFTY TOTAL MKT,Inox Green Energy Services Ltd.,INOXGREEN,Engineering - Construction,INE510W01014
1950,NIFTY TOTAL MKT,Inox Wind Ltd.,INOXWIND,Electric Equipment,INE066P01011
1951,NIFTY TOTAL MKT,Intellect Design Arena Ltd.,INTELLECT,IT - Software,INE306R01017
1952,NIFTY TOTAL MKT,InterGlobe Aviation Ltd.,INDIGO,Airlines,INE646L01027
1953,NIFTY TOTAL MKT,International Gemmological Institute (India) Ltd.,IGIL,Business Support,INE0Q9301021
1954,NIFTY TOTAL MKT,Inventurus Knowledge Solutions Ltd.,IKS,BPO/ITeS,INE115Q01022
1955,NIFTY TOTAL MKT,Ion Exchange (India) Ltd.,IONEXCHANG,Environmental Services,INE570A01022
1956,NIFTY TOTAL MKT,Ipca Laboratories Ltd.,IPCALAB,Pharmaceuticals & Drugs,INE571A01038
1957,NIFTY TOTAL MKT,J.B. Chemicals & Pharmaceuticals Ltd.,JBCHEPHARM,Pharmaceuticals & Drugs,INE572A01036
1958,NIFTY TOTAL MKT,J.K. Cement Ltd.,JKCEMENT,Cement & Construction Materials,INE823G01014
1959,NIFTY TOTAL MKT,JBM Auto Ltd.,JBMA,Auto Ancillary,INE927D01051
1960,NIFTY TOTAL MKT,JK Lakshmi Cement Ltd.,JKLAKSHMI,Cement & Construction Materials,INE786A01032
1961,NIFTY TOTAL MKT,JK Paper Ltd.,JKPAPER,Paper & Paper Products,INE789E01012
1962,NIFTY TOTAL MKT,JK Tyre & Industries Ltd.,JKTYRE,Tyres & Allied,INE573A01042
1963,NIFTY TOTAL MKT,JM Financial Ltd.,JMFINANCIL,Finance - Investment,INE780C01023
1964,NIFTY TOTAL MKT,JSW Cement Ltd.,JSWCEMENT,Cement & Construction Materials,INE718I01012
1965,NIFTY TOTAL MKT,JSW Energy Ltd.,JSWENERGY,Power Generation/Distribution,INE121E01018
1966,NIFTY TOTAL MKT,JSW Infrastructure Ltd.,JSWINFRA,Port,INE880J01026
1967,NIFTY TOTAL MKT,JSW Steel Ltd.,JSWSTEEL,Steel & Iron Products,INE019A01038
1968,NIFTY TOTAL MKT,Jai Balaji Industries Ltd.,JAIBALAJI,Steel/Sponge Iron/Pig Iron,INE091G01026
1969,NIFTY TOTAL MKT,Jain Resource Recycling Ltd.,JAINREC,Metal - Non Ferrous,INE0YD401026
1970,NIFTY TOTAL MKT,Jaiprakash Power Ventures Ltd.,JPPOWER,Power Generation/Distribution,INE351F01018
1971,NIFTY TOTAL MKT,Jammu & Kashmir Bank Ltd.,J&KBANK,NIFTY PRIVATE BANK,INE168A01041
1972,NIFTY TOTAL MKT,Jamna Auto Industries Ltd.,JAMNAAUTO,Auto Ancillary,INE039C01032
1973,NIFTY TOTAL MKT,Jana Small Finance Bank Ltd.,JSFB,NIFTY PRIVATE BANK,INE953L01027
1974,NIFTY TOTAL MKT,Jayaswal Neco Industries Ltd.,JAYNECOIND,Steel & Iron Products,INE854B01010
1975,NIFTY TOTAL MKT,Jeena Sikho Lifecare Ltd.,JSLL,Trading,INE0J5801029
1976,NIFTY TOTAL MKT,Jindal Saw Ltd.,JINDALSAW,Steel & Iron Products,INE324A01032
1977,NIFTY TOTAL MKT,Jindal Stainless Ltd.,JSL,Steel & Iron Products,INE220G01021
1978,NIFTY TOTAL MKT,Jindal Steel Ltd.,JINDALSTEL,Steel/Sponge Iron/Pig Iron,INE749A01030
1979,NIFTY TOTAL MKT,Jio Financial Services Ltd.,JIOFIN,Finance - NBFC,INE758E01017
1980,NIFTY TOTAL MKT,Jubilant Foodworks Ltd.,JUBLFOOD,Consumer Food,INE797F01020
1981,NIFTY TOTAL MKT,Jubilant Ingrevia Ltd.,JUBLINGREA,Chemicals,INE0BY001018
1982,NIFTY TOTAL MKT,Jubilant Pharmova Ltd.,JUBLPHARMA,Pharmaceuticals & Drugs,INE700A01033
1983,NIFTY TOTAL MKT,Jupiter Life Line Hospitals Ltd.,JLHL,Hospital & Healthcare Services,INE682M01012
1984,NIFTY TOTAL MKT,Jupiter Wagons Ltd.,JWL,Railways Wagons,INE209L01016
1985,NIFTY TOTAL MKT,Justdial Ltd.,JUSTDIAL,BPO/ITeS,INE599M01018
1986,NIFTY TOTAL MKT,Jyothy Labs Ltd.,JYOTHYLAB,Household & Personal Products,INE668F01031
1987,NIFTY TOTAL MKT,Jyoti CNC Automation Ltd.,JYOTICNC,Engineering - Industrial Equipments,INE980O01024
1988,NIFTY TOTAL MKT,K.P.R. Mill Ltd.,KPRMILL,Textile,INE930H01031
1989,NIFTY TOTAL MKT,KEI Industries Ltd.,KEI,Cable,INE878B01027
1990,NIFTY TOTAL MKT,KNR Constructions Ltd.,KNRCON,Engineering - Construction,INE634I01029
1991,NIFTY TOTAL MKT,KPI Green Energy Ltd.,KPIGREEN,Power Generation/Distribution,INE542W01025
1992,NIFTY TOTAL MKT,KPIT Technologies Ltd.,KPITTECH,IT - Software,INE04I401011
1993,NIFTY TOTAL MKT,KRBL Ltd.,KRBL,Consumer Food,INE001B01026
1994,NIFTY TOTAL MKT,KRN Heat Exchanger and Refrigeration Ltd.,KRN,Engineering - Industrial Equipments,INE0Q3J01015
1995,NIFTY TOTAL MKT,KSB Ltd.,KSB,Compressors / Pumps,INE999A01023
1996,NIFTY TOTAL MKT,Kajaria Ceramics Ltd.,KAJARIACER,Ceramics/Marble/Granite/Sanitaryware,INE217B01036
1997,NIFTY TOTAL MKT,Kalpataru Projects International Ltd.,KPIL,Engineering - Construction,INE220B01022
1998,NIFTY TOTAL MKT,Kalyan Jewellers India Ltd.,KALYANKJIL,Diamond  &  Jewellery,INE303R01014
1999,NIFTY TOTAL MKT,Kansai Nerolac Paints Ltd.,KANSAINER,Paints,INE531A01024
2000,NIFTY TOTAL MKT,Karnataka Bank Ltd.,KTKBANK,NIFTY PRIVATE BANK,INE614B01018
2001,NIFTY TOTAL MKT,Karur Vysya Bank Ltd.,KARURVYSYA,NIFTY PRIVATE BANK,INE036D01028
2002,NIFTY TOTAL MKT,Kaveri Seed Company Ltd.,KSCL,Agriculture,INE455I01029
2003,NIFTY TOTAL MKT,Kaynes Technology India Ltd.,KAYNES,Electronics - Components,INE918Z01012
2004,NIFTY TOTAL MKT,Kec International Ltd.,KEC,Engineering - Construction,INE389H01022
2005,NIFTY TOTAL MKT,Kfin Technologies Ltd.,KFINTECH,Depository Services,INE138Y01010
2006,NIFTY TOTAL MKT,Kirloskar Brothers Ltd.,KIRLOSBROS,Compressors / Pumps,INE732A01036
2007,NIFTY TOTAL MKT,Kirloskar Oil Eng Ltd.,KIRLOSENG,Engineering - Industrial Equipments,INE146L01010
2008,NIFTY TOTAL MKT,Kirloskar Pneumatic Company Ltd.,KIRLPNU,Compressors / Pumps,INE811A01020
2009,NIFTY TOTAL MKT,Kitex Garments Ltd.,KITEX,Textile,INE602G01020
2010,NIFTY TOTAL MKT,Kotak Mahindra Bank Ltd.,KOTAKBANK,NIFTY PRIVATE BANK,INE237A01036
2011,NIFTY TOTAL MKT,Krishna Institute of Medical Sciences Ltd.,KIMS,Hospital & Healthcare Services,INE967H01025
2012,NIFTY TOTAL MKT,L&T Finance Ltd.,LTF,Finance - NBFC,INE498L01015
2013,NIFTY TOTAL MKT,L&T Technology Services Ltd.,LTTS,IT - Software,INE010V01017
2014,NIFTY TOTAL MKT,LG Electronics India Ltd.,LGEINDIA,Consumer Durables - Domestic Appliances,INE324D01010
2015,NIFTY TOTAL MKT,LIC Housing Finance Ltd.,LICHSGFIN,Finance - Housing,INE115A01026
2016,NIFTY TOTAL MKT,LT Foods Ltd.,LTFOODS,Consumer Food,INE818H01020
2017,NIFTY TOTAL MKT,LTIMindtree Ltd.,LTM,IT - Software,INE214T01019
2018,NIFTY TOTAL MKT,Larsen & Toubro Ltd.,LT,Engineering - Construction,INE018A01030
2019,NIFTY TOTAL MKT,Latent View Analytics Ltd.,LATENTVIEW,Business Support,INE0I7C01011
2020,NIFTY TOTAL MKT,Laurus Labs Ltd.,LAURUSLABS,Pharmaceuticals & Drugs,INE947Q01028
2021,NIFTY TOTAL MKT,Laxmi Organic Industries Ltd.,LXCHEM,Chemicals,INE576O01020
2022,NIFTY TOTAL MKT,Le Travenues Technology Ltd.,IXIGO,Travel Services,INE0HV901016
2023,NIFTY TOTAL MKT,Leela Palaces Hotels & Resorts Ltd.,THELEELA,"Hotel, Resort & Restaurants",INE0AQ201015
2024,NIFTY TOTAL MKT,Lemon Tree Hotels Ltd.,LEMONTREE,"Hotel, Resort & Restaurants",INE970X01018
2025,NIFTY TOTAL MKT,Lenskart Solutions Ltd.,LENSKART,Retailing,INE956O01016
2026,NIFTY TOTAL MKT,Life Insurance Corporation of India,LICI,Insurance,INE0J1Y01017
2027,NIFTY TOTAL MKT,Linde India Ltd.,LINDEINDIA,Industrial  Gases & Fuels,INE473A01011
2028,NIFTY TOTAL MKT,Lloyds Engineering Works Ltd.,LLOYDSENGG,Engineering - Industrial Equipments,INE093R01011
2029,NIFTY TOTAL MKT,Lloyds Enterprises Ltd.,LLOYDSENT,Trading,INE080I01025
2030,NIFTY TOTAL MKT,Lloyds Metals And Energy Ltd.,LLOYDSME,Steel/Sponge Iron/Pig Iron,INE281B01032
2031,NIFTY TOTAL MKT,Lodha Developers Ltd.,LODHA,Construction - Real Estate,INE670K01029
2032,NIFTY TOTAL MKT,Lumax Auto Technologies Ltd.,LUMAXTECH,Auto Ancillary,INE872H01027
2033,NIFTY TOTAL MKT,Lupin Ltd.,LUPIN,Pharmaceuticals & Drugs,INE326A01037
2034,NIFTY TOTAL MKT,MMTC Ltd.,MMTC,Trading,INE123F01029
2035,NIFTY TOTAL MKT,MOIL Ltd.,MOIL,Mining & Minerals,INE490G01020
2036,NIFTY TOTAL MKT,MRF Ltd.,MRF,Tyres & Allied,INE883A01011
2037,NIFTY TOTAL MKT,MSTC Ltd.,MSTCLTD,e-Commerce,INE255X01014
2038,NIFTY TOTAL MKT,MTAR Technologies Ltd.,MTARTECH,Engineering,INE864I01014
2039,NIFTY TOTAL MKT,Mahanagar Gas Ltd.,MGL,Gas Transmission/Marketing,INE002S01010
2040,NIFTY TOTAL MKT,Maharashtra Scooters Ltd.,MAHSCOOTER,Finance - Investment,INE288A01013
2041,NIFTY TOTAL MKT,Maharashtra Seamless Ltd.,MAHSEAMLES,Steel & Iron Products,INE271B01025
2042,NIFTY TOTAL MKT,Mahindra & Mahindra Financial Services Ltd.,M&MFIN,Finance - NBFC,INE774D01024
2043,NIFTY TOTAL MKT,Mahindra & Mahindra Ltd.,M&M,Automobiles - Passenger Cars,INE101A01026
2044,NIFTY TOTAL MKT,Manappuram Finance Ltd.,MANAPPURAM,Finance - NBFC,INE522D01027
2045,NIFTY TOTAL MKT,Mangalore Refinery & Petrochemicals Ltd.,MRPL,Refineries,INE103A01014
2046,NIFTY TOTAL MKT,Mankind Pharma Ltd.,MANKIND,Pharmaceuticals & Drugs,INE634S01028
2047,NIFTY TOTAL MKT,Manorama Industries Ltd.,MANORAMA,Solvent  Extraction,INE00VM01036
2048,NIFTY TOTAL MKT,Marico Ltd.,MARICO,Consumer Food,INE196A01026
2049,NIFTY TOTAL MKT,Marksans Pharma Ltd.,MARKSANS,Pharmaceuticals & Drugs,INE750C01026
2050,NIFTY TOTAL MKT,Maruti Suzuki India Ltd.,MARUTI,Automobiles - Passenger Cars,INE585B01010
2051,NIFTY TOTAL MKT,Mastek Ltd.,MASTEK,IT - Software,INE759A01021
2052,NIFTY TOTAL MKT,Max Financial Services Ltd.,MFSL,Finance - Others,INE180A01020
2053,NIFTY TOTAL MKT,Max Healthcare Institute Ltd.,MAXHEALTH,Hospital & Healthcare Services,INE027H01010
2054,NIFTY TOTAL MKT,Mazagoan Dock Shipbuilders Ltd.,MAZDOCK,Ship Building,INE249Z01020
2055,NIFTY TOTAL MKT,Medplus Health Services Ltd.,MEDPLUS,Pharmaceuticals & Drugs,INE804L01022
2056,NIFTY TOTAL MKT,Meesho Ltd.,MEESHO,e-Commerce,INE0VDM01015
2057,NIFTY TOTAL MKT,Metropolis Healthcare Ltd.,METROPOLIS,Hospital & Healthcare Services,INE112L01020
2058,NIFTY TOTAL MKT,Minda Corporation Ltd.,MINDACORP,Auto Ancillary,INE842C01021
2059,NIFTY TOTAL MKT,Mishra Dhatu Nigam Ltd.,MIDHANI,Steel & Iron Products,INE099Z01011
2060,NIFTY TOTAL MKT,Motherson Sumi Wiring India Ltd.,MSUMI,Steel & Iron Products,INE0FS801015
2061,NIFTY TOTAL MKT,Motilal Oswal Financial Services Ltd.,MOTILALOFS,Finance - Stock Broking,INE338I01027
2062,NIFTY TOTAL MKT,MphasiS Ltd.,MPHASIS,IT - Software,INE356A01018
2063,NIFTY TOTAL MKT,Mrs. Bectors Food Specialities Ltd.,BECTORFOOD,Consumer Food,INE495P01020
2064,NIFTY TOTAL MKT,Multi Commodity Exchange of India Ltd.,MCX,Finance - Stock Broking,INE745G01043
2065,NIFTY TOTAL MKT,Muthoot Finance Ltd.,MUTHOOTFIN,Finance - NBFC,INE414G01012
2066,NIFTY TOTAL MKT,NATCO Pharma Ltd.,NATCOPHARM,Pharmaceuticals & Drugs,INE987B01026
2067,NIFTY TOTAL MKT,NBCC (India) Ltd.,NBCC,Construction - Real Estate,INE095N01031
2068,NIFTY TOTAL MKT,NCC Ltd.,NCC,Engineering - Construction,INE868B01028
2069,NIFTY TOTAL MKT,NEOGEN CHEMICALS LTD.,NEOGEN,Chemicals,INE136S01016
2070,NIFTY TOTAL MKT,NESCO Ltd.,NESCO,Engineering - Industrial Equipments,INE317F01035
2071,NIFTY TOTAL MKT,NHPC Ltd.,NHPC,Power Generation/Distribution,INE848E01016
2072,NIFTY TOTAL MKT,NLC India Ltd.,NLCINDIA,Power Generation/Distribution,INE589A01014
2073,NIFTY TOTAL MKT,NMDC Ltd.,NMDC,Mining & Minerals,INE584A01023
2074,NIFTY TOTAL MKT,NMDC Steel Ltd.,NSLNISP,Steel & Iron Products,INE0NNS01018
2075,NIFTY TOTAL MKT,NTPC Green Energy Ltd.,NTPCGREEN,Power Generation/Distribution,INE0ONG01011
2076,NIFTY TOTAL MKT,NTPC Ltd.,NTPC,Power Generation/Distribution,INE733E01010
2077,NIFTY TOTAL MKT,Narayana Hrudayalaya Ltd.,NH,Hospital & Healthcare Services,INE410P01011
2078,NIFTY TOTAL MKT,National Aluminium Co. Ltd.,NATIONALUM,Aluminium & Aluminium Products,INE139A01034
2079,NIFTY TOTAL MKT,National Fertilizers Ltd.,NFL,Fertilizers,INE870D01012
2080,NIFTY TOTAL MKT,Nava Ltd.,NAVA,Power Generation/Distribution,INE725A01030
2081,NIFTY TOTAL MKT,Navin Fluorine International Ltd.,NAVINFLUOR,Chemicals,INE048G01026
2082,NIFTY TOTAL MKT,Nazara Technologies Ltd.,NAZARA,IT - Software,INE418L01047
2083,NIFTY TOTAL MKT,Nestle India Ltd.,NESTLEIND,Consumer Food,INE239A01024
2084,NIFTY TOTAL MKT,Netweb Technologies India Ltd.,NETWEB,IT - Hardware,INE0NT901020
2085,NIFTY TOTAL MKT,Network18 Media & Investments Ltd.,NETWORK18,TV Broadcasting & Software Production,INE870H01013
2086,NIFTY TOTAL MKT,Neuland Laboratories Ltd.,NEULANDLAB,Pharmaceuticals & Drugs,INE794A01010
2087,NIFTY TOTAL MKT,Newgen Software Technologies Ltd.,NEWGEN,IT - Software,INE619B01017
2088,NIFTY TOTAL MKT,Nippon Life India Asset Management Ltd.,NAM-INDIA,Finance - Asset Management,INE298J01013
2089,NIFTY TOTAL MKT,Niva Bupa Health Insurance Company Ltd.,NIVABUPA,Insurance,INE995S01015
2090,NIFTY TOTAL MKT,Nuvama Wealth Management Ltd.,NUVAMA,Finance - Others,INE531F01023
2091,NIFTY TOTAL MKT,Nuvoco Vistas Corporation Ltd.,NUVOCO,Cement & Construction Materials,INE118D01016
2092,NIFTY TOTAL MKT,Oberoi Realty Ltd.,OBEROIRLTY,Construction - Real Estate,INE093I01010
2093,NIFTY TOTAL MKT,Oil & Natural Gas Corporation Ltd.,ONGC,Oil Exploration,INE213A01029
2094,NIFTY TOTAL MKT,Oil India Ltd.,OIL,Oil Exploration,INE274J01014
2095,NIFTY TOTAL MKT,Ola Electric Mobility Ltd.,OLAELEC,Automobile Two & Three Wheelers,INE0LXG01040
2096,NIFTY TOTAL MKT,Olectra Greentech Ltd.,OLECTRA,Automobiles-Trucks/Lcv,INE260D01016
2097,NIFTY TOTAL MKT,One 97 Communications Ltd.,PAYTM,Fintech,INE982J01020
2098,NIFTY TOTAL MKT,Onesource Specialty Pharma Ltd.,ONESOURCE,Pharmaceuticals & Drugs,INE013P01021
2099,NIFTY TOTAL MKT,Optiemus Infracom Ltd.,OPTIEMUS,Trading,INE350C01017
2100,NIFTY TOTAL MKT,Oracle Financial Services Software Ltd.,OFSS,IT - Software,INE881D01027
2101,NIFTY TOTAL MKT,Orient Cement Ltd.,ORIENTCEM,Cement & Construction Materials,INE876N01018
2102,NIFTY TOTAL MKT,Orkla India Ltd.,ORKLAINDIA,Consumer Food,INE16NZ01023
2103,NIFTY TOTAL MKT,Oswal Pumps Ltd.,OSWALPUMPS,Compressors / Pumps,INE0BYP01024
2104,NIFTY TOTAL MKT,P N Gadgil Jewellers Ltd.,PNGJL,Diamond  &  Jewellery,INE953R01016
2105,NIFTY TOTAL MKT,PB Fintech Ltd.,POLICYBZR,Fintech,INE417T01026
2106,NIFTY TOTAL MKT,PC Jeweller Ltd.,PCJEWELLER,Diamond  &  Jewellery,INE785M01021
2107,NIFTY TOTAL MKT,PCBL Chemical Ltd.,PCBL,Carbon Black,INE602A01031
2108,NIFTY TOTAL MKT,PG Electroplast Ltd.,PGEL,Consumer Durables - Domestic Appliances,INE457L01029
2109,NIFTY TOTAL MKT,PI Industries Ltd.,PIIND,Pesticides & Agrochemicals,INE603J01030
2110,NIFTY TOTAL MKT,PNB Housing Finance Ltd.,PNBHOUSING,Finance - Housing,INE572E01012
2111,NIFTY TOTAL MKT,PNC Infratech Ltd.,PNCINFRA,Engineering - Construction,INE195J01029
2112,NIFTY TOTAL MKT,PTC India Ltd.,PTC,Power Generation/Distribution,INE877F01012
2113,NIFTY TOTAL MKT,PTC Industries Ltd.,PTCIL,Castings/Forgings,INE596F01018
2114,NIFTY TOTAL MKT,PVR INOX Ltd.,PVRINOX,"Film Production, Distribution & Entertainment",INE191H01014
2115,NIFTY TOTAL MKT,Page Industries Ltd.,PAGEIND,Textile,INE761H01022
2116,NIFTY TOTAL MKT,Paradeep Phosphates Ltd.,PARADEEP,Fertilizers,INE088F01024
2117,NIFTY TOTAL MKT,Paras Defence and Space Technologies Ltd.,PARAS,Defence,INE045601023
2118,NIFTY TOTAL MKT,Park Medi World Ltd.,PARKHOSPS,Hospital & Healthcare Services,INE119201023
2119,NIFTY TOTAL MKT,Patanjali Foods Ltd.,PATANJALI,Edible Oil,INE619A01035
2120,NIFTY TOTAL MKT,Pearl Global Industries Ltd.,PGIL,Textile,INE940H01022
2121,NIFTY TOTAL MKT,Persistent Systems Ltd.,PERSISTENT,IT - Software,INE262H01021
2122,NIFTY TOTAL MKT,Petronet LNG Ltd.,PETRONET,Industrial  Gases & Fuels,INE347G01014
2123,NIFTY TOTAL MKT,Pfizer Ltd.,PFIZER,Pharmaceuticals & Drugs,INE182A01018
2124,NIFTY TOTAL MKT,Phoenix Mills Ltd.,PHOENIXLTD,Construction - Real Estate,INE211B01039
2126,NIFTY TOTAL MKT,Piccadily Agro Industries Ltd.,PICCADIL,Breweries & Distilleries,INE546C01010
2127,NIFTY TOTAL MKT,Pidilite Industries Ltd.,PIDILITIND,Chemicals,INE318A01026
2128,NIFTY TOTAL MKT,Pine Labs Ltd.,PINELABS,Fintech,INE15B701018
2129,NIFTY TOTAL MKT,Piramal Finance Ltd.,PIRAMALFIN,Finance - Housing,INE202B01038
2130,NIFTY TOTAL MKT,Piramal Pharma Ltd.,PPLPHARMA,Pharmaceuticals & Drugs,INE0DK501011
2131,NIFTY TOTAL MKT,Poly Medicure Ltd.,POLYMED,Medical Equipment/Supplies/Accessories,INE205C01021
2132,NIFTY TOTAL MKT,Polycab India Ltd.,POLYCAB,Cable,INE455K01017
2133,NIFTY TOTAL MKT,Poonawalla Fincorp Ltd.,POONAWALLA,Finance - NBFC,INE511C01022
2134,NIFTY TOTAL MKT,Power Finance Corporation Ltd.,PFC,Finance Term Lending,INE134E01011
2135,NIFTY TOTAL MKT,Power Grid Corporation of India Ltd.,POWERGRID,Power Generation/Distribution,INE752E01010
2136,NIFTY TOTAL MKT,Power Mech Projects Ltd.,POWERMECH,Engineering - Construction,INE211R01019
2137,NIFTY TOTAL MKT,Praj Industries Ltd.,PRAJIND,Engineering - Industrial Equipments,INE074A01025
2138,NIFTY TOTAL MKT,Premier Energies Ltd.,PREMIERENE,Electronics - Components,INE0BS701011
2139,NIFTY TOTAL MKT,Prestige Estates Projects Ltd.,PRESTIGE,Construction - Real Estate,INE811K01011
2140,NIFTY TOTAL MKT,Pricol Ltd.,PRICOLLTD,Auto Ancillary,INE726V01018
2141,NIFTY TOTAL MKT,Prime Focus Ltd,PFOCUS,"Film Production, Distribution & Entertainment",INE367G01038
2142,NIFTY TOTAL MKT,Prism Johnson Ltd.,PRSMJOHNSN,Cement & Construction Materials,INE010A01011
2143,NIFTY TOTAL MKT,Privi Speciality Chemicals Ltd.,PRIVISCL,Chemicals,INE959A01019
2144,NIFTY TOTAL MKT,Prudent Corporate Advisory Services Ltd.,PRUDENT,Finance - Others,INE00F201020
2145,NIFTY TOTAL MKT,Punjab National Bank,PNB,NIFTY PRIVATE BANK,INE160A01022
2146,NIFTY TOTAL MKT,Puravankara Ltd.,PURVA,Construction - Real Estate,INE323I01011
2147,NIFTY TOTAL MKT,Quality Power Electrical Equipments Ltd.,QPOWER,Electric Equipment,INE0SII01026
2148,NIFTY TOTAL MKT,Quess Corp Ltd.,QUESS,BPO/ITeS,INE615P01015
2149,NIFTY TOTAL MKT,R R Kabel Ltd.,RRKABEL,Cable,INE777K01022
2150,NIFTY TOTAL MKT,RBL Bank Ltd.,RBLBANK,NIFTY PRIVATE BANK,INE976G01028
2151,NIFTY TOTAL MKT,REC Ltd.,RECLTD,Finance Term Lending,INE020B01018
2152,NIFTY TOTAL MKT,RHI MAGNESITA INDIA LTD.,RHIM,Refractories,INE743M01012
2153,NIFTY TOTAL MKT,RITES Ltd.,RITES,Engineering Consultancy,INE320J01015
2154,NIFTY TOTAL MKT,Radico Khaitan Ltd,RADICO,Breweries & Distilleries,INE944F01028
2155,NIFTY TOTAL MKT,Rail Vikas Nigam Ltd.,RVNL,Engineering - Construction,INE415G01027
2156,NIFTY TOTAL MKT,Railtel Corporation Of India Ltd.,RAILTEL,Telecommunication - Service  Provider,INE0DD101019
2157,NIFTY TOTAL MKT,Rain Industries Ltd,RAIN,Petrochemicals,INE855B01025
2158,NIFTY TOTAL MKT,Rainbow Childrens Medicare Ltd.,RAINBOW,Hospital & Healthcare Services,INE961O01016
2159,NIFTY TOTAL MKT,Rallis India Ltd.,RALLIS,Pesticides & Agrochemicals,INE613A01020
2160,NIFTY TOTAL MKT,Ramkrishna Forgings Ltd.,RKFORGE,Forgings,INE399G01023
2161,NIFTY TOTAL MKT,Rashtriya Chemicals & Fertilizers Ltd.,RCF,Fertilizers,INE027A01015
2162,NIFTY TOTAL MKT,Rategain Travel Technologies Ltd.,RATEGAIN,IT - Software,INE0CLI01024
2163,NIFTY TOTAL MKT,RattanIndia Enterprises Ltd.,RTNINDIA,Professional Services,INE834M01019
2164,NIFTY TOTAL MKT,RattanIndia Power Ltd.,RTNPOWER,Power Generation/Distribution,INE399K01017
2165,NIFTY TOTAL MKT,Raymond Lifestyle Ltd.,RAYMONDLSL,Textile,INE02ID01020
2166,NIFTY TOTAL MKT,Redington Ltd.,REDINGTON,Trading,INE891D01026
2167,NIFTY TOTAL MKT,Redtape Ltd.,REDTAPE,Footwear,INE0LXT01019
2168,NIFTY TOTAL MKT,Refex Industries Ltd.,REFEX,Industrial  Gases & Fuels,INE056I01025
2169,NIFTY TOTAL MKT,Relaxo Footwears Ltd.,RELAXO,Footwear,INE131B01039
2170,NIFTY TOTAL MKT,Reliance Industries Ltd.,RELIANCE,Refineries,INE002A01018
2171,NIFTY TOTAL MKT,Reliance Power Ltd.,RPOWER,Power Generation/Distribution,INE614G01033
2172,NIFTY TOTAL MKT,Religare Enterprises Ltd.,RELIGARE,Finance - Investment,INE621H01010
2173,NIFTY TOTAL MKT,Restaurant Brands Asia Ltd.,RBA,Restaurants,INE07T201019
2174,NIFTY TOTAL MKT,Route Mobile Ltd.,ROUTE,IT - Software,INE450U01017
2175,NIFTY TOTAL MKT,Rubicon Research Ltd.,RUBICON,Pharmaceuticals & Drugs,INE506V01022
2176,NIFTY TOTAL MKT,SBFC Finance Ltd.,SBFC,Finance - NBFC,INE423Y01016
2177,NIFTY TOTAL MKT,SBI Cards and Payment Services Ltd.,SBICARD,Finance - NBFC,INE018E01016
2178,NIFTY TOTAL MKT,SBI Life Insurance Company Ltd.,SBILIFE,Insurance,INE123W01016
2179,NIFTY TOTAL MKT,SJVN Ltd.,SJVN,Power Generation/Distribution,INE002L01015
2180,NIFTY TOTAL MKT,SKF India (Industrial) Ltd.,SKFINDUS,Bearings,INE2J8701016
2181,NIFTY TOTAL MKT,SKF India Ltd.,SKFINDIA,Bearings,INE640A01023
2182,NIFTY TOTAL MKT,SKY GOLD AND DIAMONDS Ltd.,SKYGOLD,Diamond  &  Jewellery,INE01IU01018
2183,NIFTY TOTAL MKT,SML Mahindra Ltd.,SMLMAH,Automobiles-Trucks/Lcv,INE294B01019
2184,NIFTY TOTAL MKT,SRF Ltd.,SRF,Chemicals,INE647A01010
2185,NIFTY TOTAL MKT,Saatvik Green Energy Ltd.,SAATVIKGL,Electric Equipment,INE13B501022
2186,NIFTY TOTAL MKT,Safari Industries (India) Ltd.,SAFARI,Household & Personal Products,INE429E01023
2187,NIFTY TOTAL MKT,Sagility Ltd.,SAGILITY,Business Support,INE0W2G01015
2188,NIFTY TOTAL MKT,Sai Life Sciences Ltd.,SAILIFE,Pharmaceuticals & Drugs,INE570L01029
2189,NIFTY TOTAL MKT,Samhi Hotels Ltd.,SAMHI,"Hotel, Resort & Restaurants",INE08U801020
2190,NIFTY TOTAL MKT,Sammaan Capital Ltd.,SAMMAANCAP,Finance - Housing,INE148I01020
2191,NIFTY TOTAL MKT,Samvardhana Motherson International Ltd.,MOTHERSON,Auto Ancillary,INE775A01035
2192,NIFTY TOTAL MKT,Sandur Manganese & Iron Ores Ltd.,SANDUMA,Mining & Minerals,INE149K01016
2193,NIFTY TOTAL MKT,Sansera Engineering Ltd.,SANSERA,Auto Ancillary,INE953O01021
2194,NIFTY TOTAL MKT,Sapphire Foods India Ltd.,SAPPHIRE,Consumer Food,INE806T01020
2195,NIFTY TOTAL MKT,Sarda Energy and Minerals Ltd.,SARDAEN,Steel & Iron Products,INE385C01021
2196,NIFTY TOTAL MKT,Saregama India Ltd,SAREGAMA,"Film Production, Distribution & Entertainment",INE979A01025
2197,NIFTY TOTAL MKT,Schaeffler India Ltd.,SCHAEFFLER,Bearings,INE513A01022
2198,NIFTY TOTAL MKT,Schneider Electric Infrastructure Ltd.,SCHNEIDER,Electric Equipment,INE839M01018
2199,NIFTY TOTAL MKT,Senco Gold Ltd.,SENCO,Diamond  &  Jewellery,INE602W01027
2200,NIFTY TOTAL MKT,Seshaasai Technologies Ltd.,STYL,Fintech,INE04VU01023
2201,NIFTY TOTAL MKT,Shaily Engineering Plastics Ltd.,SHAILY,Plastic Products,INE151G01028
2202,NIFTY TOTAL MKT,Shakti Pumps (India) Ltd.,SHAKTIPUMP,Compressors / Pumps,INE908D01010
2203,NIFTY TOTAL MKT,Sharda Cropchem Ltd.,SHARDACROP,Pesticides & Agrochemicals,INE221J01015
2204,NIFTY TOTAL MKT,Share India Securities Ltd.,SHAREINDIA,Finance - Stock Broking,INE932X01026
2205,NIFTY TOTAL MKT,Sheela Foam Ltd.,SFL,Household & Personal Products,INE916U01025
2206,NIFTY TOTAL MKT,Shilpa Medicare Ltd.,SHILPAMED,Pharmaceuticals & Drugs,INE790G01031
2207,NIFTY TOTAL MKT,Shipping Corporation of India Ltd.,SCI,Shipping,INE109A01011
2208,NIFTY TOTAL MKT,Shree Cement Ltd.,SHREECEM,Cement & Construction Materials,INE070A01015
2209,NIFTY TOTAL MKT,Shree Renuka Sugars Ltd.,RENUKA,Sugar,INE087H01022
2210,NIFTY TOTAL MKT,Shriram Finance Ltd.,SHRIRAMFIN,Finance - NBFC,INE721A01047
2211,NIFTY TOTAL MKT,Shriram Pistons & Rings Ltd.,SHRIPISTON,Engineering - Industrial Equipments,INE526E01018
2212,NIFTY TOTAL MKT,Shyam Metalics and Energy Ltd.,SHYAMMETL,Steel & Iron Products,INE810G01011
2213,NIFTY TOTAL MKT,Siemens Energy India Ltd.,ENRIN,Electric Equipment,INE1NPP01017
2214,NIFTY TOTAL MKT,Siemens Ltd.,SIEMENS,Electric Equipment,INE003A01024
2215,NIFTY TOTAL MKT,Signatureglobal (India) Ltd.,SIGNATURE,Construction - Real Estate,INE903U01023
2216,NIFTY TOTAL MKT,Skipper Ltd.,SKIPPER,Engineering - Industrial Equipments,INE439E01022
2217,NIFTY TOTAL MKT,Smartworks Coworking Spaces Ltd.,SMARTWORKS,Business Support,INE0NAZ01010
2218,NIFTY TOTAL MKT,Sobha Ltd.,SOBHA,Construction - Real Estate,INE671H01015
2219,NIFTY TOTAL MKT,Solar Industries India Ltd.,SOLARINDS,Chemicals,INE343H01029
2220,NIFTY TOTAL MKT,Sona BLW Precision Forgings Ltd.,SONACOMS,Auto Ancillary,INE073K01018
2221,NIFTY TOTAL MKT,Sonata Software Ltd.,SONATSOFTW,IT - Software,INE269A01021
2222,NIFTY TOTAL MKT,South Indian Bank Ltd.,SOUTHBANK,NIFTY PRIVATE BANK,INE683A01023
2223,NIFTY TOTAL MKT,Sri Lotus Developers and Realty Ltd.,LOTUSDEV,Construction - Real Estate,INE0V9Q01010
2224,NIFTY TOTAL MKT,Star Cement Ltd.,STARCEMENT,Cement & Construction Materials,INE460H01021
2225,NIFTY TOTAL MKT,Star Health and Allied Insurance Company Ltd.,STARHEALTH,Insurance,INE575P01011
2226,NIFTY TOTAL MKT,State Bank of India,SBIN,NIFTY PRIVATE BANK,INE062A01020
2227,NIFTY TOTAL MKT,Steel Authority of India Ltd.,SAIL,Steel & Iron Products,INE114A01011
2228,NIFTY TOTAL MKT,Sterling and Wilson Renewable Energy Ltd.,SWSOLAR,Engineering - Construction,INE00M201021
2229,NIFTY TOTAL MKT,Sterlite Technologies Ltd.,STLTECH,Cable,INE089C01029
2230,NIFTY TOTAL MKT,Strides Pharma Science Ltd.,STAR,Pharmaceuticals & Drugs,INE939A01011
2231,NIFTY TOTAL MKT,Styrenix Performance Materials Ltd.,STYRENIX,Chemicals,INE189B01011
2232,NIFTY TOTAL MKT,Subros Ltd.,SUBROS,Auto Ancillary,INE287B01021
2233,NIFTY TOTAL MKT,Sudarshan Chemical Industries Ltd.,SUDARSCHEM,Dyes & Pigments,INE659A01023
2234,NIFTY TOTAL MKT,Sudeep Pharma Ltd.,SUDEEPPHRM,Pharmaceuticals & Drugs,INE0QPI01025
2235,NIFTY TOTAL MKT,Sumitomo Chemical India Ltd.,SUMICHEM,Pesticides & Agrochemicals,INE258G01013
2236,NIFTY TOTAL MKT,Sun Pharma Advanced Research Company Ltd.,SPARC,Pharmaceuticals & Drugs,INE232I01014
2237,NIFTY TOTAL MKT,Sun Pharmaceutical Industries Ltd.,SUNPHARMA,Pharmaceuticals & Drugs,INE044A01036
2238,NIFTY TOTAL MKT,Sun TV Network Ltd.,SUNTV,TV Broadcasting & Software Production,INE424H01027
2239,NIFTY TOTAL MKT,Sundaram Finance Ltd.,SUNDARMFIN,Finance - NBFC,INE660A01013
2240,NIFTY TOTAL MKT,Sunteck Realty Ltd.,SUNTECK,Construction - Real Estate,INE805D01034
2241,NIFTY TOTAL MKT,Supreme Industries Ltd.,SUPREMEIND,Plastic Products,INE195A01028
2242,NIFTY TOTAL MKT,Supreme Petrochem Ltd.,SPLPETRO,Chemicals,INE663A01033
2243,NIFTY TOTAL MKT,Supriya Lifescience Ltd.,SUPRIYA,Pharmaceuticals & Drugs,INE07RO01027
2244,NIFTY TOTAL MKT,Surya Roshni Ltd.,SURYAROSNI,Steel & Iron Products,INE335A01020
2245,NIFTY TOTAL MKT,Suzlon Energy Ltd.,SUZLON,Electric Equipment,INE040H01021
2246,NIFTY TOTAL MKT,Swan Corp Ltd.,SWANCORP,Petrochemicals,INE665A01038
2247,NIFTY TOTAL MKT,Swiggy Ltd.,SWIGGY,e-Commerce,INE00H001014
2248,NIFTY TOTAL MKT,Syngene International Ltd.,SYNGENE,Pharmaceuticals & Drugs,INE398R01022
2249,NIFTY TOTAL MKT,Syrma SGS Technology Ltd.,SYRMA,Electronics - Components,INE0DYJ01015
2250,NIFTY TOTAL MKT,TARC Ltd.,TARC,Construction - Real Estate,INE0EK901012
2251,NIFTY TOTAL MKT,TBO Tek Ltd.,TBOTEK,Travel Services,INE673O01025
2252,NIFTY TOTAL MKT,TD Power Systems Ltd.,TDPOWERSYS,Electric Equipment,INE419M01027
2253,NIFTY TOTAL MKT,TSF Investments Ltd.,TSFINV,Finance - NBFC,INE202Z01029
2254,NIFTY TOTAL MKT,TVS Motor Company Ltd.,TVSMOTOR,Automobile Two & Three Wheelers,INE494B01023
2255,NIFTY TOTAL MKT,TVS Supply Chain Solutions Ltd.,TVSSCS,Logistics,INE395N01027
2256,NIFTY TOTAL MKT,Tamilnad Mercantile Bank Ltd.,TMB,NIFTY PRIVATE BANK,INE668A01016
2257,NIFTY TOTAL MKT,Tanla Platforms Ltd.,TANLA,IT - Software,INE483C01032
2258,NIFTY TOTAL MKT,Tata Capital Ltd.,TATACAP,Finance - NBFC,INE976I01016
2259,NIFTY TOTAL MKT,Tata Chemicals Ltd.,TATACHEM,Chemicals,INE092A01019
2260,NIFTY TOTAL MKT,Tata Communications Ltd.,TATACOMM,Telecommunication - Service  Provider,INE151A01013
2261,NIFTY TOTAL MKT,Tata Consultancy Services Ltd.,TCS,IT - Software,INE467B01029
2262,NIFTY TOTAL MKT,Tata Consumer Products Ltd.,TATACONSUM,Tea/Coffee,INE192A01025
2263,NIFTY TOTAL MKT,Tata Elxsi Ltd.,TATAELXSI,IT - Software,INE670A01012
2264,NIFTY TOTAL MKT,Tata Investment Corporation Ltd.,TATAINVEST,Finance - NBFC,INE672A01026
2265,NIFTY TOTAL MKT,Tata Motors Ltd.,TMCV,Automobiles-Trucks/Lcv,INE1TAE01010
2266,NIFTY TOTAL MKT,Tata Motors Passenger Vehicles Ltd.,TMPV,Automobile Two & Three Wheelers,INE155A01022
2267,NIFTY TOTAL MKT,Tata Power Co. Ltd.,TATAPOWER,Power Generation/Distribution,INE245A01021
2268,NIFTY TOTAL MKT,Tata Steel Ltd.,TATASTEEL,Steel & Iron Products,INE081A01020
2269,NIFTY TOTAL MKT,Tata Technologies Ltd.,TATATECH,IT - Software,INE142M01025
2270,NIFTY TOTAL MKT,Tata Teleservices (Maharashtra) Ltd.,TTML,Telecommunication - Service  Provider,INE517B01013
2271,NIFTY TOTAL MKT,Tech Mahindra Ltd.,TECHM,IT - Software,INE669C01036
2272,NIFTY TOTAL MKT,Techno Electric & Engineering Company Ltd.,TECHNOE,Engineering - Construction,INE285K01026
2273,NIFTY TOTAL MKT,Tega Industries Ltd.,TEGA,Engineering - Industrial Equipments,INE011K01018
2274,NIFTY TOTAL MKT,Tejas Networks Ltd.,TEJASNET,Telecommunication - Equipment,INE010J01012
2275,NIFTY TOTAL MKT,Tenneco Clean Air India Ltd.,TENNIND,Auto Ancillary,INE19RI01016
2276,NIFTY TOTAL MKT,Texmaco Rail & Eng. Ltd.,TEXRAIL,Railways Wagons,INE621L01012
2277,NIFTY TOTAL MKT,Thangamayil Jewellery Ltd.,THANGAMAYL,Diamond  &  Jewellery,INE085J01014
2278,NIFTY TOTAL MKT,The Anup Engineering Ltd.,ANUP,Engineering - Industrial Equipments,INE294Z01018
2279,NIFTY TOTAL MKT,The New India Assurance Company Ltd.,NIACL,Insurance,INE470Y01017
2280,NIFTY TOTAL MKT,The Ramco Cements Ltd.,RAMCOCEM,Cement & Construction Materials,INE331A01037
2281,NIFTY TOTAL MKT,Thermax Ltd.,THERMAX,Engineering - Industrial Equipments,INE152A01029
2282,NIFTY TOTAL MKT,Thomas Cook (India) Ltd.,THOMASCOOK,Travel Services,INE332A01027
2283,NIFTY TOTAL MKT,Thyrocare Technologies Ltd.,THYROCARE,Hospital & Healthcare Services,INE594H01019
2284,NIFTY TOTAL MKT,Tilaknagar Industries Ltd.,TI,Breweries & Distilleries,INE133E01013
2285,NIFTY TOTAL MKT,Time Technoplast Ltd.,TIMETECHNO,Plastic Products,INE508G01029
2286,NIFTY TOTAL MKT,Timken India Ltd.,TIMKEN,Bearings,INE325A01013
2287,NIFTY TOTAL MKT,Tips Music Ltd.,TIPSMUSIC,"Film Production, Distribution & Entertainment",INE716B01029
2288,NIFTY TOTAL MKT,Titagarh Rail Systems Ltd.,TITAGARH,Railways Wagons,INE615H01020
2289,NIFTY TOTAL MKT,Titan Company Ltd.,TITAN,Diamond  &  Jewellery,INE280A01028
2290,NIFTY TOTAL MKT,Torrent Pharmaceuticals Ltd.,TORNTPHARM,Pharmaceuticals & Drugs,INE685A01028
2291,NIFTY TOTAL MKT,Torrent Power Ltd.,TORNTPOWER,Power Generation/Distribution,INE813H01021
2292,NIFTY TOTAL MKT,Transformers And Rectifiers (India) Ltd.,TARIL,Electric Equipment,INE763I01026
2293,NIFTY TOTAL MKT,Transrail Lighting Ltd.,TRANSRAILL,Electric Equipment,INE454P01035
2294,NIFTY TOTAL MKT,Travel Food Services Ltd.,TRAVELFOOD,Consumer Food,INE103V01028
2295,NIFTY TOTAL MKT,Trent Ltd.,TRENT,Retailing,INE849A01020
2296,NIFTY TOTAL MKT,Trident Ltd.,TRIDENT,Textile - Spinning,INE064C01022
2297,NIFTY TOTAL MKT,Triveni Engineering & Industries Ltd.,TRIVENI,Sugar,INE256C01024
2298,NIFTY TOTAL MKT,Triveni Turbine Ltd.,TRITURBINE,Engineering - Industrial Equipments,INE152M01016
2299,NIFTY TOTAL MKT,Tube Investments of India Ltd.,TIINDIA,Auto Ancillary,INE974X01010
2300,NIFTY TOTAL MKT,UCO Bank,UCOBANK,NIFTY PRIVATE BANK,INE691A01018
2301,NIFTY TOTAL MKT,UNO Minda Ltd.,UNOMINDA,Auto Ancillary,INE405E01023
2302,NIFTY TOTAL MKT,UPL Ltd.,UPL,Pesticides & Agrochemicals,INE628A01036
2303,NIFTY TOTAL MKT,UTI Asset Management Company Ltd.,UTIAMC,Finance - Asset Management,INE094J01016
2304,NIFTY TOTAL MKT,Ujjivan Small Finance Bank Ltd.,UJJIVANSFB,NIFTY PRIVATE BANK,INE551W01018
2305,NIFTY TOTAL MKT,UltraTech Cement Ltd.,ULTRACEMCO,Cement & Construction Materials,INE481G01011
2306,NIFTY TOTAL MKT,Union Bank of India,UNIONBANK,NIFTY PRIVATE BANK,INE692A01016
2307,NIFTY TOTAL MKT,United Breweries Ltd.,UBL,Breweries & Distilleries,INE686F01025
2308,NIFTY TOTAL MKT,United Spirits Ltd.,UNITDSPR,Breweries & Distilleries,INE854D01024
2309,NIFTY TOTAL MKT,Urban Company Ltd.,URBANCO,e-Commerce,INE0CAZ01013
2310,NIFTY TOTAL MKT,Usha Martin Ltd.,USHAMART,Steel & Iron Products,INE228A01035
2311,NIFTY TOTAL MKT,V-Guard Industries Ltd.,VGUARD,Electric Equipment,INE951I01027
2312,NIFTY TOTAL MKT,V-Mart Retail Ltd.,VMART,Retailing,INE665J01013
2313,NIFTY TOTAL MKT,V.I.P. Industries Ltd.,VIPIND,Household & Personal Products,INE054A01027
2314,NIFTY TOTAL MKT,V2 Retail Ltd.,V2RETAIL,Retailing,INE945H01021
2315,NIFTY TOTAL MKT,Va Tech Wabag Ltd.,WABAG,Environmental Services,INE956G01038
2316,NIFTY TOTAL MKT,Vaibhav Global Ltd.,VAIBHAVGBL,Retailing,INE884A01027
2317,NIFTY TOTAL MKT,Valor Estate Ltd.,DBREALTY,Construction - Real Estate,INE879I01012
2318,NIFTY TOTAL MKT,Vardhman Textiles Ltd.,VTL,Textile,INE825A01020
2319,NIFTY TOTAL MKT,Varroc Engineering Ltd.,VARROC,Auto Ancillary,INE665L01035
2320,NIFTY TOTAL MKT,Varun Beverages Ltd.,VBL,Consumer Food,INE200M01039
2321,NIFTY TOTAL MKT,Vedant Fashions Ltd.,MANYAVAR,Textile,INE825V01034
2322,NIFTY TOTAL MKT,Vedanta Ltd.,VEDL,Metal - Non Ferrous,INE205A01025
2323,NIFTY TOTAL MKT,Vijaya Diagnostic Centre Ltd.,VIJAYA,Hospital & Healthcare Services,INE043W01024
2324,NIFTY TOTAL MKT,Vikram Solar Ltd.,VIKRAMSOLR,Electric Equipment,INE078V01014
2325,NIFTY TOTAL MKT,Vishal Mega Mart Ltd.,VMM,Retailing,INE01EA01019
2326,NIFTY TOTAL MKT,Viyash Scientific Ltd.,VIYASH,Pharmaceuticals & Drugs,INE807F01027
2327,NIFTY TOTAL MKT,Vodafone Idea Ltd.,IDEA,Telecommunication - Service  Provider,INE669E01016
2328,NIFTY TOTAL MKT,Voltamp Transformers Ltd,VOLTAMP,Electric Equipment,INE540H01012
2329,NIFTY TOTAL MKT,Voltas Ltd.,VOLTAS,Air Conditioners,INE226A01021
2330,NIFTY TOTAL MKT,Waaree Energies Ltd.,WAAREEENER,Electric Equipment,INE377N01017
2331,NIFTY TOTAL MKT,Waaree Renewable Technologies Ltd.,WAAREERTL,Power Generation/Distribution,INE299N01021
2332,NIFTY TOTAL MKT,Wakefit Innovations Ltd.,WAKEFIT,Household & Personal Products,INE0E7301029
2333,NIFTY TOTAL MKT,WeWork India Management Ltd.,WEWORK,Business Support,INE085001019
2334,NIFTY TOTAL MKT,Websol Energy System Ltd.,WEBELSOLAR,Electronics - Components,INE855C01023
2335,NIFTY TOTAL MKT,Welspun Corp Ltd.,WELCORP,Steel & Iron Products,INE191B01025
2336,NIFTY TOTAL MKT,Welspun Enterprises Ltd.,WELENT,Construction - Real Estate,INE625G01013
2337,NIFTY TOTAL MKT,Welspun Living Ltd.,WELSPUNLIV,Textile,INE192B01031
2338,NIFTY TOTAL MKT,Westlife Foodworld Ltd.,WESTLIFE,Restaurants,INE274F01020
2339,NIFTY TOTAL MKT,Whirlpool of India Ltd.,WHIRLPOOL,Consumer Durables - Domestic Appliances,INE716A01013
2340,NIFTY TOTAL MKT,Wipro Ltd.,WIPRO,IT - Software,INE075A01022
2341,NIFTY TOTAL MKT,Wockhardt Ltd.,WOCKPHARMA,Pharmaceuticals & Drugs,INE049B01025
2342,NIFTY TOTAL MKT,Yatharth Hospital & Trauma Care Services Ltd.,YATHARTH,Hospital & Healthcare Services,INE0JO301016
2343,NIFTY TOTAL MKT,Yes Bank Ltd.,YESBANK,NIFTY PRIVATE BANK,INE528G01035
2344,NIFTY TOTAL MKT,ZF Commercial Vehicle Control Systems India Ltd.,ZFCVINDIA,Auto Ancillary,INE342J01019
2345,NIFTY TOTAL MKT,Zaggle Prepaid Ocean Services Ltd.,ZAGGLE,IT - Software,INE07K301024
2346,NIFTY TOTAL MKT,Zee Entertainment Enterprises Ltd.,ZEEL,TV Broadcasting & Software Production,INE256A01028
2347,NIFTY TOTAL MKT,Zen Technologies Ltd.,ZENTEC,Defence,INE251B01027
2348,NIFTY TOTAL MKT,Zensar Technolgies Ltd.,ZENSARTECH,IT - Software,INE520A01027
2349,NIFTY TOTAL MKT,Zydus Lifesciences Ltd.,ZYDUSLIFE,Pharmaceuticals & Drugs,INE010B01027
2350,NIFTY TOTAL MKT,Zydus Wellness Ltd.,ZYDUSWELL,Consumer Food,INE768C01028
2351,NIFTY TOTAL MKT,eClerx Services Ltd.,ECLERX,BPO/ITeS,INE738I01010
2352,NIFTY MULTICAP 50:25:25,360 ONE WAM Ltd.,360ONE,Finance - Others,INE466L01038
2353,NIFTY MULTICAP 50:25:25,3M India Ltd.,3MINDIA,Diversified,INE470A01017
2354,NIFTY MULTICAP 50:25:25,ABB India Ltd.,ABB,Electric Equipment,INE117A01022
2355,NIFTY MULTICAP 50:25:25,ACC Ltd.,ACC,Cement & Construction Materials,INE012A01025
2356,NIFTY MULTICAP 50:25:25,ACME Solar Holdings Ltd.,ACMESOLAR,Power Generation/Distribution,INE622W01025
2357,NIFTY MULTICAP 50:25:25,AIA Engineering Ltd.,AIAENG,Castings/Forgings,INE212H01026
2358,NIFTY MULTICAP 50:25:25,APL Apollo Tubes Ltd.,APLAPOLLO,Steel & Iron Products,INE702C01027
2359,NIFTY MULTICAP 50:25:25,AU Small Finance Bank Ltd.,AUBANK,NIFTY PRIVATE BANK,INE949L01017
2360,NIFTY MULTICAP 50:25:25,AWL Agri Business Ltd.,AWL,Edible Oil,INE699H01024
2361,NIFTY MULTICAP 50:25:25,Aadhar Housing Finance Ltd.,AADHARHFC,Finance - Housing,INE883F01010
2362,NIFTY MULTICAP 50:25:25,Aarti Industries Ltd.,AARTIIND,Chemicals,INE769A01020
2363,NIFTY MULTICAP 50:25:25,Aavas Financiers Ltd.,AAVAS,Finance - Housing,INE216P01012
2364,NIFTY MULTICAP 50:25:25,Abbott India Ltd.,ABBOTINDIA,Pharmaceuticals & Drugs,INE358A01014
2365,NIFTY MULTICAP 50:25:25,Action Construction Equipment Ltd.,ACE,Construction Vehicles,INE731H01025
2366,NIFTY MULTICAP 50:25:25,Acutaas Chemicals Ltd.,ACUTAAS,Pharmaceuticals & Drugs,INE00FF01025
2367,NIFTY MULTICAP 50:25:25,Adani Energy Solutions Ltd.,ADANIENSOL,Power Generation/Distribution,INE931S01010
2368,NIFTY MULTICAP 50:25:25,Adani Enterprises Ltd.,ADANIENT,Trading,INE423A01024
2369,NIFTY MULTICAP 50:25:25,Adani Green Energy Ltd.,ADANIGREEN,Power Generation/Distribution,INE364U01010
2370,NIFTY MULTICAP 50:25:25,Adani Ports and Special Economic Zone Ltd.,ADANIPORTS,Port,INE742F01042
2371,NIFTY MULTICAP 50:25:25,Adani Power Ltd.,ADANIPOWER,Power Generation/Distribution,INE814H01029
2372,NIFTY MULTICAP 50:25:25,Adani Total Gas Ltd.,ATGL,Gas Transmission/Marketing,INE399L01023
2373,NIFTY MULTICAP 50:25:25,Aditya Birla Capital Ltd.,ABCAPITAL,Finance - NBFC,INE674K01013
2374,NIFTY MULTICAP 50:25:25,Aditya Birla Fashion and Retail Ltd.,ABFRL,Retailing,INE647O01011
2375,NIFTY MULTICAP 50:25:25,Aditya Birla Lifestyle Brands Ltd.,ABLBL,Retailing,INE14LE01019
2376,NIFTY MULTICAP 50:25:25,Aditya Birla Real Estate Ltd.,ABREL,Paper & Paper Products,INE055A01016
2377,NIFTY MULTICAP 50:25:25,Aditya Birla Sun Life AMC Ltd.,ABSLAMC,Finance - Asset Management,INE404A01024
2378,NIFTY MULTICAP 50:25:25,Aditya Infotech Ltd.,CPPLUS,Engineering - Industrial Equipments,INE819V01029
2379,NIFTY MULTICAP 50:25:25,Aegis Logistics Ltd.,AEGISLOG,Logistics,INE208C01025
2380,NIFTY MULTICAP 50:25:25,Aegis Vopak Terminals Ltd.,AEGISVOPAK,Oil Exploration,INE0INX01018
2381,NIFTY MULTICAP 50:25:25,Afcons Infrastructure Ltd.,AFCONS,Engineering - Construction,INE101I01011
2382,NIFTY MULTICAP 50:25:25,Affle 3i Ltd.,AFFLE,BPO/ITeS,INE00WC01027
2383,NIFTY MULTICAP 50:25:25,Ajanta Pharmaceuticals Ltd.,AJANTPHARM,Pharmaceuticals & Drugs,INE031B01049
2384,NIFTY MULTICAP 50:25:25,Akzo Nobel India Ltd.,AKZOINDIA,Paints,INE133A01011
2385,NIFTY MULTICAP 50:25:25,Alkem Laboratories Ltd.,ALKEM,Pharmaceuticals & Drugs,INE540L01014
2386,NIFTY MULTICAP 50:25:25,Allied Blenders and Distillers Ltd.,ABDL,Breweries & Distilleries,INE552Z01027
2387,NIFTY MULTICAP 50:25:25,Amara Raja Energy & Mobility Ltd.,ARE&M,Batteries,INE885A01032
2388,NIFTY MULTICAP 50:25:25,Amber Enterprises India Ltd.,AMBER,Air Conditioners,INE371P01015
2389,NIFTY MULTICAP 50:25:25,Ambuja Cements Ltd.,AMBUJACEM,Cement & Construction Materials,INE079A01024
2390,NIFTY MULTICAP 50:25:25,Anand Rathi Wealth Ltd.,ANANDRATHI,Finance - Others,INE463V01026
2391,NIFTY MULTICAP 50:25:25,Anant Raj Ltd.,ANANTRAJ,Construction - Real Estate,INE242C01024
2392,NIFTY MULTICAP 50:25:25,Angel One Ltd.,ANGELONE,Finance - Stock Broking,INE732I01021
2393,NIFTY MULTICAP 50:25:25,Anthem Biosciences Ltd.,ANTHEM,Pharmaceuticals & Drugs,INE0CZ201020
2394,NIFTY MULTICAP 50:25:25,Anupam Rasayan India Ltd.,ANURAS,Chemicals,INE930P01018
2395,NIFTY MULTICAP 50:25:25,Apar Industries Ltd.,APARINDS,Electric Equipment,INE372A01015
2396,NIFTY MULTICAP 50:25:25,Apollo Hospitals Enterprise Ltd.,APOLLOHOSP,Hospital & Healthcare Services,INE437A01024
2397,NIFTY MULTICAP 50:25:25,Apollo Tyres Ltd.,APOLLOTYRE,Tyres & Allied,INE438A01022
2398,NIFTY MULTICAP 50:25:25,Aptus Value Housing Finance India Ltd.,APTUS,Finance - Housing,INE852O01025
2399,NIFTY MULTICAP 50:25:25,Asahi India Glass Ltd.,ASAHIINDIA,Glass,INE439A01020
2400,NIFTY MULTICAP 50:25:25,Ashok Leyland Ltd.,ASHOKLEY,Automobiles-Trucks/Lcv,INE208A01029
2401,NIFTY MULTICAP 50:25:25,Asian Paints Ltd.,ASIANPAINT,Paints,INE021A01026
2402,NIFTY MULTICAP 50:25:25,Aster DM Healthcare Ltd.,ASTERDM,Hospital & Healthcare Services,INE914M01019
2403,NIFTY MULTICAP 50:25:25,Astral Ltd.,ASTRAL,Plastic Products,INE006I01046
2404,NIFTY MULTICAP 50:25:25,Ather Energy Ltd.,ATHERENERG,Automobile Two & Three Wheelers,INE0LEZ01016
2405,NIFTY MULTICAP 50:25:25,Atul Ltd.,ATUL,Chemicals,INE100A01010
2406,NIFTY MULTICAP 50:25:25,Aurobindo Pharma Ltd.,AUROPHARMA,Pharmaceuticals & Drugs,INE406A01037
2407,NIFTY MULTICAP 50:25:25,Authum Investment & Infrastructure Ltd.,AIIL,Finance - Investment,INE206F01022
2408,NIFTY MULTICAP 50:25:25,Avenue Supermarts Ltd.,DMART,Retailing,INE192R01011
2409,NIFTY MULTICAP 50:25:25,Axis Bank Ltd.,AXISBANK,NIFTY PRIVATE BANK,INE238A01034
2410,NIFTY MULTICAP 50:25:25,BEML Ltd.,BEML,Construction Vehicles,INE258A01024
2411,NIFTY MULTICAP 50:25:25,BLS International Services Ltd.,BLS,Travel Services,INE153T01027
2412,NIFTY MULTICAP 50:25:25,BSE Ltd.,BSE,Finance - Others,INE118H01025
2413,NIFTY MULTICAP 50:25:25,Bajaj Auto Ltd.,BAJAJ-AUTO,Automobile Two & Three Wheelers,INE917I01010
2414,NIFTY MULTICAP 50:25:25,Bajaj Finance Ltd.,BAJFINANCE,Finance - NBFC,INE296A01032
2415,NIFTY MULTICAP 50:25:25,Bajaj Finserv Ltd.,BAJAJFINSV,Finance - Investment,INE918I01026
2416,NIFTY MULTICAP 50:25:25,Bajaj Holdings & Investment Ltd.,BAJAJHLDNG,Finance - NBFC,INE118A01012
2417,NIFTY MULTICAP 50:25:25,Bajaj Housing Finance Ltd.,BAJAJHFL,Finance - Housing,INE377Y01014
2418,NIFTY MULTICAP 50:25:25,Balkrishna Industries Ltd.,BALKRISIND,Tyres & Allied,INE787D01026
2419,NIFTY MULTICAP 50:25:25,Balrampur Chini Mills Ltd.,BALRAMCHIN,Sugar,INE119A01028
2420,NIFTY MULTICAP 50:25:25,Bandhan Bank Ltd.,BANDHANBNK,NIFTY PRIVATE BANK,INE545U01014
2421,NIFTY MULTICAP 50:25:25,Bank of Baroda,BANKBARODA,NIFTY PRIVATE BANK,INE028A01039
2422,NIFTY MULTICAP 50:25:25,Bank of India,BANKINDIA,NIFTY PRIVATE BANK,INE084A01016
2423,NIFTY MULTICAP 50:25:25,Bank of Maharashtra,MAHABANK,NIFTY PRIVATE BANK,INE457A01014
2424,NIFTY MULTICAP 50:25:25,Bata India Ltd.,BATAINDIA,Footwear,INE176A01028
2425,NIFTY MULTICAP 50:25:25,Bayer Cropscience Ltd.,BAYERCROP,Pesticides & Agrochemicals,INE462A01022
2426,NIFTY MULTICAP 50:25:25,Belrise Industries Ltd.,BELRISE,Auto Ancillary,INE894V01022
2427,NIFTY MULTICAP 50:25:25,Berger Paints India Ltd.,BERGEPAINT,Paints,INE463A01038
2428,NIFTY MULTICAP 50:25:25,Bharat Dynamics Ltd.,BDL,Defence,INE171Z01026
2429,NIFTY MULTICAP 50:25:25,Bharat Electronics Ltd.,BEL,Defence,INE263A01024
2430,NIFTY MULTICAP 50:25:25,Bharat Forge Ltd.,BHARATFORG,Forgings,INE465A01025
2431,NIFTY MULTICAP 50:25:25,Bharat Heavy Electricals Ltd.,BHEL,Engineering - Industrial Equipments,INE257A01026
2432,NIFTY MULTICAP 50:25:25,Bharat Petroleum Corporation Ltd.,BPCL,Refineries,INE029A01011
2433,NIFTY MULTICAP 50:25:25,Bharti Airtel Ltd.,BHARTIARTL,Telecommunication - Service  Provider,INE397D01024
2434,NIFTY MULTICAP 50:25:25,Bharti Hexacom Ltd.,BHARTIHEXA,Telecommunication - Service  Provider,INE343G01021
2435,NIFTY MULTICAP 50:25:25,Bikaji Foods International Ltd.,BIKAJI,Consumer Food,INE00E101023
2436,NIFTY MULTICAP 50:25:25,Billionbrains Garage Ventures Ltd.,GROWW,Finance - Stock Broking,INE0HOQ01053
2437,NIFTY MULTICAP 50:25:25,Biocon Ltd.,BIOCON,Pharmaceuticals & Drugs,INE376G01013
2438,NIFTY MULTICAP 50:25:25,Birlasoft Ltd.,BSOFT,IT - Software,INE836A01035
2439,NIFTY MULTICAP 50:25:25,Blue Dart Express Ltd.,BLUEDART,Courier  Services,INE233B01017
2440,NIFTY MULTICAP 50:25:25,Blue Jet Healthcare Ltd.,BLUEJET,Pharmaceuticals & Drugs,INE0KBH01020
2441,NIFTY MULTICAP 50:25:25,Blue Star Ltd.,BLUESTARCO,Air Conditioners,INE472A01039
2442,NIFTY MULTICAP 50:25:25,Bombay Burmah Trading Corporation Ltd.,BBTC,Agriculture,INE050A01025
2443,NIFTY MULTICAP 50:25:25,Bosch Ltd.,BOSCHLTD,Auto Ancillary,INE323A01026
2444,NIFTY MULTICAP 50:25:25,Brainbees Solutions Ltd.,FIRSTCRY,e-Commerce,INE02RE01045
2445,NIFTY MULTICAP 50:25:25,Brigade Enterprises Ltd.,BRIGADE,Construction - Real Estate,INE791I01019
2446,NIFTY MULTICAP 50:25:25,Britannia Industries Ltd.,BRITANNIA,Consumer Food,INE216A01030
2447,NIFTY MULTICAP 50:25:25,C.E. Info Systems Ltd.,MAPMYINDIA,IT - Software,INE0BV301023
2448,NIFTY MULTICAP 50:25:25,CCL Products (I) Ltd.,CCL,Tea/Coffee,INE421D01022
2449,NIFTY MULTICAP 50:25:25,CESC Ltd.,CESC,Power Generation/Distribution,INE486A01021
2450,NIFTY MULTICAP 50:25:25,CG Power and Industrial Solutions Ltd.,CGPOWER,Electric Equipment,INE067A01029
2451,NIFTY MULTICAP 50:25:25,CRISIL Ltd.,CRISIL,Ratings,INE007A01025
2452,NIFTY MULTICAP 50:25:25,Can Fin Homes Ltd.,CANFINHOME,Finance - Housing,INE477A01020
2453,NIFTY MULTICAP 50:25:25,Canara Bank,CANBK,NIFTY PRIVATE BANK,INE476A01022
2454,NIFTY MULTICAP 50:25:25,Canara HSBC Life Insurance Company Ltd.,CANHLIFE,Insurance,INE01TY01017
2455,NIFTY MULTICAP 50:25:25,Caplin Point Laboratories Ltd.,CAPLIPOINT,Pharmaceuticals & Drugs,INE475E01026
2456,NIFTY MULTICAP 50:25:25,Capri Global Capital Ltd.,CGCL,Finance - Investment,INE180C01042
2457,NIFTY MULTICAP 50:25:25,Carborundum Universal Ltd.,CARBORUNIV,Abrasives,INE120A01034
2458,NIFTY MULTICAP 50:25:25,Cartrade Tech Ltd.,CARTRADE,e-Commerce,INE290S01011
2459,NIFTY MULTICAP 50:25:25,Castrol India Ltd.,CASTROLIND,Lubricants,INE172A01027
2460,NIFTY MULTICAP 50:25:25,Ceat Ltd.,CEATLTD,Tyres & Allied,INE482A01020
2461,NIFTY MULTICAP 50:25:25,Cemindia Projects Ltd.,CEMPRO,Engineering - Construction,INE686A01026
2462,NIFTY MULTICAP 50:25:25,Central Bank of India,CENTRALBK,NIFTY PRIVATE BANK,INE483A01010
2463,NIFTY MULTICAP 50:25:25,Central Depository Services (India) Ltd.,CDSL,Depository Services,INE736A01011
2464,NIFTY MULTICAP 50:25:25,Chalet Hotels Ltd.,CHALET,"Hotel, Resort & Restaurants",INE427F01016
2465,NIFTY MULTICAP 50:25:25,Chambal Fertilizers & Chemicals Ltd.,CHAMBLFERT,Fertilizers,INE085A01013
2466,NIFTY MULTICAP 50:25:25,Chennai Petroleum Corporation Ltd.,CHENNPETRO,Refineries,INE178A01016
2467,NIFTY MULTICAP 50:25:25,Choice International Ltd.,CHOICEIN,Finance - Stock Broking,INE102B01014
2468,NIFTY MULTICAP 50:25:25,Cholamandalam Financial Holdings Ltd.,CHOLAHLDNG,Finance - Investment,INE149A01033
2469,NIFTY MULTICAP 50:25:25,Cholamandalam Investment and Finance Company Ltd.,CHOLAFIN,Finance - NBFC,INE121A01024
2470,NIFTY MULTICAP 50:25:25,Cipla Ltd.,CIPLA,Pharmaceuticals & Drugs,INE059A01026
2471,NIFTY MULTICAP 50:25:25,City Union Bank Ltd.,CUB,NIFTY PRIVATE BANK,INE491A01021
2472,NIFTY MULTICAP 50:25:25,Clean Science and Technology Ltd.,CLEAN,Chemicals,INE227W01023
2473,NIFTY MULTICAP 50:25:25,Coal India Ltd.,COALINDIA,Mining & Minerals,INE522F01014
2474,NIFTY MULTICAP 50:25:25,Cochin Shipyard Ltd.,COCHINSHIP,Ship Building,INE704P01025
2475,NIFTY MULTICAP 50:25:25,Coforge Ltd.,COFORGE,IT - Software,INE591G01025
2476,NIFTY MULTICAP 50:25:25,Cohance Lifesciences Ltd.,COHANCE,Pharmaceuticals & Drugs,INE03QK01018
2477,NIFTY MULTICAP 50:25:25,Colgate Palmolive (India) Ltd.,COLPAL,Household & Personal Products,INE259A01022
2478,NIFTY MULTICAP 50:25:25,Computer Age Management Services Ltd.,CAMS,Depository Services,INE596I01020
2479,NIFTY MULTICAP 50:25:25,Concord Biotech Ltd.,CONCORDBIO,Pharmaceuticals & Drugs,INE338H01029
2480,NIFTY MULTICAP 50:25:25,Container Corporation of India Ltd.,CONCOR,Logistics,INE111A01025
2481,NIFTY MULTICAP 50:25:25,Coromandel International Ltd.,COROMANDEL,Fertilizers,INE169A01031
2482,NIFTY MULTICAP 50:25:25,Craftsman Automation Ltd.,CRAFTSMAN,Auto Ancillary,INE00LO01017
2483,NIFTY MULTICAP 50:25:25,CreditAccess Grameen Ltd.,CREDITACC,Finance - NBFC,INE741K01010
2484,NIFTY MULTICAP 50:25:25,Crompton Greaves Consumer Electricals Ltd.,CROMPTON,Consumer Durables - Domestic Appliances,INE299U01018
2485,NIFTY MULTICAP 50:25:25,Cummins India Ltd.,CUMMINSIND,Diesel Engines,INE298A01020
2486,NIFTY MULTICAP 50:25:25,Cyient Ltd.,CYIENT,IT - Software,INE136B01020
2487,NIFTY MULTICAP 50:25:25,DCM Shriram Ltd.,DCMSHRIRAM,Diversified,INE499A01024
2488,NIFTY MULTICAP 50:25:25,DLF Ltd.,DLF,Construction - Real Estate,INE271C01023
2489,NIFTY MULTICAP 50:25:25,DOMS Industries Ltd.,DOMS,Printing & Stationery,INE321T01012
2490,NIFTY MULTICAP 50:25:25,Dabur India Ltd.,DABUR,Household & Personal Products,INE016A01026
2491,NIFTY MULTICAP 50:25:25,Dalmia Bharat Ltd.,DALBHARAT,Cement & Construction Materials,INE00R701025
2492,NIFTY MULTICAP 50:25:25,Data Patterns (India) Ltd.,DATAPATTNS,Defence,INE0IX101010
2493,NIFTY MULTICAP 50:25:25,Deepak Fertilisers & Petrochemicals Corp. Ltd.,DEEPAKFERT,Chemicals,INE501A01019
2494,NIFTY MULTICAP 50:25:25,Deepak Nitrite Ltd.,DEEPAKNTR,Chemicals,INE288B01029
2495,NIFTY MULTICAP 50:25:25,Delhivery Ltd.,DELHIVERY,Courier  Services,INE148O01028
2496,NIFTY MULTICAP 50:25:25,Devyani International Ltd.,DEVYANI,Consumer Food,INE872J01023
2497,NIFTY MULTICAP 50:25:25,Divi's Laboratories Ltd.,DIVISLAB,Pharmaceuticals & Drugs,INE361B01024
2498,NIFTY MULTICAP 50:25:25,Dixon Technologies (India) Ltd.,DIXON,Consumer Durables - Electronics,INE935N01020
2499,NIFTY MULTICAP 50:25:25,Dr. Lal Path Labs Ltd.,LALPATHLAB,Hospital & Healthcare Services,INE600L01024
2500,NIFTY MULTICAP 50:25:25,Dr. Reddy's Laboratories Ltd.,DRREDDY,Pharmaceuticals & Drugs,INE089A01031
2501,NIFTY MULTICAP 50:25:25,E.I.D. Parry (India) Ltd.,EIDPARRY,Sugar,INE126A01031
2502,NIFTY MULTICAP 50:25:25,EIH Ltd.,EIHOTEL,"Hotel, Resort & Restaurants",INE230A01023
2503,NIFTY MULTICAP 50:25:25,Eicher Motors Ltd.,EICHERMOT,Automobile Two & Three Wheelers,INE066A01021
2504,NIFTY MULTICAP 50:25:25,Elecon Engineering Co. Ltd.,ELECON,Engineering - Industrial Equipments,INE205B01031
2505,NIFTY MULTICAP 50:25:25,Elgi Equipments Ltd.,ELGIEQUIP,Compressors / Pumps,INE285A01027
2506,NIFTY MULTICAP 50:25:25,Emami Ltd.,EMAMILTD,Household & Personal Products,INE548C01032
2507,NIFTY MULTICAP 50:25:25,Emcure Pharmaceuticals Ltd.,EMCURE,Pharmaceuticals & Drugs,INE168P01015
2508,NIFTY MULTICAP 50:25:25,Emmvee Photovoltaic Power Ltd.,EMMVEE,Electric Equipment,INE1C6T01020
2509,NIFTY MULTICAP 50:25:25,Endurance Technologies Ltd.,ENDURANCE,Auto Ancillary,INE913H01037
2510,NIFTY MULTICAP 50:25:25,Engineers India Ltd.,ENGINERSIN,Engineering,INE510A01028
2511,NIFTY MULTICAP 50:25:25,Eris Lifesciences Ltd.,ERIS,Pharmaceuticals & Drugs,INE406M01024
2512,NIFTY MULTICAP 50:25:25,Escorts Kubota Ltd.,ESCORTS,Automobiles-Tractors,INE042A01014
2513,NIFTY MULTICAP 50:25:25,Eternal Ltd.,ETERNAL,e-Commerce,INE758T01015
2514,NIFTY MULTICAP 50:25:25,Exide Industries Ltd.,EXIDEIND,Batteries,INE302A01020
2515,NIFTY MULTICAP 50:25:25,FSN E-Commerce Ventures Ltd.,NYKAA,e-Commerce,INE388Y01029
2516,NIFTY MULTICAP 50:25:25,Federal Bank Ltd.,FEDERALBNK,NIFTY PRIVATE BANK,INE171A01029
2517,NIFTY MULTICAP 50:25:25,Fertilisers and Chemicals Travancore Ltd.,FACT,Fertilizers,INE188A01015
2518,NIFTY MULTICAP 50:25:25,Finolex Cables Ltd.,FINCABLES,Cable,INE235A01022
2519,NIFTY MULTICAP 50:25:25,Firstsource Solutions Ltd.,FSL,BPO/ITeS,INE684F01012
2520,NIFTY MULTICAP 50:25:25,Five-Star Business Finance Ltd.,FIVESTAR,Finance - NBFC,INE128S01021
2521,NIFTY MULTICAP 50:25:25,Force Motors Ltd.,FORCEMOT,Automobiles-Trucks/Lcv,INE451A01017
2522,NIFTY MULTICAP 50:25:25,Fortis Healthcare Ltd.,FORTIS,Hospital & Healthcare Services,INE061F01013
2523,NIFTY MULTICAP 50:25:25,GAIL (India) Ltd.,GAIL,Industrial  Gases & Fuels,INE129A01019
2524,NIFTY MULTICAP 50:25:25,GE Vernova T&D India Ltd.,GVT&D,Electric Equipment,INE200A01026
2525,NIFTY MULTICAP 50:25:25,GMR Airports Ltd.,GMRAIRPORT,Airport Management Services,INE776C01039
2526,NIFTY MULTICAP 50:25:25,Gabriel India Ltd.,GABRIEL,Auto Ancillary,INE524A01029
2527,NIFTY MULTICAP 50:25:25,Gallantt Ispat Ltd.,GALLANTT,Steel & Iron Products,INE297H01019
2528,NIFTY MULTICAP 50:25:25,Garden Reach Shipbuilders & Engineers Ltd.,GRSE,Ship Building,INE382Z01011
2529,NIFTY MULTICAP 50:25:25,General Insurance Corporation of India,GICRE,Insurance,INE481Y01014
2530,NIFTY MULTICAP 50:25:25,Gillette India Ltd.,GILLETTE,Household & Personal Products,INE322A01010
2531,NIFTY MULTICAP 50:25:25,Gland Pharma Ltd.,GLAND,Pharmaceuticals & Drugs,INE068V01023
2532,NIFTY MULTICAP 50:25:25,Glaxosmithkline Pharmaceuticals Ltd.,GLAXO,Pharmaceuticals & Drugs,INE159A01016
2533,NIFTY MULTICAP 50:25:25,Glenmark Pharmaceuticals Ltd.,GLENMARK,Pharmaceuticals & Drugs,INE935A01035
2534,NIFTY MULTICAP 50:25:25,Global Health Ltd.,MEDANTA,Hospital & Healthcare Services,INE474Q01031
2535,NIFTY MULTICAP 50:25:25,Go Digit General Insurance Ltd.,GODIGIT,Insurance,INE03JT01014
2536,NIFTY MULTICAP 50:25:25,Godawari Power & Ispat Ltd.,GPIL,Steel & Iron Products,INE177H01039
2537,NIFTY MULTICAP 50:25:25,Godfrey Phillips India Ltd.,GODFRYPHLP,Cigarettes/Tobacco,INE260B01028
2538,NIFTY MULTICAP 50:25:25,Godrej Consumer Products Ltd.,GODREJCP,Household & Personal Products,INE102D01028
2539,NIFTY MULTICAP 50:25:25,Godrej Industries Ltd.,GODREJIND,Chemicals,INE233A01035
2540,NIFTY MULTICAP 50:25:25,Godrej Properties Ltd.,GODREJPROP,Construction - Real Estate,INE484J01027
2541,NIFTY MULTICAP 50:25:25,Granules India Ltd.,GRANULES,Pharmaceuticals & Drugs,INE101D01020
2542,NIFTY MULTICAP 50:25:25,Graphite India Ltd.,GRAPHITE,Electrodes & Welding Equipment,INE371A01025
2543,NIFTY MULTICAP 50:25:25,Grasim Industries Ltd.,GRASIM,Cement & Construction Materials,INE047A01021
2544,NIFTY MULTICAP 50:25:25,Gravita India Ltd.,GRAVITA,Metal - Non Ferrous,INE024L01027
2545,NIFTY MULTICAP 50:25:25,Great Eastern Shipping Co. Ltd.,GESHIP,Shipping,INE017A01032
2546,NIFTY MULTICAP 50:25:25,Gujarat Fluorochemicals Ltd.,FLUOROCHEM,Chemicals,INE09N301011
2547,NIFTY MULTICAP 50:25:25,Gujarat Mineral Development Corporation Ltd.,GMDCLTD,Mining & Minerals,INE131A01031
2548,NIFTY MULTICAP 50:25:25,Gujarat State Petronet Ltd.,GSPL,Gas Transmission/Marketing,INE246F01010
2549,NIFTY MULTICAP 50:25:25,H.E.G. Ltd.,HEG,Electrodes & Welding Equipment,INE545A01024
2550,NIFTY MULTICAP 50:25:25,HBL Engineering Ltd.,HBLENGINE,Batteries,INE292B01021
2551,NIFTY MULTICAP 50:25:25,HCL Technologies Ltd.,HCLTECH,IT - Software,INE860A01027
2552,NIFTY MULTICAP 50:25:25,HDB Financial Services Ltd.,HDBFS,Finance - NBFC,INE756I01012
2553,NIFTY MULTICAP 50:25:25,HDFC Asset Management Company Ltd.,HDFCAMC,Finance - Asset Management,INE127D01025
2554,NIFTY MULTICAP 50:25:25,HDFC Bank Ltd.,HDFCBANK,NIFTY PRIVATE BANK,INE040A01034
2555,NIFTY MULTICAP 50:25:25,HDFC Life Insurance Company Ltd.,HDFCLIFE,Insurance,INE795G01014
2556,NIFTY MULTICAP 50:25:25,HFCL Ltd.,HFCL,Telecom-Infrastructure,INE548A01028
2557,NIFTY MULTICAP 50:25:25,Havells India Ltd.,HAVELLS,Electric Equipment,INE176B01034
2558,NIFTY MULTICAP 50:25:25,Hero MotoCorp Ltd.,HEROMOTOCO,Automobile Two & Three Wheelers,INE158A01026
2559,NIFTY MULTICAP 50:25:25,Hexaware Technologies Ltd.,HEXT,IT - Software,INE093A01041
2560,NIFTY MULTICAP 50:25:25,Himadri Speciality Chemical Ltd.,HSCL,Chemicals,INE019C01026
2561,NIFTY MULTICAP 50:25:25,Hindalco Industries Ltd.,HINDALCO,Metal - Non Ferrous,INE038A01020
2562,NIFTY MULTICAP 50:25:25,Hindustan Aeronautics Ltd.,HAL,Defence,INE066F01020
2563,NIFTY MULTICAP 50:25:25,Hindustan Copper Ltd.,HINDCOPPER,Metal - Non Ferrous,INE531E01026
2564,NIFTY MULTICAP 50:25:25,Hindustan Petroleum Corporation Ltd.,HINDPETRO,Refineries,INE094A01015
2565,NIFTY MULTICAP 50:25:25,Hindustan Unilever Ltd.,HINDUNILVR,Household & Personal Products,INE030A01027
2566,NIFTY MULTICAP 50:25:25,Hindustan Zinc Ltd.,HINDZINC,Metal - Non Ferrous,INE267A01025
2567,NIFTY MULTICAP 50:25:25,Hitachi Energy India Ltd.,POWERINDIA,Electric Equipment,INE07Y701011
2568,NIFTY MULTICAP 50:25:25,Home First Finance Company India Ltd.,HOMEFIRST,Finance - Housing,INE481N01025
2569,NIFTY MULTICAP 50:25:25,Honasa Consumer Ltd.,HONASA,Trading,INE0J5401028
2570,NIFTY MULTICAP 50:25:25,Honeywell Automation India Ltd.,HONAUT,Consumer Durables - Electronics,INE671A01010
2571,NIFTY MULTICAP 50:25:25,Housing & Urban Development Corporation Ltd.,HUDCO,Finance - Housing,INE031A01017
2572,NIFTY MULTICAP 50:25:25,Hyundai Motor India Ltd.,HYUNDAI,Automobiles - Passenger Cars,INE0V6F01027
2573,NIFTY MULTICAP 50:25:25,ICICI Bank Ltd.,ICICIBANK,NIFTY PRIVATE BANK,INE090A01021
2574,NIFTY MULTICAP 50:25:25,ICICI Lombard General Insurance Company Ltd.,ICICIGI,Insurance,INE765G01017
2575,NIFTY MULTICAP 50:25:25,ICICI Prudential Asset Management Company Ltd.,ICICIAMC,Finance - Asset Management,INE346A01027
2576,NIFTY MULTICAP 50:25:25,ICICI Prudential Life Insurance Company Ltd.,ICICIPRULI,Insurance,INE726G01019
2577,NIFTY MULTICAP 50:25:25,IDBI Bank Ltd.,IDBI,NIFTY PRIVATE BANK,INE008A01015
2578,NIFTY MULTICAP 50:25:25,IDFC First Bank Ltd.,IDFCFIRSTB,NIFTY PRIVATE BANK,INE092T01019
2579,NIFTY MULTICAP 50:25:25,IFCI Ltd.,IFCI,Finance Term Lending,INE039A01010
2580,NIFTY MULTICAP 50:25:25,IIFL Finance Ltd.,IIFL,Finance - Investment,INE530B01024
2581,NIFTY MULTICAP 50:25:25,IRB Infrastructure Developers Ltd.,IRB,Engineering - Construction,INE821I01022
2582,NIFTY MULTICAP 50:25:25,IRCON International Ltd.,IRCON,Engineering - Construction,INE962Y01021
2583,NIFTY MULTICAP 50:25:25,ITC Hotels Ltd.,ITCHOTELS,"Hotel, Resort & Restaurants",INE379A01028
2584,NIFTY MULTICAP 50:25:25,ITC Ltd.,ITC,Cigarettes/Tobacco,INE154A01025
2585,NIFTY MULTICAP 50:25:25,ITI Ltd.,ITI,Telecommunication - Equipment,INE248A01017
2586,NIFTY MULTICAP 50:25:25,Indegene Ltd.,INDGN,Pharmaceuticals & Drugs,INE065X01017
2587,NIFTY MULTICAP 50:25:25,India Cements Ltd.,INDIACEM,Cement & Construction Materials,INE383A01012
2588,NIFTY MULTICAP 50:25:25,Indiamart Intermesh Ltd.,INDIAMART,e-Commerce,INE933S01016
2589,NIFTY MULTICAP 50:25:25,Indian Bank,INDIANB,NIFTY PRIVATE BANK,INE562A01011
2590,NIFTY MULTICAP 50:25:25,Indian Energy Exchange Ltd.,IEX,Power Generation/Distribution,INE022Q01020
2591,NIFTY MULTICAP 50:25:25,Indian Hotels Co. Ltd.,INDHOTEL,"Hotel, Resort & Restaurants",INE053A01029
2592,NIFTY MULTICAP 50:25:25,Indian Oil Corporation Ltd.,IOC,Refineries,INE242A01010
2593,NIFTY MULTICAP 50:25:25,Indian Overseas Bank,IOB,NIFTY PRIVATE BANK,INE565A01014
2594,NIFTY MULTICAP 50:25:25,Indian Railway Catering And Tourism Corporation Ltd.,IRCTC,Travel Services,INE335Y01020
2595,NIFTY MULTICAP 50:25:25,Indian Railway Finance Corporation Ltd.,IRFC,Finance Term Lending,INE053F01010
2596,NIFTY MULTICAP 50:25:25,Indian Renewable Energy Development Agency Ltd.,IREDA,Finance - NBFC,INE202E01016
2597,NIFTY MULTICAP 50:25:25,Indraprastha Gas Ltd.,IGL,Gas Transmission/Marketing,INE203G01027
2598,NIFTY MULTICAP 50:25:25,Indus Towers Ltd.,INDUSTOWER,Telecommunication - Service  Provider,INE121J01017
2599,NIFTY MULTICAP 50:25:25,IndusInd Bank Ltd.,INDUSINDBK,NIFTY PRIVATE BANK,INE095A01012
2600,NIFTY MULTICAP 50:25:25,Info Edge (India) Ltd.,NAUKRI,BPO/ITeS,INE663F01032
2601,NIFTY MULTICAP 50:25:25,Infosys Ltd.,INFY,IT - Software,INE009A01021
2602,NIFTY MULTICAP 50:25:25,Inox Wind Ltd.,INOXWIND,Electric Equipment,INE066P01011
2603,NIFTY MULTICAP 50:25:25,Intellect Design Arena Ltd.,INTELLECT,IT - Software,INE306R01017
2604,NIFTY MULTICAP 50:25:25,InterGlobe Aviation Ltd.,INDIGO,Airlines,INE646L01027
2605,NIFTY MULTICAP 50:25:25,International Gemmological Institute (India) Ltd.,IGIL,Business Support,INE0Q9301021
2606,NIFTY MULTICAP 50:25:25,Inventurus Knowledge Solutions Ltd.,IKS,BPO/ITeS,INE115Q01022
2607,NIFTY MULTICAP 50:25:25,Ipca Laboratories Ltd.,IPCALAB,Pharmaceuticals & Drugs,INE571A01038
2608,NIFTY MULTICAP 50:25:25,J.B. Chemicals & Pharmaceuticals Ltd.,JBCHEPHARM,Pharmaceuticals & Drugs,INE572A01036
2609,NIFTY MULTICAP 50:25:25,J.K. Cement Ltd.,JKCEMENT,Cement & Construction Materials,INE823G01014
2610,NIFTY MULTICAP 50:25:25,JBM Auto Ltd.,JBMA,Auto Ancillary,INE927D01051
2611,NIFTY MULTICAP 50:25:25,JK Tyre & Industries Ltd.,JKTYRE,Tyres & Allied,INE573A01042
2612,NIFTY MULTICAP 50:25:25,JM Financial Ltd.,JMFINANCIL,Finance - Investment,INE780C01023
2613,NIFTY MULTICAP 50:25:25,JSW Cement Ltd.,JSWCEMENT,Cement & Construction Materials,INE718I01012
2614,NIFTY MULTICAP 50:25:25,JSW Energy Ltd.,JSWENERGY,Power Generation/Distribution,INE121E01018
2615,NIFTY MULTICAP 50:25:25,JSW Infrastructure Ltd.,JSWINFRA,Port,INE880J01026
2616,NIFTY MULTICAP 50:25:25,JSW Steel Ltd.,JSWSTEEL,Steel & Iron Products,INE019A01038
2617,NIFTY MULTICAP 50:25:25,Jain Resource Recycling Ltd.,JAINREC,Metal - Non Ferrous,INE0YD401026
2618,NIFTY MULTICAP 50:25:25,Jaiprakash Power Ventures Ltd.,JPPOWER,Power Generation/Distribution,INE351F01018
2619,NIFTY MULTICAP 50:25:25,Jammu & Kashmir Bank Ltd.,J&KBANK,NIFTY PRIVATE BANK,INE168A01041
2620,NIFTY MULTICAP 50:25:25,Jindal Saw Ltd.,JINDALSAW,Steel & Iron Products,INE324A01032
2621,NIFTY MULTICAP 50:25:25,Jindal Stainless Ltd.,JSL,Steel & Iron Products,INE220G01021
2622,NIFTY MULTICAP 50:25:25,Jindal Steel Ltd.,JINDALSTEL,Steel/Sponge Iron/Pig Iron,INE749A01030
2623,NIFTY MULTICAP 50:25:25,Jio Financial Services Ltd.,JIOFIN,Finance - NBFC,INE758E01017
2624,NIFTY MULTICAP 50:25:25,Jubilant Foodworks Ltd.,JUBLFOOD,Consumer Food,INE797F01020
2625,NIFTY MULTICAP 50:25:25,Jubilant Ingrevia Ltd.,JUBLINGREA,Chemicals,INE0BY001018
2626,NIFTY MULTICAP 50:25:25,Jubilant Pharmova Ltd.,JUBLPHARMA,Pharmaceuticals & Drugs,INE700A01033
2627,NIFTY MULTICAP 50:25:25,Jupiter Wagons Ltd.,JWL,Railways Wagons,INE209L01016
2628,NIFTY MULTICAP 50:25:25,Jyoti CNC Automation Ltd.,JYOTICNC,Engineering - Industrial Equipments,INE980O01024
2629,NIFTY MULTICAP 50:25:25,K.P.R. Mill Ltd.,KPRMILL,Textile,INE930H01031
2630,NIFTY MULTICAP 50:25:25,KEI Industries Ltd.,KEI,Cable,INE878B01027
2631,NIFTY MULTICAP 50:25:25,KPIT Technologies Ltd.,KPITTECH,IT - Software,INE04I401011
2632,NIFTY MULTICAP 50:25:25,Kajaria Ceramics Ltd.,KAJARIACER,Ceramics/Marble/Granite/Sanitaryware,INE217B01036
2633,NIFTY MULTICAP 50:25:25,Kalpataru Projects International Ltd.,KPIL,Engineering - Construction,INE220B01022
2634,NIFTY MULTICAP 50:25:25,Kalyan Jewellers India Ltd.,KALYANKJIL,Diamond  &  Jewellery,INE303R01014
2635,NIFTY MULTICAP 50:25:25,Karur Vysya Bank Ltd.,KARURVYSYA,NIFTY PRIVATE BANK,INE036D01028
2636,NIFTY MULTICAP 50:25:25,Kaynes Technology India Ltd.,KAYNES,Electronics - Components,INE918Z01012
2637,NIFTY MULTICAP 50:25:25,Kec International Ltd.,KEC,Engineering - Construction,INE389H01022
2638,NIFTY MULTICAP 50:25:25,Kfin Technologies Ltd.,KFINTECH,Depository Services,INE138Y01010
2639,NIFTY MULTICAP 50:25:25,Kirloskar Oil Eng Ltd.,KIRLOSENG,Engineering - Industrial Equipments,INE146L01010
2640,NIFTY MULTICAP 50:25:25,Kotak Mahindra Bank Ltd.,KOTAKBANK,NIFTY PRIVATE BANK,INE237A01036
2641,NIFTY MULTICAP 50:25:25,Krishna Institute of Medical Sciences Ltd.,KIMS,Hospital & Healthcare Services,INE967H01025
2642,NIFTY MULTICAP 50:25:25,L&T Finance Ltd.,LTF,Finance - NBFC,INE498L01015
2643,NIFTY MULTICAP 50:25:25,L&T Technology Services Ltd.,LTTS,IT - Software,INE010V01017
2644,NIFTY MULTICAP 50:25:25,LG Electronics India Ltd.,LGEINDIA,Consumer Durables - Domestic Appliances,INE324D01010
2645,NIFTY MULTICAP 50:25:25,LIC Housing Finance Ltd.,LICHSGFIN,Finance - Housing,INE115A01026
2646,NIFTY MULTICAP 50:25:25,LT Foods Ltd.,LTFOODS,Consumer Food,INE818H01020
2647,NIFTY MULTICAP 50:25:25,LTIMindtree Ltd.,LTM,IT - Software,INE214T01019
2648,NIFTY MULTICAP 50:25:25,Larsen & Toubro Ltd.,LT,Engineering - Construction,INE018A01030
2649,NIFTY MULTICAP 50:25:25,Latent View Analytics Ltd.,LATENTVIEW,Business Support,INE0I7C01011
2650,NIFTY MULTICAP 50:25:25,Laurus Labs Ltd.,LAURUSLABS,Pharmaceuticals & Drugs,INE947Q01028
2651,NIFTY MULTICAP 50:25:25,Leela Palaces Hotels & Resorts Ltd.,THELEELA,"Hotel, Resort & Restaurants",INE0AQ201015
2652,NIFTY MULTICAP 50:25:25,Lemon Tree Hotels Ltd.,LEMONTREE,"Hotel, Resort & Restaurants",INE970X01018
2653,NIFTY MULTICAP 50:25:25,Lenskart Solutions Ltd.,LENSKART,Retailing,INE956O01016
2654,NIFTY MULTICAP 50:25:25,Life Insurance Corporation of India,LICI,Insurance,INE0J1Y01017
2655,NIFTY MULTICAP 50:25:25,Linde India Ltd.,LINDEINDIA,Industrial  Gases & Fuels,INE473A01011
2656,NIFTY MULTICAP 50:25:25,Lloyds Metals And Energy Ltd.,LLOYDSME,Steel/Sponge Iron/Pig Iron,INE281B01032
2657,NIFTY MULTICAP 50:25:25,Lodha Developers Ltd.,LODHA,Construction - Real Estate,INE670K01029
2658,NIFTY MULTICAP 50:25:25,Lupin Ltd.,LUPIN,Pharmaceuticals & Drugs,INE326A01037
2659,NIFTY MULTICAP 50:25:25,MMTC Ltd.,MMTC,Trading,INE123F01029
2660,NIFTY MULTICAP 50:25:25,MRF Ltd.,MRF,Tyres & Allied,INE883A01011
2661,NIFTY MULTICAP 50:25:25,Mahanagar Gas Ltd.,MGL,Gas Transmission/Marketing,INE002S01010
2662,NIFTY MULTICAP 50:25:25,Mahindra & Mahindra Financial Services Ltd.,M&MFIN,Finance - NBFC,INE774D01024
2663,NIFTY MULTICAP 50:25:25,Mahindra & Mahindra Ltd.,M&M,Automobiles - Passenger Cars,INE101A01026
2664,NIFTY MULTICAP 50:25:25,Manappuram Finance Ltd.,MANAPPURAM,Finance - NBFC,INE522D01027
2665,NIFTY MULTICAP 50:25:25,Mangalore Refinery & Petrochemicals Ltd.,MRPL,Refineries,INE103A01014
2666,NIFTY MULTICAP 50:25:25,Mankind Pharma Ltd.,MANKIND,Pharmaceuticals & Drugs,INE634S01028
2667,NIFTY MULTICAP 50:25:25,Marico Ltd.,MARICO,Consumer Food,INE196A01026
2668,NIFTY MULTICAP 50:25:25,Maruti Suzuki India Ltd.,MARUTI,Automobiles - Passenger Cars,INE585B01010
2669,NIFTY MULTICAP 50:25:25,Max Financial Services Ltd.,MFSL,Finance - Others,INE180A01020
2670,NIFTY MULTICAP 50:25:25,Max Healthcare Institute Ltd.,MAXHEALTH,Hospital & Healthcare Services,INE027H01010
2671,NIFTY MULTICAP 50:25:25,Mazagoan Dock Shipbuilders Ltd.,MAZDOCK,Ship Building,INE249Z01020
2672,NIFTY MULTICAP 50:25:25,Meesho Ltd.,MEESHO,e-Commerce,INE0VDM01015
2673,NIFTY MULTICAP 50:25:25,Minda Corporation Ltd.,MINDACORP,Auto Ancillary,INE842C01021
2674,NIFTY MULTICAP 50:25:25,Motherson Sumi Wiring India Ltd.,MSUMI,Steel & Iron Products,INE0FS801015
2675,NIFTY MULTICAP 50:25:25,Motilal Oswal Financial Services Ltd.,MOTILALOFS,Finance - Stock Broking,INE338I01027
2676,NIFTY MULTICAP 50:25:25,MphasiS Ltd.,MPHASIS,IT - Software,INE356A01018
2677,NIFTY MULTICAP 50:25:25,Multi Commodity Exchange of India Ltd.,MCX,Finance - Stock Broking,INE745G01043
2678,NIFTY MULTICAP 50:25:25,Muthoot Finance Ltd.,MUTHOOTFIN,Finance - NBFC,INE414G01012
2679,NIFTY MULTICAP 50:25:25,NATCO Pharma Ltd.,NATCOPHARM,Pharmaceuticals & Drugs,INE987B01026
2680,NIFTY MULTICAP 50:25:25,NBCC (India) Ltd.,NBCC,Construction - Real Estate,INE095N01031
2681,NIFTY MULTICAP 50:25:25,NCC Ltd.,NCC,Engineering - Construction,INE868B01028
2682,NIFTY MULTICAP 50:25:25,NHPC Ltd.,NHPC,Power Generation/Distribution,INE848E01016
2683,NIFTY MULTICAP 50:25:25,NLC India Ltd.,NLCINDIA,Power Generation/Distribution,INE589A01014
2684,NIFTY MULTICAP 50:25:25,NMDC Ltd.,NMDC,Mining & Minerals,INE584A01023
2685,NIFTY MULTICAP 50:25:25,NMDC Steel Ltd.,NSLNISP,Steel & Iron Products,INE0NNS01018
2686,NIFTY MULTICAP 50:25:25,NTPC Green Energy Ltd.,NTPCGREEN,Power Generation/Distribution,INE0ONG01011
2687,NIFTY MULTICAP 50:25:25,NTPC Ltd.,NTPC,Power Generation/Distribution,INE733E01010
2688,NIFTY MULTICAP 50:25:25,Narayana Hrudayalaya Ltd.,NH,Hospital & Healthcare Services,INE410P01011
2689,NIFTY MULTICAP 50:25:25,National Aluminium Co. Ltd.,NATIONALUM,Aluminium & Aluminium Products,INE139A01034
2690,NIFTY MULTICAP 50:25:25,Nava Ltd.,NAVA,Power Generation/Distribution,INE725A01030
2691,NIFTY MULTICAP 50:25:25,Navin Fluorine International Ltd.,NAVINFLUOR,Chemicals,INE048G01026
2692,NIFTY MULTICAP 50:25:25,Nestle India Ltd.,NESTLEIND,Consumer Food,INE239A01024
2693,NIFTY MULTICAP 50:25:25,Netweb Technologies India Ltd.,NETWEB,IT - Hardware,INE0NT901020
2694,NIFTY MULTICAP 50:25:25,Neuland Laboratories Ltd.,NEULANDLAB,Pharmaceuticals & Drugs,INE794A01010
2695,NIFTY MULTICAP 50:25:25,Newgen Software Technologies Ltd.,NEWGEN,IT - Software,INE619B01017
2696,NIFTY MULTICAP 50:25:25,Nippon Life India Asset Management Ltd.,NAM-INDIA,Finance - Asset Management,INE298J01013
2697,NIFTY MULTICAP 50:25:25,Niva Bupa Health Insurance Company Ltd.,NIVABUPA,Insurance,INE995S01015
2698,NIFTY MULTICAP 50:25:25,Nuvama Wealth Management Ltd.,NUVAMA,Finance - Others,INE531F01023
2699,NIFTY MULTICAP 50:25:25,Nuvoco Vistas Corporation Ltd.,NUVOCO,Cement & Construction Materials,INE118D01016
2700,NIFTY MULTICAP 50:25:25,Oberoi Realty Ltd.,OBEROIRLTY,Construction - Real Estate,INE093I01010
2701,NIFTY MULTICAP 50:25:25,Oil & Natural Gas Corporation Ltd.,ONGC,Oil Exploration,INE213A01029
2702,NIFTY MULTICAP 50:25:25,Oil India Ltd.,OIL,Oil Exploration,INE274J01014
2703,NIFTY MULTICAP 50:25:25,Ola Electric Mobility Ltd.,OLAELEC,Automobile Two & Three Wheelers,INE0LXG01040
2704,NIFTY MULTICAP 50:25:25,Olectra Greentech Ltd.,OLECTRA,Automobiles-Trucks/Lcv,INE260D01016
2705,NIFTY MULTICAP 50:25:25,One 97 Communications Ltd.,PAYTM,Fintech,INE982J01020
2706,NIFTY MULTICAP 50:25:25,Onesource Specialty Pharma Ltd.,ONESOURCE,Pharmaceuticals & Drugs,INE013P01021
2707,NIFTY MULTICAP 50:25:25,Oracle Financial Services Software Ltd.,OFSS,IT - Software,INE881D01027
2708,NIFTY MULTICAP 50:25:25,PB Fintech Ltd.,POLICYBZR,Fintech,INE417T01026
2709,NIFTY MULTICAP 50:25:25,PCBL Chemical Ltd.,PCBL,Carbon Black,INE602A01031
2710,NIFTY MULTICAP 50:25:25,PG Electroplast Ltd.,PGEL,Consumer Durables - Domestic Appliances,INE457L01029
2711,NIFTY MULTICAP 50:25:25,PI Industries Ltd.,PIIND,Pesticides & Agrochemicals,INE603J01030
2712,NIFTY MULTICAP 50:25:25,PNB Housing Finance Ltd.,PNBHOUSING,Finance - Housing,INE572E01012
2713,NIFTY MULTICAP 50:25:25,PTC Industries Ltd.,PTCIL,Castings/Forgings,INE596F01018
2714,NIFTY MULTICAP 50:25:25,PVR INOX Ltd.,PVRINOX,"Film Production, Distribution & Entertainment",INE191H01014
2715,NIFTY MULTICAP 50:25:25,Page Industries Ltd.,PAGEIND,Textile,INE761H01022
2716,NIFTY MULTICAP 50:25:25,Paradeep Phosphates Ltd.,PARADEEP,Fertilizers,INE088F01024
2717,NIFTY MULTICAP 50:25:25,Patanjali Foods Ltd.,PATANJALI,Edible Oil,INE619A01035
2718,NIFTY MULTICAP 50:25:25,Persistent Systems Ltd.,PERSISTENT,IT - Software,INE262H01021
2719,NIFTY MULTICAP 50:25:25,Petronet LNG Ltd.,PETRONET,Industrial  Gases & Fuels,INE347G01014
2720,NIFTY MULTICAP 50:25:25,Pfizer Ltd.,PFIZER,Pharmaceuticals & Drugs,INE182A01018
2721,NIFTY MULTICAP 50:25:25,Phoenix Mills Ltd.,PHOENIXLTD,Construction - Real Estate,INE211B01039
2723,NIFTY MULTICAP 50:25:25,Pidilite Industries Ltd.,PIDILITIND,Chemicals,INE318A01026
2724,NIFTY MULTICAP 50:25:25,Pine Labs Ltd.,PINELABS,Fintech,INE15B701018
2725,NIFTY MULTICAP 50:25:25,Piramal Finance Ltd.,PIRAMALFIN,Finance - Housing,INE202B01038
2726,NIFTY MULTICAP 50:25:25,Piramal Pharma Ltd.,PPLPHARMA,Pharmaceuticals & Drugs,INE0DK501011
2727,NIFTY MULTICAP 50:25:25,Poly Medicure Ltd.,POLYMED,Medical Equipment/Supplies/Accessories,INE205C01021
2728,NIFTY MULTICAP 50:25:25,Polycab India Ltd.,POLYCAB,Cable,INE455K01017
2729,NIFTY MULTICAP 50:25:25,Poonawalla Fincorp Ltd.,POONAWALLA,Finance - NBFC,INE511C01022
2730,NIFTY MULTICAP 50:25:25,Power Finance Corporation Ltd.,PFC,Finance Term Lending,INE134E01011
2731,NIFTY MULTICAP 50:25:25,Power Grid Corporation of India Ltd.,POWERGRID,Power Generation/Distribution,INE752E01010
2732,NIFTY MULTICAP 50:25:25,Premier Energies Ltd.,PREMIERENE,Electronics - Components,INE0BS701011
2733,NIFTY MULTICAP 50:25:25,Prestige Estates Projects Ltd.,PRESTIGE,Construction - Real Estate,INE811K01011
2734,NIFTY MULTICAP 50:25:25,Punjab National Bank,PNB,NIFTY PRIVATE BANK,INE160A01022
2735,NIFTY MULTICAP 50:25:25,R R Kabel Ltd.,RRKABEL,Cable,INE777K01022
2736,NIFTY MULTICAP 50:25:25,RBL Bank Ltd.,RBLBANK,NIFTY PRIVATE BANK,INE976G01028
2737,NIFTY MULTICAP 50:25:25,REC Ltd.,RECLTD,Finance Term Lending,INE020B01018
2738,NIFTY MULTICAP 50:25:25,RHI MAGNESITA INDIA LTD.,RHIM,Refractories,INE743M01012
2739,NIFTY MULTICAP 50:25:25,RITES Ltd.,RITES,Engineering Consultancy,INE320J01015
2740,NIFTY MULTICAP 50:25:25,Radico Khaitan Ltd,RADICO,Breweries & Distilleries,INE944F01028
2741,NIFTY MULTICAP 50:25:25,Rail Vikas Nigam Ltd.,RVNL,Engineering - Construction,INE415G01027
2742,NIFTY MULTICAP 50:25:25,Railtel Corporation Of India Ltd.,RAILTEL,Telecommunication - Service  Provider,INE0DD101019
2743,NIFTY MULTICAP 50:25:25,Rainbow Childrens Medicare Ltd.,RAINBOW,Hospital & Healthcare Services,INE961O01016
2744,NIFTY MULTICAP 50:25:25,Ramkrishna Forgings Ltd.,RKFORGE,Forgings,INE399G01023
2745,NIFTY MULTICAP 50:25:25,Redington Ltd.,REDINGTON,Trading,INE891D01026
2746,NIFTY MULTICAP 50:25:25,Reliance Industries Ltd.,RELIANCE,Refineries,INE002A01018
2747,NIFTY MULTICAP 50:25:25,Reliance Power Ltd.,RPOWER,Power Generation/Distribution,INE614G01033
2748,NIFTY MULTICAP 50:25:25,SBFC Finance Ltd.,SBFC,Finance - NBFC,INE423Y01016
2749,NIFTY MULTICAP 50:25:25,SBI Cards and Payment Services Ltd.,SBICARD,Finance - NBFC,INE018E01016
2750,NIFTY MULTICAP 50:25:25,SBI Life Insurance Company Ltd.,SBILIFE,Insurance,INE123W01016
2751,NIFTY MULTICAP 50:25:25,SJVN Ltd.,SJVN,Power Generation/Distribution,INE002L01015
2752,NIFTY MULTICAP 50:25:25,SRF Ltd.,SRF,Chemicals,INE647A01010
2753,NIFTY MULTICAP 50:25:25,Sagility Ltd.,SAGILITY,Business Support,INE0W2G01015
2754,NIFTY MULTICAP 50:25:25,Sai Life Sciences Ltd.,SAILIFE,Pharmaceuticals & Drugs,INE570L01029
2755,NIFTY MULTICAP 50:25:25,Sammaan Capital Ltd.,SAMMAANCAP,Finance - Housing,INE148I01020
2756,NIFTY MULTICAP 50:25:25,Samvardhana Motherson International Ltd.,MOTHERSON,Auto Ancillary,INE775A01035
2757,NIFTY MULTICAP 50:25:25,Sapphire Foods India Ltd.,SAPPHIRE,Consumer Food,INE806T01020
2758,NIFTY MULTICAP 50:25:25,Sarda Energy and Minerals Ltd.,SARDAEN,Steel & Iron Products,INE385C01021
2759,NIFTY MULTICAP 50:25:25,Saregama India Ltd,SAREGAMA,"Film Production, Distribution & Entertainment",INE979A01025
2760,NIFTY MULTICAP 50:25:25,Schaeffler India Ltd.,SCHAEFFLER,Bearings,INE513A01022
2761,NIFTY MULTICAP 50:25:25,Schneider Electric Infrastructure Ltd.,SCHNEIDER,Electric Equipment,INE839M01018
2762,NIFTY MULTICAP 50:25:25,Shipping Corporation of India Ltd.,SCI,Shipping,INE109A01011
2763,NIFTY MULTICAP 50:25:25,Shree Cement Ltd.,SHREECEM,Cement & Construction Materials,INE070A01015
2764,NIFTY MULTICAP 50:25:25,Shriram Finance Ltd.,SHRIRAMFIN,Finance - NBFC,INE721A01047
2765,NIFTY MULTICAP 50:25:25,Shyam Metalics and Energy Ltd.,SHYAMMETL,Steel & Iron Products,INE810G01011
2766,NIFTY MULTICAP 50:25:25,Siemens Energy India Ltd.,ENRIN,Electric Equipment,INE1NPP01017
2767,NIFTY MULTICAP 50:25:25,Siemens Ltd.,SIEMENS,Electric Equipment,INE003A01024
2768,NIFTY MULTICAP 50:25:25,Signatureglobal (India) Ltd.,SIGNATURE,Construction - Real Estate,INE903U01023
2769,NIFTY MULTICAP 50:25:25,Sobha Ltd.,SOBHA,Construction - Real Estate,INE671H01015
2770,NIFTY MULTICAP 50:25:25,Solar Industries India Ltd.,SOLARINDS,Chemicals,INE343H01029
2771,NIFTY MULTICAP 50:25:25,Sona BLW Precision Forgings Ltd.,SONACOMS,Auto Ancillary,INE073K01018
2772,NIFTY MULTICAP 50:25:25,Sonata Software Ltd.,SONATSOFTW,IT - Software,INE269A01021
2773,NIFTY MULTICAP 50:25:25,Star Health and Allied Insurance Company Ltd.,STARHEALTH,Insurance,INE575P01011
2774,NIFTY MULTICAP 50:25:25,State Bank of India,SBIN,NIFTY PRIVATE BANK,INE062A01020
2775,NIFTY MULTICAP 50:25:25,Steel Authority of India Ltd.,SAIL,Steel & Iron Products,INE114A01011
2776,NIFTY MULTICAP 50:25:25,Sumitomo Chemical India Ltd.,SUMICHEM,Pesticides & Agrochemicals,INE258G01013
2777,NIFTY MULTICAP 50:25:25,Sun Pharmaceutical Industries Ltd.,SUNPHARMA,Pharmaceuticals & Drugs,INE044A01036
2778,NIFTY MULTICAP 50:25:25,Sun TV Network Ltd.,SUNTV,TV Broadcasting & Software Production,INE424H01027
2779,NIFTY MULTICAP 50:25:25,Sundaram Finance Ltd.,SUNDARMFIN,Finance - NBFC,INE660A01013
2780,NIFTY MULTICAP 50:25:25,Supreme Industries Ltd.,SUPREMEIND,Plastic Products,INE195A01028
2781,NIFTY MULTICAP 50:25:25,Supreme Petrochem Ltd.,SPLPETRO,Chemicals,INE663A01033
2782,NIFTY MULTICAP 50:25:25,Suzlon Energy Ltd.,SUZLON,Electric Equipment,INE040H01021
2783,NIFTY MULTICAP 50:25:25,Swan Corp Ltd.,SWANCORP,Petrochemicals,INE665A01038
2784,NIFTY MULTICAP 50:25:25,Swiggy Ltd.,SWIGGY,e-Commerce,INE00H001014
2785,NIFTY MULTICAP 50:25:25,Syngene International Ltd.,SYNGENE,Pharmaceuticals & Drugs,INE398R01022
2786,NIFTY MULTICAP 50:25:25,Syrma SGS Technology Ltd.,SYRMA,Electronics - Components,INE0DYJ01015
2787,NIFTY MULTICAP 50:25:25,TBO Tek Ltd.,TBOTEK,Travel Services,INE673O01025
2788,NIFTY MULTICAP 50:25:25,TVS Motor Company Ltd.,TVSMOTOR,Automobile Two & Three Wheelers,INE494B01023
2789,NIFTY MULTICAP 50:25:25,Tata Capital Ltd.,TATACAP,Finance - NBFC,INE976I01016
2790,NIFTY MULTICAP 50:25:25,Tata Chemicals Ltd.,TATACHEM,Chemicals,INE092A01019
2791,NIFTY MULTICAP 50:25:25,Tata Communications Ltd.,TATACOMM,Telecommunication - Service  Provider,INE151A01013
2792,NIFTY MULTICAP 50:25:25,Tata Consultancy Services Ltd.,TCS,IT - Software,INE467B01029
2793,NIFTY MULTICAP 50:25:25,Tata Consumer Products Ltd.,TATACONSUM,Tea/Coffee,INE192A01025
2794,NIFTY MULTICAP 50:25:25,Tata Elxsi Ltd.,TATAELXSI,IT - Software,INE670A01012
2795,NIFTY MULTICAP 50:25:25,Tata Investment Corporation Ltd.,TATAINVEST,Finance - NBFC,INE672A01026
2796,NIFTY MULTICAP 50:25:25,Tata Motors Ltd.,TMCV,Automobiles-Trucks/Lcv,INE1TAE01010
2797,NIFTY MULTICAP 50:25:25,Tata Motors Passenger Vehicles Ltd.,TMPV,Automobile Two & Three Wheelers,INE155A01022
2798,NIFTY MULTICAP 50:25:25,Tata Power Co. Ltd.,TATAPOWER,Power Generation/Distribution,INE245A01021
2799,NIFTY MULTICAP 50:25:25,Tata Steel Ltd.,TATASTEEL,Steel & Iron Products,INE081A01020
2800,NIFTY MULTICAP 50:25:25,Tata Technologies Ltd.,TATATECH,IT - Software,INE142M01025
2801,NIFTY MULTICAP 50:25:25,Tata Teleservices (Maharashtra) Ltd.,TTML,Telecommunication - Service  Provider,INE517B01013
2802,NIFTY MULTICAP 50:25:25,Tech Mahindra Ltd.,TECHM,IT - Software,INE669C01036
2803,NIFTY MULTICAP 50:25:25,Techno Electric & Engineering Company Ltd.,TECHNOE,Engineering - Construction,INE285K01026
2804,NIFTY MULTICAP 50:25:25,Tega Industries Ltd.,TEGA,Engineering - Industrial Equipments,INE011K01018
2805,NIFTY MULTICAP 50:25:25,Tejas Networks Ltd.,TEJASNET,Telecommunication - Equipment,INE010J01012
2806,NIFTY MULTICAP 50:25:25,Tenneco Clean Air India Ltd.,TENNIND,Auto Ancillary,INE19RI01016
2807,NIFTY MULTICAP 50:25:25,The New India Assurance Company Ltd.,NIACL,Insurance,INE470Y01017
2808,NIFTY MULTICAP 50:25:25,The Ramco Cements Ltd.,RAMCOCEM,Cement & Construction Materials,INE331A01037
2809,NIFTY MULTICAP 50:25:25,Thermax Ltd.,THERMAX,Engineering - Industrial Equipments,INE152A01029
2810,NIFTY MULTICAP 50:25:25,Timken India Ltd.,TIMKEN,Bearings,INE325A01013
2811,NIFTY MULTICAP 50:25:25,Titagarh Rail Systems Ltd.,TITAGARH,Railways Wagons,INE615H01020
2812,NIFTY MULTICAP 50:25:25,Titan Company Ltd.,TITAN,Diamond  &  Jewellery,INE280A01028
2813,NIFTY MULTICAP 50:25:25,Torrent Pharmaceuticals Ltd.,TORNTPHARM,Pharmaceuticals & Drugs,INE685A01028
2814,NIFTY MULTICAP 50:25:25,Torrent Power Ltd.,TORNTPOWER,Power Generation/Distribution,INE813H01021
2815,NIFTY MULTICAP 50:25:25,Transformers And Rectifiers (India) Ltd.,TARIL,Electric Equipment,INE763I01026
2816,NIFTY MULTICAP 50:25:25,Travel Food Services Ltd.,TRAVELFOOD,Consumer Food,INE103V01028
2817,NIFTY MULTICAP 50:25:25,Trent Ltd.,TRENT,Retailing,INE849A01020
2818,NIFTY MULTICAP 50:25:25,Trident Ltd.,TRIDENT,Textile - Spinning,INE064C01022
2819,NIFTY MULTICAP 50:25:25,Triveni Turbine Ltd.,TRITURBINE,Engineering - Industrial Equipments,INE152M01016
2820,NIFTY MULTICAP 50:25:25,Tube Investments of India Ltd.,TIINDIA,Auto Ancillary,INE974X01010
2821,NIFTY MULTICAP 50:25:25,UCO Bank,UCOBANK,NIFTY PRIVATE BANK,INE691A01018
2822,NIFTY MULTICAP 50:25:25,UNO Minda Ltd.,UNOMINDA,Auto Ancillary,INE405E01023
2823,NIFTY MULTICAP 50:25:25,UPL Ltd.,UPL,Pesticides & Agrochemicals,INE628A01036
2824,NIFTY MULTICAP 50:25:25,UTI Asset Management Company Ltd.,UTIAMC,Finance - Asset Management,INE094J01016
2825,NIFTY MULTICAP 50:25:25,UltraTech Cement Ltd.,ULTRACEMCO,Cement & Construction Materials,INE481G01011
2826,NIFTY MULTICAP 50:25:25,Union Bank of India,UNIONBANK,NIFTY PRIVATE BANK,INE692A01016
2827,NIFTY MULTICAP 50:25:25,United Breweries Ltd.,UBL,Breweries & Distilleries,INE686F01025
2828,NIFTY MULTICAP 50:25:25,United Spirits Ltd.,UNITDSPR,Breweries & Distilleries,INE854D01024
2829,NIFTY MULTICAP 50:25:25,Urban Company Ltd.,URBANCO,e-Commerce,INE0CAZ01013
2830,NIFTY MULTICAP 50:25:25,Usha Martin Ltd.,USHAMART,Steel & Iron Products,INE228A01035
2831,NIFTY MULTICAP 50:25:25,Vardhman Textiles Ltd.,VTL,Textile,INE825A01020
2832,NIFTY MULTICAP 50:25:25,Varun Beverages Ltd.,VBL,Consumer Food,INE200M01039
2833,NIFTY MULTICAP 50:25:25,Vedanta Ltd.,VEDL,Metal - Non Ferrous,INE205A01025
2834,NIFTY MULTICAP 50:25:25,Vijaya Diagnostic Centre Ltd.,VIJAYA,Hospital & Healthcare Services,INE043W01024
2835,NIFTY MULTICAP 50:25:25,Vishal Mega Mart Ltd.,VMM,Retailing,INE01EA01019
2836,NIFTY MULTICAP 50:25:25,Vodafone Idea Ltd.,IDEA,Telecommunication - Service  Provider,INE669E01016
2837,NIFTY MULTICAP 50:25:25,Voltas Ltd.,VOLTAS,Air Conditioners,INE226A01021
2838,NIFTY MULTICAP 50:25:25,Waaree Energies Ltd.,WAAREEENER,Electric Equipment,INE377N01017
2839,NIFTY MULTICAP 50:25:25,Welspun Corp Ltd.,WELCORP,Steel & Iron Products,INE191B01025
2840,NIFTY MULTICAP 50:25:25,Welspun Living Ltd.,WELSPUNLIV,Textile,INE192B01031
2841,NIFTY MULTICAP 50:25:25,Whirlpool of India Ltd.,WHIRLPOOL,Consumer Durables - Domestic Appliances,INE716A01013
2842,NIFTY MULTICAP 50:25:25,Wipro Ltd.,WIPRO,IT - Software,INE075A01022
2843,NIFTY MULTICAP 50:25:25,Wockhardt Ltd.,WOCKPHARMA,Pharmaceuticals & Drugs,INE049B01025
2844,NIFTY MULTICAP 50:25:25,Yes Bank Ltd.,YESBANK,NIFTY PRIVATE BANK,INE528G01035
2845,NIFTY MULTICAP 50:25:25,ZF Commercial Vehicle Control Systems India Ltd.,ZFCVINDIA,Auto Ancillary,INE342J01019
2846,NIFTY MULTICAP 50:25:25,Zee Entertainment Enterprises Ltd.,ZEEL,TV Broadcasting & Software Production,INE256A01028
2847,NIFTY MULTICAP 50:25:25,Zen Technologies Ltd.,ZENTEC,Defence,INE251B01027
2848,NIFTY MULTICAP 50:25:25,Zensar Technolgies Ltd.,ZENSARTECH,IT - Software,INE520A01027
2849,NIFTY MULTICAP 50:25:25,Zydus Lifesciences Ltd.,ZYDUSLIFE,Pharmaceuticals & Drugs,INE010B01027
2850,NIFTY MULTICAP 50:25:25,Zydus Wellness Ltd.,ZYDUSWELL,Consumer Food,INE768C01028
2851,NIFTY MULTICAP 50:25:25,eClerx Services Ltd.,ECLERX,BPO/ITeS,INE738I01010
2852,NIFTY LARGE MIDCAP 250,360 ONE WAM Ltd.,360ONE,Finance - Others,INE466L01038
2853,NIFTY LARGE MIDCAP 250,3M India Ltd.,3MINDIA,Diversified,INE470A01017
2854,NIFTY LARGE MIDCAP 250,ABB India Ltd.,ABB,Electric Equipment,INE117A01022
2855,NIFTY LARGE MIDCAP 250,ACC Ltd.,ACC,Cement & Construction Materials,INE012A01025
2856,NIFTY LARGE MIDCAP 250,AIA Engineering Ltd.,AIAENG,Castings/Forgings,INE212H01026
2857,NIFTY LARGE MIDCAP 250,APL Apollo Tubes Ltd.,APLAPOLLO,Steel & Iron Products,INE702C01027
2858,NIFTY LARGE MIDCAP 250,AU Small Finance Bank Ltd.,AUBANK,NIFTY PRIVATE BANK,INE949L01017
2859,NIFTY LARGE MIDCAP 250,AWL Agri Business Ltd.,AWL,Edible Oil,INE699H01024
2860,NIFTY LARGE MIDCAP 250,Abbott India Ltd.,ABBOTINDIA,Pharmaceuticals & Drugs,INE358A01014
2861,NIFTY LARGE MIDCAP 250,Adani Energy Solutions Ltd.,ADANIENSOL,Power Generation/Distribution,INE931S01010
2862,NIFTY LARGE MIDCAP 250,Adani Enterprises Ltd.,ADANIENT,Trading,INE423A01024
2863,NIFTY LARGE MIDCAP 250,Adani Green Energy Ltd.,ADANIGREEN,Power Generation/Distribution,INE364U01010
2864,NIFTY LARGE MIDCAP 250,Adani Ports and Special Economic Zone Ltd.,ADANIPORTS,Port,INE742F01042
2865,NIFTY LARGE MIDCAP 250,Adani Power Ltd.,ADANIPOWER,Power Generation/Distribution,INE814H01029
2866,NIFTY LARGE MIDCAP 250,Adani Total Gas Ltd.,ATGL,Gas Transmission/Marketing,INE399L01023
2867,NIFTY LARGE MIDCAP 250,Aditya Birla Capital Ltd.,ABCAPITAL,Finance - NBFC,INE674K01013
2868,NIFTY LARGE MIDCAP 250,Ajanta Pharmaceuticals Ltd.,AJANTPHARM,Pharmaceuticals & Drugs,INE031B01049
2869,NIFTY LARGE MIDCAP 250,Alkem Laboratories Ltd.,ALKEM,Pharmaceuticals & Drugs,INE540L01014
2870,NIFTY LARGE MIDCAP 250,Ambuja Cements Ltd.,AMBUJACEM,Cement & Construction Materials,INE079A01024
2871,NIFTY LARGE MIDCAP 250,Anthem Biosciences Ltd.,ANTHEM,Pharmaceuticals & Drugs,INE0CZ201020
2872,NIFTY LARGE MIDCAP 250,Apar Industries Ltd.,APARINDS,Electric Equipment,INE372A01015
2873,NIFTY LARGE MIDCAP 250,Apollo Hospitals Enterprise Ltd.,APOLLOHOSP,Hospital & Healthcare Services,INE437A01024
2874,NIFTY LARGE MIDCAP 250,Apollo Tyres Ltd.,APOLLOTYRE,Tyres & Allied,INE438A01022
2875,NIFTY LARGE MIDCAP 250,Ashok Leyland Ltd.,ASHOKLEY,Automobiles-Trucks/Lcv,INE208A01029
2876,NIFTY LARGE MIDCAP 250,Asian Paints Ltd.,ASIANPAINT,Paints,INE021A01026
2877,NIFTY LARGE MIDCAP 250,Astral Ltd.,ASTRAL,Plastic Products,INE006I01046
2878,NIFTY LARGE MIDCAP 250,Aurobindo Pharma Ltd.,AUROPHARMA,Pharmaceuticals & Drugs,INE406A01037
2879,NIFTY LARGE MIDCAP 250,Authum Investment & Infrastructure Ltd.,AIIL,Finance - Investment,INE206F01022
2880,NIFTY LARGE MIDCAP 250,Avenue Supermarts Ltd.,DMART,Retailing,INE192R01011
2881,NIFTY LARGE MIDCAP 250,Axis Bank Ltd.,AXISBANK,NIFTY PRIVATE BANK,INE238A01034
2882,NIFTY LARGE MIDCAP 250,BSE Ltd.,BSE,Finance - Others,INE118H01025
2883,NIFTY LARGE MIDCAP 250,Bajaj Auto Ltd.,BAJAJ-AUTO,Automobile Two & Three Wheelers,INE917I01010
2884,NIFTY LARGE MIDCAP 250,Bajaj Finance Ltd.,BAJFINANCE,Finance - NBFC,INE296A01032
2885,NIFTY LARGE MIDCAP 250,Bajaj Finserv Ltd.,BAJAJFINSV,Finance - Investment,INE918I01026
2886,NIFTY LARGE MIDCAP 250,Bajaj Holdings & Investment Ltd.,BAJAJHLDNG,Finance - NBFC,INE118A01012
2887,NIFTY LARGE MIDCAP 250,Bajaj Housing Finance Ltd.,BAJAJHFL,Finance - Housing,INE377Y01014
2888,NIFTY LARGE MIDCAP 250,Balkrishna Industries Ltd.,BALKRISIND,Tyres & Allied,INE787D01026
2889,NIFTY LARGE MIDCAP 250,Bank of Baroda,BANKBARODA,NIFTY PRIVATE BANK,INE028A01039
2890,NIFTY LARGE MIDCAP 250,Bank of India,BANKINDIA,NIFTY PRIVATE BANK,INE084A01016
2891,NIFTY LARGE MIDCAP 250,Bank of Maharashtra,MAHABANK,NIFTY PRIVATE BANK,INE457A01014
2892,NIFTY LARGE MIDCAP 250,Berger Paints India Ltd.,BERGEPAINT,Paints,INE463A01038
2893,NIFTY LARGE MIDCAP 250,Bharat Dynamics Ltd.,BDL,Defence,INE171Z01026
2894,NIFTY LARGE MIDCAP 250,Bharat Electronics Ltd.,BEL,Defence,INE263A01024
2895,NIFTY LARGE MIDCAP 250,Bharat Forge Ltd.,BHARATFORG,Forgings,INE465A01025
2896,NIFTY LARGE MIDCAP 250,Bharat Heavy Electricals Ltd.,BHEL,Engineering - Industrial Equipments,INE257A01026
2897,NIFTY LARGE MIDCAP 250,Bharat Petroleum Corporation Ltd.,BPCL,Refineries,INE029A01011
2898,NIFTY LARGE MIDCAP 250,Bharti Airtel Ltd.,BHARTIARTL,Telecommunication - Service  Provider,INE397D01024
2899,NIFTY LARGE MIDCAP 250,Bharti Hexacom Ltd.,BHARTIHEXA,Telecommunication - Service  Provider,INE343G01021
2900,NIFTY LARGE MIDCAP 250,Billionbrains Garage Ventures Ltd.,GROWW,Finance - Stock Broking,INE0HOQ01053
2901,NIFTY LARGE MIDCAP 250,Biocon Ltd.,BIOCON,Pharmaceuticals & Drugs,INE376G01013
2902,NIFTY LARGE MIDCAP 250,Blue Star Ltd.,BLUESTARCO,Air Conditioners,INE472A01039
2903,NIFTY LARGE MIDCAP 250,Bosch Ltd.,BOSCHLTD,Auto Ancillary,INE323A01026
2904,NIFTY LARGE MIDCAP 250,Britannia Industries Ltd.,BRITANNIA,Consumer Food,INE216A01030
2905,NIFTY LARGE MIDCAP 250,CG Power and Industrial Solutions Ltd.,CGPOWER,Electric Equipment,INE067A01029
2906,NIFTY LARGE MIDCAP 250,CRISIL Ltd.,CRISIL,Ratings,INE007A01025
2907,NIFTY LARGE MIDCAP 250,Canara Bank,CANBK,NIFTY PRIVATE BANK,INE476A01022
2908,NIFTY LARGE MIDCAP 250,Cholamandalam Investment and Finance Company Ltd.,CHOLAFIN,Finance - NBFC,INE121A01024
2909,NIFTY LARGE MIDCAP 250,Cipla Ltd.,CIPLA,Pharmaceuticals & Drugs,INE059A01026
2910,NIFTY LARGE MIDCAP 250,Coal India Ltd.,COALINDIA,Mining & Minerals,INE522F01014
2911,NIFTY LARGE MIDCAP 250,Cochin Shipyard Ltd.,COCHINSHIP,Ship Building,INE704P01025
2912,NIFTY LARGE MIDCAP 250,Coforge Ltd.,COFORGE,IT - Software,INE591G01025
2913,NIFTY LARGE MIDCAP 250,Colgate Palmolive (India) Ltd.,COLPAL,Household & Personal Products,INE259A01022
2914,NIFTY LARGE MIDCAP 250,Container Corporation of India Ltd.,CONCOR,Logistics,INE111A01025
2915,NIFTY LARGE MIDCAP 250,Coromandel International Ltd.,COROMANDEL,Fertilizers,INE169A01031
2916,NIFTY LARGE MIDCAP 250,Cummins India Ltd.,CUMMINSIND,Diesel Engines,INE298A01020
2917,NIFTY LARGE MIDCAP 250,DLF Ltd.,DLF,Construction - Real Estate,INE271C01023
2918,NIFTY LARGE MIDCAP 250,Dabur India Ltd.,DABUR,Household & Personal Products,INE016A01026
2919,NIFTY LARGE MIDCAP 250,Dalmia Bharat Ltd.,DALBHARAT,Cement & Construction Materials,INE00R701025
2920,NIFTY LARGE MIDCAP 250,Divi's Laboratories Ltd.,DIVISLAB,Pharmaceuticals & Drugs,INE361B01024
2921,NIFTY LARGE MIDCAP 250,Dixon Technologies (India) Ltd.,DIXON,Consumer Durables - Electronics,INE935N01020
2922,NIFTY LARGE MIDCAP 250,Dr. Reddy's Laboratories Ltd.,DRREDDY,Pharmaceuticals & Drugs,INE089A01031
2923,NIFTY LARGE MIDCAP 250,Eicher Motors Ltd.,EICHERMOT,Automobile Two & Three Wheelers,INE066A01021
2924,NIFTY LARGE MIDCAP 250,Endurance Technologies Ltd.,ENDURANCE,Auto Ancillary,INE913H01037
2925,NIFTY LARGE MIDCAP 250,Escorts Kubota Ltd.,ESCORTS,Automobiles-Tractors,INE042A01014
2926,NIFTY LARGE MIDCAP 250,Eternal Ltd.,ETERNAL,e-Commerce,INE758T01015
2927,NIFTY LARGE MIDCAP 250,Exide Industries Ltd.,EXIDEIND,Batteries,INE302A01020
2928,NIFTY LARGE MIDCAP 250,FSN E-Commerce Ventures Ltd.,NYKAA,e-Commerce,INE388Y01029
2929,NIFTY LARGE MIDCAP 250,Federal Bank Ltd.,FEDERALBNK,NIFTY PRIVATE BANK,INE171A01029
2930,NIFTY LARGE MIDCAP 250,Fortis Healthcare Ltd.,FORTIS,Hospital & Healthcare Services,INE061F01013
2931,NIFTY LARGE MIDCAP 250,GAIL (India) Ltd.,GAIL,Industrial  Gases & Fuels,INE129A01019
2932,NIFTY LARGE MIDCAP 250,GE Vernova T&D India Ltd.,GVT&D,Electric Equipment,INE200A01026
2933,NIFTY LARGE MIDCAP 250,GMR Airports Ltd.,GMRAIRPORT,Airport Management Services,INE776C01039
2934,NIFTY LARGE MIDCAP 250,General Insurance Corporation of India,GICRE,Insurance,INE481Y01014
2935,NIFTY LARGE MIDCAP 250,Glaxosmithkline Pharmaceuticals Ltd.,GLAXO,Pharmaceuticals & Drugs,INE159A01016
2936,NIFTY LARGE MIDCAP 250,Glenmark Pharmaceuticals Ltd.,GLENMARK,Pharmaceuticals & Drugs,INE935A01035
2937,NIFTY LARGE MIDCAP 250,Global Health Ltd.,MEDANTA,Hospital & Healthcare Services,INE474Q01031
2938,NIFTY LARGE MIDCAP 250,Godfrey Phillips India Ltd.,GODFRYPHLP,Cigarettes/Tobacco,INE260B01028
2939,NIFTY LARGE MIDCAP 250,Godrej Consumer Products Ltd.,GODREJCP,Household & Personal Products,INE102D01028
2940,NIFTY LARGE MIDCAP 250,Godrej Industries Ltd.,GODREJIND,Chemicals,INE233A01035
2941,NIFTY LARGE MIDCAP 250,Godrej Properties Ltd.,GODREJPROP,Construction - Real Estate,INE484J01027
2942,NIFTY LARGE MIDCAP 250,Grasim Industries Ltd.,GRASIM,Cement & Construction Materials,INE047A01021
2943,NIFTY LARGE MIDCAP 250,Gujarat Fluorochemicals Ltd.,FLUOROCHEM,Chemicals,INE09N301011
2944,NIFTY LARGE MIDCAP 250,HCL Technologies Ltd.,HCLTECH,IT - Software,INE860A01027
2945,NIFTY LARGE MIDCAP 250,HDB Financial Services Ltd.,HDBFS,Finance - NBFC,INE756I01012
2946,NIFTY LARGE MIDCAP 250,HDFC Asset Management Company Ltd.,HDFCAMC,Finance - Asset Management,INE127D01025
2947,NIFTY LARGE MIDCAP 250,HDFC Bank Ltd.,HDFCBANK,NIFTY PRIVATE BANK,INE040A01034
2948,NIFTY LARGE MIDCAP 250,HDFC Life Insurance Company Ltd.,HDFCLIFE,Insurance,INE795G01014
2949,NIFTY LARGE MIDCAP 250,Havells India Ltd.,HAVELLS,Electric Equipment,INE176B01034
2950,NIFTY LARGE MIDCAP 250,Hero MotoCorp Ltd.,HEROMOTOCO,Automobile Two & Three Wheelers,INE158A01026
2951,NIFTY LARGE MIDCAP 250,Hexaware Technologies Ltd.,HEXT,IT - Software,INE093A01041
2952,NIFTY LARGE MIDCAP 250,Hindalco Industries Ltd.,HINDALCO,Metal - Non Ferrous,INE038A01020
2953,NIFTY LARGE MIDCAP 250,Hindustan Aeronautics Ltd.,HAL,Defence,INE066F01020
2954,NIFTY LARGE MIDCAP 250,Hindustan Petroleum Corporation Ltd.,HINDPETRO,Refineries,INE094A01015
2955,NIFTY LARGE MIDCAP 250,Hindustan Unilever Ltd.,HINDUNILVR,Household & Personal Products,INE030A01027
2956,NIFTY LARGE MIDCAP 250,Hindustan Zinc Ltd.,HINDZINC,Metal - Non Ferrous,INE267A01025
2957,NIFTY LARGE MIDCAP 250,Hitachi Energy India Ltd.,POWERINDIA,Electric Equipment,INE07Y701011
2958,NIFTY LARGE MIDCAP 250,Honeywell Automation India Ltd.,HONAUT,Consumer Durables - Electronics,INE671A01010
2959,NIFTY LARGE MIDCAP 250,Housing & Urban Development Corporation Ltd.,HUDCO,Finance - Housing,INE031A01017
2960,NIFTY LARGE MIDCAP 250,Hyundai Motor India Ltd.,HYUNDAI,Automobiles - Passenger Cars,INE0V6F01027
2961,NIFTY LARGE MIDCAP 250,ICICI Bank Ltd.,ICICIBANK,NIFTY PRIVATE BANK,INE090A01021
2962,NIFTY LARGE MIDCAP 250,ICICI Lombard General Insurance Company Ltd.,ICICIGI,Insurance,INE765G01017
2963,NIFTY LARGE MIDCAP 250,ICICI Prudential Asset Management Company Ltd.,ICICIAMC,Finance - Asset Management,INE346A01027
2964,NIFTY LARGE MIDCAP 250,ICICI Prudential Life Insurance Company Ltd.,ICICIPRULI,Insurance,INE726G01019
2965,NIFTY LARGE MIDCAP 250,IDFC First Bank Ltd.,IDFCFIRSTB,NIFTY PRIVATE BANK,INE092T01019
2966,NIFTY LARGE MIDCAP 250,ITC Hotels Ltd.,ITCHOTELS,"Hotel, Resort & Restaurants",INE379A01028
2967,NIFTY LARGE MIDCAP 250,ITC Ltd.,ITC,Cigarettes/Tobacco,INE154A01025
2968,NIFTY LARGE MIDCAP 250,Indian Bank,INDIANB,NIFTY PRIVATE BANK,INE562A01011
2969,NIFTY LARGE MIDCAP 250,Indian Hotels Co. Ltd.,INDHOTEL,"Hotel, Resort & Restaurants",INE053A01029
2970,NIFTY LARGE MIDCAP 250,Indian Oil Corporation Ltd.,IOC,Refineries,INE242A01010
2971,NIFTY LARGE MIDCAP 250,Indian Railway Catering And Tourism Corporation Ltd.,IRCTC,Travel Services,INE335Y01020
2972,NIFTY LARGE MIDCAP 250,Indian Railway Finance Corporation Ltd.,IRFC,Finance Term Lending,INE053F01010
2973,NIFTY LARGE MIDCAP 250,Indian Renewable Energy Development Agency Ltd.,IREDA,Finance - NBFC,INE202E01016
2974,NIFTY LARGE MIDCAP 250,Indus Towers Ltd.,INDUSTOWER,Telecommunication - Service  Provider,INE121J01017
2975,NIFTY LARGE MIDCAP 250,IndusInd Bank Ltd.,INDUSINDBK,NIFTY PRIVATE BANK,INE095A01012
2976,NIFTY LARGE MIDCAP 250,Info Edge (India) Ltd.,NAUKRI,BPO/ITeS,INE663F01032
2977,NIFTY LARGE MIDCAP 250,Infosys Ltd.,INFY,IT - Software,INE009A01021
2978,NIFTY LARGE MIDCAP 250,InterGlobe Aviation Ltd.,INDIGO,Airlines,INE646L01027
2979,NIFTY LARGE MIDCAP 250,Ipca Laboratories Ltd.,IPCALAB,Pharmaceuticals & Drugs,INE571A01038
2980,NIFTY LARGE MIDCAP 250,J.K. Cement Ltd.,JKCEMENT,Cement & Construction Materials,INE823G01014
2981,NIFTY LARGE MIDCAP 250,JSW Energy Ltd.,JSWENERGY,Power Generation/Distribution,INE121E01018
2982,NIFTY LARGE MIDCAP 250,JSW Infrastructure Ltd.,JSWINFRA,Port,INE880J01026
2983,NIFTY LARGE MIDCAP 250,JSW Steel Ltd.,JSWSTEEL,Steel & Iron Products,INE019A01038
2984,NIFTY LARGE MIDCAP 250,Jindal Stainless Ltd.,JSL,Steel & Iron Products,INE220G01021
2985,NIFTY LARGE MIDCAP 250,Jindal Steel Ltd.,JINDALSTEL,Steel/Sponge Iron/Pig Iron,INE749A01030
2986,NIFTY LARGE MIDCAP 250,Jio Financial Services Ltd.,JIOFIN,Finance - NBFC,INE758E01017
2987,NIFTY LARGE MIDCAP 250,Jubilant Foodworks Ltd.,JUBLFOOD,Consumer Food,INE797F01020
2988,NIFTY LARGE MIDCAP 250,K.P.R. Mill Ltd.,KPRMILL,Textile,INE930H01031
2989,NIFTY LARGE MIDCAP 250,KEI Industries Ltd.,KEI,Cable,INE878B01027
2990,NIFTY LARGE MIDCAP 250,KPIT Technologies Ltd.,KPITTECH,IT - Software,INE04I401011
2991,NIFTY LARGE MIDCAP 250,Kalyan Jewellers India Ltd.,KALYANKJIL,Diamond  &  Jewellery,INE303R01014
2992,NIFTY LARGE MIDCAP 250,Kotak Mahindra Bank Ltd.,KOTAKBANK,NIFTY PRIVATE BANK,INE237A01036
2993,NIFTY LARGE MIDCAP 250,L&T Finance Ltd.,LTF,Finance - NBFC,INE498L01015
2994,NIFTY LARGE MIDCAP 250,L&T Technology Services Ltd.,LTTS,IT - Software,INE010V01017
2995,NIFTY LARGE MIDCAP 250,LG Electronics India Ltd.,LGEINDIA,Consumer Durables - Domestic Appliances,INE324D01010
2996,NIFTY LARGE MIDCAP 250,LIC Housing Finance Ltd.,LICHSGFIN,Finance - Housing,INE115A01026
2997,NIFTY LARGE MIDCAP 250,LTIMindtree Ltd.,LTM,IT - Software,INE214T01019
2998,NIFTY LARGE MIDCAP 250,Larsen & Toubro Ltd.,LT,Engineering - Construction,INE018A01030
2999,NIFTY LARGE MIDCAP 250,Laurus Labs Ltd.,LAURUSLABS,Pharmaceuticals & Drugs,INE947Q01028
3000,NIFTY LARGE MIDCAP 250,Lenskart Solutions Ltd.,LENSKART,Retailing,INE956O01016
3001,NIFTY LARGE MIDCAP 250,Life Insurance Corporation of India,LICI,Insurance,INE0J1Y01017
3002,NIFTY LARGE MIDCAP 250,Linde India Ltd.,LINDEINDIA,Industrial  Gases & Fuels,INE473A01011
3003,NIFTY LARGE MIDCAP 250,Lloyds Metals And Energy Ltd.,LLOYDSME,Steel/Sponge Iron/Pig Iron,INE281B01032
3004,NIFTY LARGE MIDCAP 250,Lodha Developers Ltd.,LODHA,Construction - Real Estate,INE670K01029
3005,NIFTY LARGE MIDCAP 250,Lupin Ltd.,LUPIN,Pharmaceuticals & Drugs,INE326A01037
3006,NIFTY LARGE MIDCAP 250,MRF Ltd.,MRF,Tyres & Allied,INE883A01011
3007,NIFTY LARGE MIDCAP 250,Mahindra & Mahindra Financial Services Ltd.,M&MFIN,Finance - NBFC,INE774D01024
3008,NIFTY LARGE MIDCAP 250,Mahindra & Mahindra Ltd.,M&M,Automobiles - Passenger Cars,INE101A01026
3009,NIFTY LARGE MIDCAP 250,Mankind Pharma Ltd.,MANKIND,Pharmaceuticals & Drugs,INE634S01028
3010,NIFTY LARGE MIDCAP 250,Marico Ltd.,MARICO,Consumer Food,INE196A01026
3011,NIFTY LARGE MIDCAP 250,Maruti Suzuki India Ltd.,MARUTI,Automobiles - Passenger Cars,INE585B01010
3012,NIFTY LARGE MIDCAP 250,Max Financial Services Ltd.,MFSL,Finance - Others,INE180A01020
3013,NIFTY LARGE MIDCAP 250,Max Healthcare Institute Ltd.,MAXHEALTH,Hospital & Healthcare Services,INE027H01010
3014,NIFTY LARGE MIDCAP 250,Mazagoan Dock Shipbuilders Ltd.,MAZDOCK,Ship Building,INE249Z01020
3015,NIFTY LARGE MIDCAP 250,Motilal Oswal Financial Services Ltd.,MOTILALOFS,Finance - Stock Broking,INE338I01027
3016,NIFTY LARGE MIDCAP 250,MphasiS Ltd.,MPHASIS,IT - Software,INE356A01018
3017,NIFTY LARGE MIDCAP 250,Multi Commodity Exchange of India Ltd.,MCX,Finance - Stock Broking,INE745G01043
3018,NIFTY LARGE MIDCAP 250,Muthoot Finance Ltd.,MUTHOOTFIN,Finance - NBFC,INE414G01012
3019,NIFTY LARGE MIDCAP 250,NHPC Ltd.,NHPC,Power Generation/Distribution,INE848E01016
3020,NIFTY LARGE MIDCAP 250,NLC India Ltd.,NLCINDIA,Power Generation/Distribution,INE589A01014
3021,NIFTY LARGE MIDCAP 250,NMDC Ltd.,NMDC,Mining & Minerals,INE584A01023
3022,NIFTY LARGE MIDCAP 250,NTPC Green Energy Ltd.,NTPCGREEN,Power Generation/Distribution,INE0ONG01011
3023,NIFTY LARGE MIDCAP 250,NTPC Ltd.,NTPC,Power Generation/Distribution,INE733E01010
3024,NIFTY LARGE MIDCAP 250,National Aluminium Co. Ltd.,NATIONALUM,Aluminium & Aluminium Products,INE139A01034
3025,NIFTY LARGE MIDCAP 250,Nestle India Ltd.,NESTLEIND,Consumer Food,INE239A01024
3026,NIFTY LARGE MIDCAP 250,Nippon Life India Asset Management Ltd.,NAM-INDIA,Finance - Asset Management,INE298J01013
3027,NIFTY LARGE MIDCAP 250,Oberoi Realty Ltd.,OBEROIRLTY,Construction - Real Estate,INE093I01010
3028,NIFTY LARGE MIDCAP 250,Oil & Natural Gas Corporation Ltd.,ONGC,Oil Exploration,INE213A01029
3029,NIFTY LARGE MIDCAP 250,Oil India Ltd.,OIL,Oil Exploration,INE274J01014
3030,NIFTY LARGE MIDCAP 250,One 97 Communications Ltd.,PAYTM,Fintech,INE982J01020
3031,NIFTY LARGE MIDCAP 250,Oracle Financial Services Software Ltd.,OFSS,IT - Software,INE881D01027
3032,NIFTY LARGE MIDCAP 250,PB Fintech Ltd.,POLICYBZR,Fintech,INE417T01026
3033,NIFTY LARGE MIDCAP 250,PI Industries Ltd.,PIIND,Pesticides & Agrochemicals,INE603J01030
3034,NIFTY LARGE MIDCAP 250,Page Industries Ltd.,PAGEIND,Textile,INE761H01022
3035,NIFTY LARGE MIDCAP 250,Patanjali Foods Ltd.,PATANJALI,Edible Oil,INE619A01035
3036,NIFTY LARGE MIDCAP 250,Persistent Systems Ltd.,PERSISTENT,IT - Software,INE262H01021
3037,NIFTY LARGE MIDCAP 250,Petronet LNG Ltd.,PETRONET,Industrial  Gases & Fuels,INE347G01014
3038,NIFTY LARGE MIDCAP 250,Phoenix Mills Ltd.,PHOENIXLTD,Construction - Real Estate,INE211B01039
3039,NIFTY LARGE MIDCAP 250,Pidilite Industries Ltd.,PIDILITIND,Chemicals,INE318A01026
3040,NIFTY LARGE MIDCAP 250,Polycab India Ltd.,POLYCAB,Cable,INE455K01017
3041,NIFTY LARGE MIDCAP 250,Power Finance Corporation Ltd.,PFC,Finance Term Lending,INE134E01011
3042,NIFTY LARGE MIDCAP 250,Power Grid Corporation of India Ltd.,POWERGRID,Power Generation/Distribution,INE752E01010
3043,NIFTY LARGE MIDCAP 250,Premier Energies Ltd.,PREMIERENE,Electronics - Components,INE0BS701011
3044,NIFTY LARGE MIDCAP 250,Prestige Estates Projects Ltd.,PRESTIGE,Construction - Real Estate,INE811K01011
3045,NIFTY LARGE MIDCAP 250,Punjab National Bank,PNB,NIFTY PRIVATE BANK,INE160A01022
3046,NIFTY LARGE MIDCAP 250,REC Ltd.,RECLTD,Finance Term Lending,INE020B01018
3047,NIFTY LARGE MIDCAP 250,Radico Khaitan Ltd,RADICO,Breweries & Distilleries,INE944F01028
3048,NIFTY LARGE MIDCAP 250,Rail Vikas Nigam Ltd.,RVNL,Engineering - Construction,INE415G01027
3049,NIFTY LARGE MIDCAP 250,Reliance Industries Ltd.,RELIANCE,Refineries,INE002A01018
3050,NIFTY LARGE MIDCAP 250,SBI Cards and Payment Services Ltd.,SBICARD,Finance - NBFC,INE018E01016
3051,NIFTY LARGE MIDCAP 250,SBI Life Insurance Company Ltd.,SBILIFE,Insurance,INE123W01016
3052,NIFTY LARGE MIDCAP 250,SJVN Ltd.,SJVN,Power Generation/Distribution,INE002L01015
3053,NIFTY LARGE MIDCAP 250,SRF Ltd.,SRF,Chemicals,INE647A01010
3054,NIFTY LARGE MIDCAP 250,Samvardhana Motherson International Ltd.,MOTHERSON,Auto Ancillary,INE775A01035
3055,NIFTY LARGE MIDCAP 250,Schaeffler India Ltd.,SCHAEFFLER,Bearings,INE513A01022
3056,NIFTY LARGE MIDCAP 250,Shree Cement Ltd.,SHREECEM,Cement & Construction Materials,INE070A01015
3057,NIFTY LARGE MIDCAP 250,Shriram Finance Ltd.,SHRIRAMFIN,Finance - NBFC,INE721A01047
3058,NIFTY LARGE MIDCAP 250,Siemens Energy India Ltd.,ENRIN,Electric Equipment,INE1NPP01017
3059,NIFTY LARGE MIDCAP 250,Siemens Ltd.,SIEMENS,Electric Equipment,INE003A01024
3060,NIFTY LARGE MIDCAP 250,Solar Industries India Ltd.,SOLARINDS,Chemicals,INE343H01029
3061,NIFTY LARGE MIDCAP 250,State Bank of India,SBIN,NIFTY PRIVATE BANK,INE062A01020
3062,NIFTY LARGE MIDCAP 250,Steel Authority of India Ltd.,SAIL,Steel & Iron Products,INE114A01011
3063,NIFTY LARGE MIDCAP 250,Sun Pharmaceutical Industries Ltd.,SUNPHARMA,Pharmaceuticals & Drugs,INE044A01036
3064,NIFTY LARGE MIDCAP 250,Sundaram Finance Ltd.,SUNDARMFIN,Finance - NBFC,INE660A01013
3065,NIFTY LARGE MIDCAP 250,Supreme Industries Ltd.,SUPREMEIND,Plastic Products,INE195A01028
3066,NIFTY LARGE MIDCAP 250,Suzlon Energy Ltd.,SUZLON,Electric Equipment,INE040H01021
3067,NIFTY LARGE MIDCAP 250,Swiggy Ltd.,SWIGGY,e-Commerce,INE00H001014
3068,NIFTY LARGE MIDCAP 250,TVS Motor Company Ltd.,TVSMOTOR,Automobile Two & Three Wheelers,INE494B01023
3069,NIFTY LARGE MIDCAP 250,Tata Capital Ltd.,TATACAP,Finance - NBFC,INE976I01016
3070,NIFTY LARGE MIDCAP 250,Tata Communications Ltd.,TATACOMM,Telecommunication - Service  Provider,INE151A01013
3071,NIFTY LARGE MIDCAP 250,Tata Consultancy Services Ltd.,TCS,IT - Software,INE467B01029
3072,NIFTY LARGE MIDCAP 250,Tata Consumer Products Ltd.,TATACONSUM,Tea/Coffee,INE192A01025
3073,NIFTY LARGE MIDCAP 250,Tata Elxsi Ltd.,TATAELXSI,IT - Software,INE670A01012
3074,NIFTY LARGE MIDCAP 250,Tata Investment Corporation Ltd.,TATAINVEST,Finance - NBFC,INE672A01026
3075,NIFTY LARGE MIDCAP 250,Tata Motors Ltd.,TMCV,Automobiles-Trucks/Lcv,INE1TAE01010
3076,NIFTY LARGE MIDCAP 250,Tata Motors Passenger Vehicles Ltd.,TMPV,Automobile Two & Three Wheelers,INE155A01022
3077,NIFTY LARGE MIDCAP 250,Tata Power Co. Ltd.,TATAPOWER,Power Generation/Distribution,INE245A01021
3078,NIFTY LARGE MIDCAP 250,Tata Steel Ltd.,TATASTEEL,Steel & Iron Products,INE081A01020
3079,NIFTY LARGE MIDCAP 250,Tech Mahindra Ltd.,TECHM,IT - Software,INE669C01036
3080,NIFTY LARGE MIDCAP 250,The New India Assurance Company Ltd.,NIACL,Insurance,INE470Y01017
3081,NIFTY LARGE MIDCAP 250,Thermax Ltd.,THERMAX,Engineering - Industrial Equipments,INE152A01029
3082,NIFTY LARGE MIDCAP 250,Titan Company Ltd.,TITAN,Diamond  &  Jewellery,INE280A01028
3083,NIFTY LARGE MIDCAP 250,Torrent Pharmaceuticals Ltd.,TORNTPHARM,Pharmaceuticals & Drugs,INE685A01028
3084,NIFTY LARGE MIDCAP 250,Torrent Power Ltd.,TORNTPOWER,Power Generation/Distribution,INE813H01021
3085,NIFTY LARGE MIDCAP 250,Trent Ltd.,TRENT,Retailing,INE849A01020
3086,NIFTY LARGE MIDCAP 250,Tube Investments of India Ltd.,TIINDIA,Auto Ancillary,INE974X01010
3087,NIFTY LARGE MIDCAP 250,UNO Minda Ltd.,UNOMINDA,Auto Ancillary,INE405E01023
3088,NIFTY LARGE MIDCAP 250,UPL Ltd.,UPL,Pesticides & Agrochemicals,INE628A01036
3089,NIFTY LARGE MIDCAP 250,UltraTech Cement Ltd.,ULTRACEMCO,Cement & Construction Materials,INE481G01011
3090,NIFTY LARGE MIDCAP 250,Union Bank of India,UNIONBANK,NIFTY PRIVATE BANK,INE692A01016
3091,NIFTY LARGE MIDCAP 250,United Breweries Ltd.,UBL,Breweries & Distilleries,INE686F01025
3092,NIFTY LARGE MIDCAP 250,United Spirits Ltd.,UNITDSPR,Breweries & Distilleries,INE854D01024
3093,NIFTY LARGE MIDCAP 250,Varun Beverages Ltd.,VBL,Consumer Food,INE200M01039
3094,NIFTY LARGE MIDCAP 250,Vedanta Ltd.,VEDL,Metal - Non Ferrous,INE205A01025
3095,NIFTY LARGE MIDCAP 250,Vishal Mega Mart Ltd.,VMM,Retailing,INE01EA01019
3096,NIFTY LARGE MIDCAP 250,Vodafone Idea Ltd.,IDEA,Telecommunication - Service  Provider,INE669E01016
3097,NIFTY LARGE MIDCAP 250,Voltas Ltd.,VOLTAS,Air Conditioners,INE226A01021
3098,NIFTY LARGE MIDCAP 250,Waaree Energies Ltd.,WAAREEENER,Electric Equipment,INE377N01017
3099,NIFTY LARGE MIDCAP 250,Wipro Ltd.,WIPRO,IT - Software,INE075A01022
3100,NIFTY LARGE MIDCAP 250,Yes Bank Ltd.,YESBANK,NIFTY PRIVATE BANK,INE528G01035
3101,NIFTY LARGE MIDCAP 250,Zydus Lifesciences Ltd.,ZYDUSLIFE,Pharmaceuticals & Drugs,INE010B01027
3102,NIFTY SMALLCAP 50,Aegis Logistics Ltd.,AEGISLOG,Logistics,INE208C01025
3103,NIFTY SMALLCAP 50,Affle 3i Ltd.,AFFLE,BPO/ITeS,INE00WC01027
3104,NIFTY SMALLCAP 50,Amara Raja Energy & Mobility Ltd.,ARE&M,Batteries,INE885A01032
3105,NIFTY SMALLCAP 50,Amber Enterprises India Ltd.,AMBER,Air Conditioners,INE371P01015
3106,NIFTY SMALLCAP 50,Anand Rathi Wealth Ltd.,ANANDRATHI,Finance - Others,INE463V01026
3107,NIFTY SMALLCAP 50,Angel One Ltd.,ANGELONE,Finance - Stock Broking,INE732I01021
3108,NIFTY SMALLCAP 50,Aster DM Healthcare Ltd.,ASTERDM,Hospital & Healthcare Services,INE914M01019
3109,NIFTY SMALLCAP 50,Bandhan Bank Ltd.,BANDHANBNK,NIFTY PRIVATE BANK,INE545U01014
3110,NIFTY SMALLCAP 50,CESC Ltd.,CESC,Power Generation/Distribution,INE486A01021
3111,NIFTY SMALLCAP 50,Castrol India Ltd.,CASTROLIND,Lubricants,INE172A01027
3112,NIFTY SMALLCAP 50,Central Depository Services (India) Ltd.,CDSL,Depository Services,INE736A01011
3113,NIFTY SMALLCAP 50,Cholamandalam Financial Holdings Ltd.,CHOLAHLDNG,Finance - Investment,INE149A01033
3114,NIFTY SMALLCAP 50,City Union Bank Ltd.,CUB,NIFTY PRIVATE BANK,INE491A01021
3115,NIFTY SMALLCAP 50,Cohance Lifesciences Ltd.,COHANCE,Pharmaceuticals & Drugs,INE03QK01018
3116,NIFTY SMALLCAP 50,Computer Age Management Services Ltd.,CAMS,Depository Services,INE596I01020
3117,NIFTY SMALLCAP 50,Crompton Greaves Consumer Electricals Ltd.,CROMPTON,Consumer Durables - Domestic Appliances,INE299U01018
3118,NIFTY SMALLCAP 50,Delhivery Ltd.,DELHIVERY,Courier  Services,INE148O01028
3119,NIFTY SMALLCAP 50,Dr. Lal Path Labs Ltd.,LALPATHLAB,Hospital & Healthcare Services,INE600L01024
3120,NIFTY SMALLCAP 50,Five-Star Business Finance Ltd.,FIVESTAR,Finance - NBFC,INE128S01021
3121,NIFTY SMALLCAP 50,Gland Pharma Ltd.,GLAND,Pharmaceuticals & Drugs,INE068V01023
3122,NIFTY SMALLCAP 50,Himadri Speciality Chemical Ltd.,HSCL,Chemicals,INE019C01026
3123,NIFTY SMALLCAP 50,Hindustan Copper Ltd.,HINDCOPPER,Metal - Non Ferrous,INE531E01026
3124,NIFTY SMALLCAP 50,IIFL Finance Ltd.,IIFL,Finance - Investment,INE530B01024
3125,NIFTY SMALLCAP 50,Indraprastha Gas Ltd.,IGL,Gas Transmission/Marketing,INE203G01027
3126,NIFTY SMALLCAP 50,Inox Wind Ltd.,INOXWIND,Electric Equipment,INE066P01011
3127,NIFTY SMALLCAP 50,Karur Vysya Bank Ltd.,KARURVYSYA,NIFTY PRIVATE BANK,INE036D01028
3128,NIFTY SMALLCAP 50,Kaynes Technology India Ltd.,KAYNES,Electronics - Components,INE918Z01012
3129,NIFTY SMALLCAP 50,Kec International Ltd.,KEC,Engineering - Construction,INE389H01022
3130,NIFTY SMALLCAP 50,Kfin Technologies Ltd.,KFINTECH,Depository Services,INE138Y01010
3131,NIFTY SMALLCAP 50,Manappuram Finance Ltd.,MANAPPURAM,Finance - NBFC,INE522D01027
3132,NIFTY SMALLCAP 50,NATCO Pharma Ltd.,NATCOPHARM,Pharmaceuticals & Drugs,INE987B01026
3133,NIFTY SMALLCAP 50,NBCC (India) Ltd.,NBCC,Construction - Real Estate,INE095N01031
3134,NIFTY SMALLCAP 50,Narayana Hrudayalaya Ltd.,NH,Hospital & Healthcare Services,INE410P01011
3135,NIFTY SMALLCAP 50,Navin Fluorine International Ltd.,NAVINFLUOR,Chemicals,INE048G01026
3136,NIFTY SMALLCAP 50,Neuland Laboratories Ltd.,NEULANDLAB,Pharmaceuticals & Drugs,INE794A01010
3137,NIFTY SMALLCAP 50,PG Electroplast Ltd.,PGEL,Consumer Durables - Domestic Appliances,INE457L01029
3138,NIFTY SMALLCAP 50,PNB Housing Finance Ltd.,PNBHOUSING,Finance - Housing,INE572E01012
3139,NIFTY SMALLCAP 50,Piramal Finance Ltd.,PIRAMALFIN,Finance - Housing,INE202B01038
3140,NIFTY SMALLCAP 50,Piramal Pharma Ltd.,PPLPHARMA,Pharmaceuticals & Drugs,INE0DK501011
3141,NIFTY SMALLCAP 50,Poonawalla Fincorp Ltd.,POONAWALLA,Finance - NBFC,INE511C01022
3142,NIFTY SMALLCAP 50,RBL Bank Ltd.,RBLBANK,NIFTY PRIVATE BANK,INE976G01028
3143,NIFTY SMALLCAP 50,Redington Ltd.,REDINGTON,Trading,INE891D01026
3144,NIFTY SMALLCAP 50,Reliance Power Ltd.,RPOWER,Power Generation/Distribution,INE614G01033
3145,NIFTY SMALLCAP 50,Sai Life Sciences Ltd.,SAILIFE,Pharmaceuticals & Drugs,INE570L01029
3146,NIFTY SMALLCAP 50,Sona BLW Precision Forgings Ltd.,SONACOMS,Auto Ancillary,INE073K01018
3147,NIFTY SMALLCAP 50,Syngene International Ltd.,SYNGENE,Pharmaceuticals & Drugs,INE398R01022
3148,NIFTY SMALLCAP 50,Tata Chemicals Ltd.,TATACHEM,Chemicals,INE092A01019
3149,NIFTY SMALLCAP 50,Tata Technologies Ltd.,TATATECH,IT - Software,INE142M01025
3150,NIFTY SMALLCAP 50,Welspun Corp Ltd.,WELCORP,Steel & Iron Products,INE191B01025
3151,NIFTY SMALLCAP 50,Wockhardt Ltd.,WOCKPHARMA,Pharmaceuticals & Drugs,INE049B01025
3152,NIFTY SMALLCAP 100,Aarti Industries Ltd.,AARTIIND,Chemicals,INE769A01020
3153,NIFTY SMALLCAP 100,Aditya Birla Real Estate Ltd.,ABREL,Paper & Paper Products,INE055A01016
3154,NIFTY SMALLCAP 100,Aegis Logistics Ltd.,AEGISLOG,Logistics,INE208C01025
3155,NIFTY SMALLCAP 100,Afcons Infrastructure Ltd.,AFCONS,Engineering - Construction,INE101I01011
3156,NIFTY SMALLCAP 100,Affle 3i Ltd.,AFFLE,BPO/ITeS,INE00WC01027
3157,NIFTY SMALLCAP 100,Amara Raja Energy & Mobility Ltd.,ARE&M,Batteries,INE885A01032
3158,NIFTY SMALLCAP 100,Amber Enterprises India Ltd.,AMBER,Air Conditioners,INE371P01015
3159,NIFTY SMALLCAP 100,Anand Rathi Wealth Ltd.,ANANDRATHI,Finance - Others,INE463V01026
3160,NIFTY SMALLCAP 100,Anant Raj Ltd.,ANANTRAJ,Construction - Real Estate,INE242C01024
3161,NIFTY SMALLCAP 100,Angel One Ltd.,ANGELONE,Finance - Stock Broking,INE732I01021
3162,NIFTY SMALLCAP 100,Aptus Value Housing Finance India Ltd.,APTUS,Finance - Housing,INE852O01025
3163,NIFTY SMALLCAP 100,Aster DM Healthcare Ltd.,ASTERDM,Hospital & Healthcare Services,INE914M01019
3164,NIFTY SMALLCAP 100,Ather Energy Ltd.,ATHERENERG,Automobile Two & Three Wheelers,INE0LEZ01016
3165,NIFTY SMALLCAP 100,BEML Ltd.,BEML,Construction Vehicles,INE258A01024
3166,NIFTY SMALLCAP 100,BLS International Services Ltd.,BLS,Travel Services,INE153T01027
3167,NIFTY SMALLCAP 100,Bandhan Bank Ltd.,BANDHANBNK,NIFTY PRIVATE BANK,INE545U01014
3168,NIFTY SMALLCAP 100,Brainbees Solutions Ltd.,FIRSTCRY,e-Commerce,INE02RE01045
3169,NIFTY SMALLCAP 100,Brigade Enterprises Ltd.,BRIGADE,Construction - Real Estate,INE791I01019
3170,NIFTY SMALLCAP 100,CESC Ltd.,CESC,Power Generation/Distribution,INE486A01021
3171,NIFTY SMALLCAP 100,Capri Global Capital Ltd.,CGCL,Finance - Investment,INE180C01042
3172,NIFTY SMALLCAP 100,Castrol India Ltd.,CASTROLIND,Lubricants,INE172A01027
3173,NIFTY SMALLCAP 100,Central Depository Services (India) Ltd.,CDSL,Depository Services,INE736A01011
3174,NIFTY SMALLCAP 100,Chambal Fertilizers & Chemicals Ltd.,CHAMBLFERT,Fertilizers,INE085A01013
3175,NIFTY SMALLCAP 100,Cholamandalam Financial Holdings Ltd.,CHOLAHLDNG,Finance - Investment,INE149A01033
3176,NIFTY SMALLCAP 100,City Union Bank Ltd.,CUB,NIFTY PRIVATE BANK,INE491A01021
3177,NIFTY SMALLCAP 100,Cohance Lifesciences Ltd.,COHANCE,Pharmaceuticals & Drugs,INE03QK01018
3178,NIFTY SMALLCAP 100,Computer Age Management Services Ltd.,CAMS,Depository Services,INE596I01020
3179,NIFTY SMALLCAP 100,CreditAccess Grameen Ltd.,CREDITACC,Finance - NBFC,INE741K01010
3180,NIFTY SMALLCAP 100,Crompton Greaves Consumer Electricals Ltd.,CROMPTON,Consumer Durables - Domestic Appliances,INE299U01018
3181,NIFTY SMALLCAP 100,Data Patterns (India) Ltd.,DATAPATTNS,Defence,INE0IX101010
3182,NIFTY SMALLCAP 100,Deepak Fertilisers & Petrochemicals Corp. Ltd.,DEEPAKFERT,Chemicals,INE501A01019
3183,NIFTY SMALLCAP 100,Delhivery Ltd.,DELHIVERY,Courier  Services,INE148O01028
3184,NIFTY SMALLCAP 100,Devyani International Ltd.,DEVYANI,Consumer Food,INE872J01023
3185,NIFTY SMALLCAP 100,Dr. Lal Path Labs Ltd.,LALPATHLAB,Hospital & Healthcare Services,INE600L01024
3186,NIFTY SMALLCAP 100,Firstsource Solutions Ltd.,FSL,BPO/ITeS,INE684F01012
3187,NIFTY SMALLCAP 100,Five-Star Business Finance Ltd.,FIVESTAR,Finance - NBFC,INE128S01021
3188,NIFTY SMALLCAP 100,Force Motors Ltd.,FORCEMOT,Automobiles-Trucks/Lcv,INE451A01017
3189,NIFTY SMALLCAP 100,Garden Reach Shipbuilders & Engineers Ltd.,GRSE,Ship Building,INE382Z01011
3190,NIFTY SMALLCAP 100,Gland Pharma Ltd.,GLAND,Pharmaceuticals & Drugs,INE068V01023
3191,NIFTY SMALLCAP 100,Godawari Power & Ispat Ltd.,GPIL,Steel & Iron Products,INE177H01039
3192,NIFTY SMALLCAP 100,Great Eastern Shipping Co. Ltd.,GESHIP,Shipping,INE017A01032
3193,NIFTY SMALLCAP 100,Gujarat Mineral Development Corporation Ltd.,GMDCLTD,Mining & Minerals,INE131A01031
3194,NIFTY SMALLCAP 100,HBL Engineering Ltd.,HBLENGINE,Batteries,INE292B01021
3195,NIFTY SMALLCAP 100,Himadri Speciality Chemical Ltd.,HSCL,Chemicals,INE019C01026
3196,NIFTY SMALLCAP 100,Hindustan Copper Ltd.,HINDCOPPER,Metal - Non Ferrous,INE531E01026
3197,NIFTY SMALLCAP 100,IDBI Bank Ltd.,IDBI,NIFTY PRIVATE BANK,INE008A01015
3198,NIFTY SMALLCAP 100,IFCI Ltd.,IFCI,Finance Term Lending,INE039A01010
3199,NIFTY SMALLCAP 100,IIFL Finance Ltd.,IIFL,Finance - Investment,INE530B01024
3200,NIFTY SMALLCAP 100,IRCON International Ltd.,IRCON,Engineering - Construction,INE962Y01021
3201,NIFTY SMALLCAP 100,ITI Ltd.,ITI,Telecommunication - Equipment,INE248A01017
3202,NIFTY SMALLCAP 100,Indraprastha Gas Ltd.,IGL,Gas Transmission/Marketing,INE203G01027
3203,NIFTY SMALLCAP 100,Inox Wind Ltd.,INOXWIND,Electric Equipment,INE066P01011
3204,NIFTY SMALLCAP 100,Inventurus Knowledge Solutions Ltd.,IKS,BPO/ITeS,INE115Q01022
3205,NIFTY SMALLCAP 100,JBM Auto Ltd.,JBMA,Auto Ancillary,INE927D01051
3206,NIFTY SMALLCAP 100,JM Financial Ltd.,JMFINANCIL,Finance - Investment,INE780C01023
3207,NIFTY SMALLCAP 100,JSW Cement Ltd.,JSWCEMENT,Cement & Construction Materials,INE718I01012
3208,NIFTY SMALLCAP 100,Jyoti CNC Automation Ltd.,JYOTICNC,Engineering - Industrial Equipments,INE980O01024
3209,NIFTY SMALLCAP 100,Karur Vysya Bank Ltd.,KARURVYSYA,NIFTY PRIVATE BANK,INE036D01028
3210,NIFTY SMALLCAP 100,Kaynes Technology India Ltd.,KAYNES,Electronics - Components,INE918Z01012
3211,NIFTY SMALLCAP 100,Kec International Ltd.,KEC,Engineering - Construction,INE389H01022
3212,NIFTY SMALLCAP 100,Kfin Technologies Ltd.,KFINTECH,Depository Services,INE138Y01010
3213,NIFTY SMALLCAP 100,Manappuram Finance Ltd.,MANAPPURAM,Finance - NBFC,INE522D01027
3214,NIFTY SMALLCAP 100,Mangalore Refinery & Petrochemicals Ltd.,MRPL,Refineries,INE103A01014
3215,NIFTY SMALLCAP 100,Meesho Ltd.,MEESHO,e-Commerce,INE0VDM01015
3216,NIFTY SMALLCAP 100,NATCO Pharma Ltd.,NATCOPHARM,Pharmaceuticals & Drugs,INE987B01026
3217,NIFTY SMALLCAP 100,NBCC (India) Ltd.,NBCC,Construction - Real Estate,INE095N01031
3218,NIFTY SMALLCAP 100,Narayana Hrudayalaya Ltd.,NH,Hospital & Healthcare Services,INE410P01011
3219,NIFTY SMALLCAP 100,Navin Fluorine International Ltd.,NAVINFLUOR,Chemicals,INE048G01026
3220,NIFTY SMALLCAP 100,Netweb Technologies India Ltd.,NETWEB,IT - Hardware,INE0NT901020
3221,NIFTY SMALLCAP 100,Neuland Laboratories Ltd.,NEULANDLAB,Pharmaceuticals & Drugs,INE794A01010
3222,NIFTY SMALLCAP 100,Nuvama Wealth Management Ltd.,NUVAMA,Finance - Others,INE531F01023
3223,NIFTY SMALLCAP 100,Ola Electric Mobility Ltd.,OLAELEC,Automobile Two & Three Wheelers,INE0LXG01040
3224,NIFTY SMALLCAP 100,PG Electroplast Ltd.,PGEL,Consumer Durables - Domestic Appliances,INE457L01029
3225,NIFTY SMALLCAP 100,PNB Housing Finance Ltd.,PNBHOUSING,Finance - Housing,INE572E01012
3227,NIFTY SMALLCAP 100,Pine Labs Ltd.,PINELABS,Fintech,INE15B701018
3228,NIFTY SMALLCAP 100,Piramal Finance Ltd.,PIRAMALFIN,Finance - Housing,INE202B01038
3229,NIFTY SMALLCAP 100,Piramal Pharma Ltd.,PPLPHARMA,Pharmaceuticals & Drugs,INE0DK501011
3230,NIFTY SMALLCAP 100,Poonawalla Fincorp Ltd.,POONAWALLA,Finance - NBFC,INE511C01022
3231,NIFTY SMALLCAP 100,RBL Bank Ltd.,RBLBANK,NIFTY PRIVATE BANK,INE976G01028
3232,NIFTY SMALLCAP 100,Redington Ltd.,REDINGTON,Trading,INE891D01026
3233,NIFTY SMALLCAP 100,Reliance Power Ltd.,RPOWER,Power Generation/Distribution,INE614G01033
3234,NIFTY SMALLCAP 100,Sagility Ltd.,SAGILITY,Business Support,INE0W2G01015
3235,NIFTY SMALLCAP 100,Sai Life Sciences Ltd.,SAILIFE,Pharmaceuticals & Drugs,INE570L01029
3236,NIFTY SMALLCAP 100,Sarda Energy and Minerals Ltd.,SARDAEN,Steel & Iron Products,INE385C01021
3237,NIFTY SMALLCAP 100,Signatureglobal (India) Ltd.,SIGNATURE,Construction - Real Estate,INE903U01023
3238,NIFTY SMALLCAP 100,Sona BLW Precision Forgings Ltd.,SONACOMS,Auto Ancillary,INE073K01018
3239,NIFTY SMALLCAP 100,Star Health and Allied Insurance Company Ltd.,STARHEALTH,Insurance,INE575P01011
3240,NIFTY SMALLCAP 100,Swan Corp Ltd.,SWANCORP,Petrochemicals,INE665A01038
3241,NIFTY SMALLCAP 100,Syngene International Ltd.,SYNGENE,Pharmaceuticals & Drugs,INE398R01022
3242,NIFTY SMALLCAP 100,Tata Chemicals Ltd.,TATACHEM,Chemicals,INE092A01019
3243,NIFTY SMALLCAP 100,Tata Technologies Ltd.,TATATECH,IT - Software,INE142M01025
3244,NIFTY SMALLCAP 100,Tenneco Clean Air India Ltd.,TENNIND,Auto Ancillary,INE19RI01016
3245,NIFTY SMALLCAP 100,The Ramco Cements Ltd.,RAMCOCEM,Cement & Construction Materials,INE331A01037
3246,NIFTY SMALLCAP 100,Triveni Turbine Ltd.,TRITURBINE,Engineering - Industrial Equipments,INE152M01016
3247,NIFTY SMALLCAP 100,Urban Company Ltd.,URBANCO,e-Commerce,INE0CAZ01013
3248,NIFTY SMALLCAP 100,Welspun Corp Ltd.,WELCORP,Steel & Iron Products,INE191B01025
3249,NIFTY SMALLCAP 100,Whirlpool of India Ltd.,WHIRLPOOL,Consumer Durables - Domestic Appliances,INE716A01013
3250,NIFTY SMALLCAP 100,Wockhardt Ltd.,WOCKPHARMA,Pharmaceuticals & Drugs,INE049B01025
3251,NIFTY SMALLCAP 100,Zensar Technolgies Ltd.,ZENSARTECH,IT - Software,INE520A01027
3252,NIFTY SMALLCAP 250,ACME Solar Holdings Ltd.,ACMESOLAR,Power Generation/Distribution,INE622W01025
3253,NIFTY SMALLCAP 250,Aadhar Housing Finance Ltd.,AADHARHFC,Finance - Housing,INE883F01010
3254,NIFTY SMALLCAP 250,Aarti Industries Ltd.,AARTIIND,Chemicals,INE769A01020
3255,NIFTY SMALLCAP 250,Aavas Financiers Ltd.,AAVAS,Finance - Housing,INE216P01012
3256,NIFTY SMALLCAP 250,Action Construction Equipment Ltd.,ACE,Construction Vehicles,INE731H01025
3257,NIFTY SMALLCAP 250,Acutaas Chemicals Ltd.,ACUTAAS,Pharmaceuticals & Drugs,INE00FF01025
3258,NIFTY SMALLCAP 250,Aditya Birla Fashion and Retail Ltd.,ABFRL,Retailing,INE647O01011
3259,NIFTY SMALLCAP 250,Aditya Birla Lifestyle Brands Ltd.,ABLBL,Retailing,INE14LE01019
3260,NIFTY SMALLCAP 250,Aditya Birla Real Estate Ltd.,ABREL,Paper & Paper Products,INE055A01016
3261,NIFTY SMALLCAP 250,Aditya Birla Sun Life AMC Ltd.,ABSLAMC,Finance - Asset Management,INE404A01024
3262,NIFTY SMALLCAP 250,Aditya Infotech Ltd.,CPPLUS,Engineering - Industrial Equipments,INE819V01029
3263,NIFTY SMALLCAP 250,Aegis Logistics Ltd.,AEGISLOG,Logistics,INE208C01025
3264,NIFTY SMALLCAP 250,Aegis Vopak Terminals Ltd.,AEGISVOPAK,Oil Exploration,INE0INX01018
3265,NIFTY SMALLCAP 250,Afcons Infrastructure Ltd.,AFCONS,Engineering - Construction,INE101I01011
3266,NIFTY SMALLCAP 250,Affle 3i Ltd.,AFFLE,BPO/ITeS,INE00WC01027
3267,NIFTY SMALLCAP 250,Akzo Nobel India Ltd.,AKZOINDIA,Paints,INE133A01011
3268,NIFTY SMALLCAP 250,Allied Blenders and Distillers Ltd.,ABDL,Breweries & Distilleries,INE552Z01027
3269,NIFTY SMALLCAP 250,Amara Raja Energy & Mobility Ltd.,ARE&M,Batteries,INE885A01032
3270,NIFTY SMALLCAP 250,Amber Enterprises India Ltd.,AMBER,Air Conditioners,INE371P01015
3271,NIFTY SMALLCAP 250,Anand Rathi Wealth Ltd.,ANANDRATHI,Finance - Others,INE463V01026
3272,NIFTY SMALLCAP 250,Anant Raj Ltd.,ANANTRAJ,Construction - Real Estate,INE242C01024
3273,NIFTY SMALLCAP 250,Angel One Ltd.,ANGELONE,Finance - Stock Broking,INE732I01021
3274,NIFTY SMALLCAP 250,Anupam Rasayan India Ltd.,ANURAS,Chemicals,INE930P01018
3275,NIFTY SMALLCAP 250,Aptus Value Housing Finance India Ltd.,APTUS,Finance - Housing,INE852O01025
3276,NIFTY SMALLCAP 250,Asahi India Glass Ltd.,ASAHIINDIA,Glass,INE439A01020
3277,NIFTY SMALLCAP 250,Aster DM Healthcare Ltd.,ASTERDM,Hospital & Healthcare Services,INE914M01019
3278,NIFTY SMALLCAP 250,Ather Energy Ltd.,ATHERENERG,Automobile Two & Three Wheelers,INE0LEZ01016
3279,NIFTY SMALLCAP 250,Atul Ltd.,ATUL,Chemicals,INE100A01010
3280,NIFTY SMALLCAP 250,BEML Ltd.,BEML,Construction Vehicles,INE258A01024
3281,NIFTY SMALLCAP 250,BLS International Services Ltd.,BLS,Travel Services,INE153T01027
3282,NIFTY SMALLCAP 250,Balrampur Chini Mills Ltd.,BALRAMCHIN,Sugar,INE119A01028
3283,NIFTY SMALLCAP 250,Bandhan Bank Ltd.,BANDHANBNK,NIFTY PRIVATE BANK,INE545U01014
3284,NIFTY SMALLCAP 250,Bata India Ltd.,BATAINDIA,Footwear,INE176A01028
3285,NIFTY SMALLCAP 250,Bayer Cropscience Ltd.,BAYERCROP,Pesticides & Agrochemicals,INE462A01022
3286,NIFTY SMALLCAP 250,Belrise Industries Ltd.,BELRISE,Auto Ancillary,INE894V01022
3287,NIFTY SMALLCAP 250,Bikaji Foods International Ltd.,BIKAJI,Consumer Food,INE00E101023
3288,NIFTY SMALLCAP 250,Birlasoft Ltd.,BSOFT,IT - Software,INE836A01035
3289,NIFTY SMALLCAP 250,Blue Dart Express Ltd.,BLUEDART,Courier  Services,INE233B01017
3290,NIFTY SMALLCAP 250,Blue Jet Healthcare Ltd.,BLUEJET,Pharmaceuticals & Drugs,INE0KBH01020
3291,NIFTY SMALLCAP 250,Bombay Burmah Trading Corporation Ltd.,BBTC,Agriculture,INE050A01025
3292,NIFTY SMALLCAP 250,Brainbees Solutions Ltd.,FIRSTCRY,e-Commerce,INE02RE01045
3293,NIFTY SMALLCAP 250,Brigade Enterprises Ltd.,BRIGADE,Construction - Real Estate,INE791I01019
3294,NIFTY SMALLCAP 250,C.E. Info Systems Ltd.,MAPMYINDIA,IT - Software,INE0BV301023
3295,NIFTY SMALLCAP 250,CCL Products (I) Ltd.,CCL,Tea/Coffee,INE421D01022
3296,NIFTY SMALLCAP 250,CESC Ltd.,CESC,Power Generation/Distribution,INE486A01021
3297,NIFTY SMALLCAP 250,Can Fin Homes Ltd.,CANFINHOME,Finance - Housing,INE477A01020
3298,NIFTY SMALLCAP 250,Canara HSBC Life Insurance Company Ltd.,CANHLIFE,Insurance,INE01TY01017
3299,NIFTY SMALLCAP 250,Caplin Point Laboratories Ltd.,CAPLIPOINT,Pharmaceuticals & Drugs,INE475E01026
3300,NIFTY SMALLCAP 250,Capri Global Capital Ltd.,CGCL,Finance - Investment,INE180C01042
3301,NIFTY SMALLCAP 250,Carborundum Universal Ltd.,CARBORUNIV,Abrasives,INE120A01034
3302,NIFTY SMALLCAP 250,Cartrade Tech Ltd.,CARTRADE,e-Commerce,INE290S01011
3303,NIFTY SMALLCAP 250,Castrol India Ltd.,CASTROLIND,Lubricants,INE172A01027
3304,NIFTY SMALLCAP 250,Ceat Ltd.,CEATLTD,Tyres & Allied,INE482A01020
3305,NIFTY SMALLCAP 250,Cemindia Projects Ltd.,CEMPRO,Engineering - Construction,INE686A01026
3306,NIFTY SMALLCAP 250,Central Bank of India,CENTRALBK,NIFTY PRIVATE BANK,INE483A01010
3307,NIFTY SMALLCAP 250,Central Depository Services (India) Ltd.,CDSL,Depository Services,INE736A01011
3308,NIFTY SMALLCAP 250,Chalet Hotels Ltd.,CHALET,"Hotel, Resort & Restaurants",INE427F01016
3309,NIFTY SMALLCAP 250,Chambal Fertilizers & Chemicals Ltd.,CHAMBLFERT,Fertilizers,INE085A01013
3310,NIFTY SMALLCAP 250,Chennai Petroleum Corporation Ltd.,CHENNPETRO,Refineries,INE178A01016
3311,NIFTY SMALLCAP 250,Choice International Ltd.,CHOICEIN,Finance - Stock Broking,INE102B01014
3312,NIFTY SMALLCAP 250,Cholamandalam Financial Holdings Ltd.,CHOLAHLDNG,Finance - Investment,INE149A01033
3313,NIFTY SMALLCAP 250,City Union Bank Ltd.,CUB,NIFTY PRIVATE BANK,INE491A01021
3314,NIFTY SMALLCAP 250,Clean Science and Technology Ltd.,CLEAN,Chemicals,INE227W01023
3315,NIFTY SMALLCAP 250,Cohance Lifesciences Ltd.,COHANCE,Pharmaceuticals & Drugs,INE03QK01018
3316,NIFTY SMALLCAP 250,Computer Age Management Services Ltd.,CAMS,Depository Services,INE596I01020
3317,NIFTY SMALLCAP 250,Concord Biotech Ltd.,CONCORDBIO,Pharmaceuticals & Drugs,INE338H01029
3318,NIFTY SMALLCAP 250,Craftsman Automation Ltd.,CRAFTSMAN,Auto Ancillary,INE00LO01017
3319,NIFTY SMALLCAP 250,CreditAccess Grameen Ltd.,CREDITACC,Finance - NBFC,INE741K01010
3320,NIFTY SMALLCAP 250,Crompton Greaves Consumer Electricals Ltd.,CROMPTON,Consumer Durables - Domestic Appliances,INE299U01018
3321,NIFTY SMALLCAP 250,Cyient Ltd.,CYIENT,IT - Software,INE136B01020
3322,NIFTY SMALLCAP 250,DCM Shriram Ltd.,DCMSHRIRAM,Diversified,INE499A01024
3323,NIFTY SMALLCAP 250,DOMS Industries Ltd.,DOMS,Printing & Stationery,INE321T01012
3324,NIFTY SMALLCAP 250,Data Patterns (India) Ltd.,DATAPATTNS,Defence,INE0IX101010
3325,NIFTY SMALLCAP 250,Deepak Fertilisers & Petrochemicals Corp. Ltd.,DEEPAKFERT,Chemicals,INE501A01019
3326,NIFTY SMALLCAP 250,Deepak Nitrite Ltd.,DEEPAKNTR,Chemicals,INE288B01029
3327,NIFTY SMALLCAP 250,Delhivery Ltd.,DELHIVERY,Courier  Services,INE148O01028
3328,NIFTY SMALLCAP 250,Devyani International Ltd.,DEVYANI,Consumer Food,INE872J01023
3329,NIFTY SMALLCAP 250,Dr. Lal Path Labs Ltd.,LALPATHLAB,Hospital & Healthcare Services,INE600L01024
3330,NIFTY SMALLCAP 250,E.I.D. Parry (India) Ltd.,EIDPARRY,Sugar,INE126A01031
3331,NIFTY SMALLCAP 250,EIH Ltd.,EIHOTEL,"Hotel, Resort & Restaurants",INE230A01023
3332,NIFTY SMALLCAP 250,Elecon Engineering Co. Ltd.,ELECON,Engineering - Industrial Equipments,INE205B01031
3333,NIFTY SMALLCAP 250,Elgi Equipments Ltd.,ELGIEQUIP,Compressors / Pumps,INE285A01027
3334,NIFTY SMALLCAP 250,Emami Ltd.,EMAMILTD,Household & Personal Products,INE548C01032
3335,NIFTY SMALLCAP 250,Emcure Pharmaceuticals Ltd.,EMCURE,Pharmaceuticals & Drugs,INE168P01015
3336,NIFTY SMALLCAP 250,Emmvee Photovoltaic Power Ltd.,EMMVEE,Electric Equipment,INE1C6T01020
3337,NIFTY SMALLCAP 250,Engineers India Ltd.,ENGINERSIN,Engineering,INE510A01028
3338,NIFTY SMALLCAP 250,Eris Lifesciences Ltd.,ERIS,Pharmaceuticals & Drugs,INE406M01024
3339,NIFTY SMALLCAP 250,Fertilisers and Chemicals Travancore Ltd.,FACT,Fertilizers,INE188A01015
3340,NIFTY SMALLCAP 250,Finolex Cables Ltd.,FINCABLES,Cable,INE235A01022
3341,NIFTY SMALLCAP 250,Firstsource Solutions Ltd.,FSL,BPO/ITeS,INE684F01012
3342,NIFTY SMALLCAP 250,Five-Star Business Finance Ltd.,FIVESTAR,Finance - NBFC,INE128S01021
3343,NIFTY SMALLCAP 250,Force Motors Ltd.,FORCEMOT,Automobiles-Trucks/Lcv,INE451A01017
3344,NIFTY SMALLCAP 250,Gabriel India Ltd.,GABRIEL,Auto Ancillary,INE524A01029
3345,NIFTY SMALLCAP 250,Gallantt Ispat Ltd.,GALLANTT,Steel & Iron Products,INE297H01019
3346,NIFTY SMALLCAP 250,Garden Reach Shipbuilders & Engineers Ltd.,GRSE,Ship Building,INE382Z01011
3347,NIFTY SMALLCAP 250,Gillette India Ltd.,GILLETTE,Household & Personal Products,INE322A01010
3348,NIFTY SMALLCAP 250,Gland Pharma Ltd.,GLAND,Pharmaceuticals & Drugs,INE068V01023
3349,NIFTY SMALLCAP 250,Go Digit General Insurance Ltd.,GODIGIT,Insurance,INE03JT01014
3350,NIFTY SMALLCAP 250,Godawari Power & Ispat Ltd.,GPIL,Steel & Iron Products,INE177H01039
3351,NIFTY SMALLCAP 250,Granules India Ltd.,GRANULES,Pharmaceuticals & Drugs,INE101D01020
3352,NIFTY SMALLCAP 250,Graphite India Ltd.,GRAPHITE,Electrodes & Welding Equipment,INE371A01025
3353,NIFTY SMALLCAP 250,Gravita India Ltd.,GRAVITA,Metal - Non Ferrous,INE024L01027
3354,NIFTY SMALLCAP 250,Great Eastern Shipping Co. Ltd.,GESHIP,Shipping,INE017A01032
3355,NIFTY SMALLCAP 250,Gujarat Mineral Development Corporation Ltd.,GMDCLTD,Mining & Minerals,INE131A01031
3356,NIFTY SMALLCAP 250,Gujarat State Petronet Ltd.,GSPL,Gas Transmission/Marketing,INE246F01010
3357,NIFTY SMALLCAP 250,H.E.G. Ltd.,HEG,Electrodes & Welding Equipment,INE545A01024
3358,NIFTY SMALLCAP 250,HBL Engineering Ltd.,HBLENGINE,Batteries,INE292B01021
3359,NIFTY SMALLCAP 250,HFCL Ltd.,HFCL,Telecom-Infrastructure,INE548A01028
3360,NIFTY SMALLCAP 250,Himadri Speciality Chemical Ltd.,HSCL,Chemicals,INE019C01026
3361,NIFTY SMALLCAP 250,Hindustan Copper Ltd.,HINDCOPPER,Metal - Non Ferrous,INE531E01026
3362,NIFTY SMALLCAP 250,Home First Finance Company India Ltd.,HOMEFIRST,Finance - Housing,INE481N01025
3363,NIFTY SMALLCAP 250,Honasa Consumer Ltd.,HONASA,Trading,INE0J5401028
3364,NIFTY SMALLCAP 250,IDBI Bank Ltd.,IDBI,NIFTY PRIVATE BANK,INE008A01015
3365,NIFTY SMALLCAP 250,IFCI Ltd.,IFCI,Finance Term Lending,INE039A01010
3366,NIFTY SMALLCAP 250,IIFL Finance Ltd.,IIFL,Finance - Investment,INE530B01024
3367,NIFTY SMALLCAP 250,IRB Infrastructure Developers Ltd.,IRB,Engineering - Construction,INE821I01022
3368,NIFTY SMALLCAP 250,IRCON International Ltd.,IRCON,Engineering - Construction,INE962Y01021
3369,NIFTY SMALLCAP 250,ITI Ltd.,ITI,Telecommunication - Equipment,INE248A01017
3370,NIFTY SMALLCAP 250,Indegene Ltd.,INDGN,Pharmaceuticals & Drugs,INE065X01017
3371,NIFTY SMALLCAP 250,India Cements Ltd.,INDIACEM,Cement & Construction Materials,INE383A01012
3372,NIFTY SMALLCAP 250,Indiamart Intermesh Ltd.,INDIAMART,e-Commerce,INE933S01016
3373,NIFTY SMALLCAP 250,Indian Energy Exchange Ltd.,IEX,Power Generation/Distribution,INE022Q01020
3374,NIFTY SMALLCAP 250,Indian Overseas Bank,IOB,NIFTY PRIVATE BANK,INE565A01014
3375,NIFTY SMALLCAP 250,Indraprastha Gas Ltd.,IGL,Gas Transmission/Marketing,INE203G01027
3376,NIFTY SMALLCAP 250,Inox Wind Ltd.,INOXWIND,Electric Equipment,INE066P01011
3377,NIFTY SMALLCAP 250,Intellect Design Arena Ltd.,INTELLECT,IT - Software,INE306R01017
3378,NIFTY SMALLCAP 250,International Gemmological Institute (India) Ltd.,IGIL,Business Support,INE0Q9301021
3379,NIFTY SMALLCAP 250,Inventurus Knowledge Solutions Ltd.,IKS,BPO/ITeS,INE115Q01022
3380,NIFTY SMALLCAP 250,J.B. Chemicals & Pharmaceuticals Ltd.,JBCHEPHARM,Pharmaceuticals & Drugs,INE572A01036
3381,NIFTY SMALLCAP 250,JBM Auto Ltd.,JBMA,Auto Ancillary,INE927D01051
3382,NIFTY SMALLCAP 250,JK Tyre & Industries Ltd.,JKTYRE,Tyres & Allied,INE573A01042
3383,NIFTY SMALLCAP 250,JM Financial Ltd.,JMFINANCIL,Finance - Investment,INE780C01023
3384,NIFTY SMALLCAP 250,JSW Cement Ltd.,JSWCEMENT,Cement & Construction Materials,INE718I01012
3385,NIFTY SMALLCAP 250,Jain Resource Recycling Ltd.,JAINREC,Metal - Non Ferrous,INE0YD401026
3386,NIFTY SMALLCAP 250,Jaiprakash Power Ventures Ltd.,JPPOWER,Power Generation/Distribution,INE351F01018
3387,NIFTY SMALLCAP 250,Jammu & Kashmir Bank Ltd.,J&KBANK,NIFTY PRIVATE BANK,INE168A01041
3388,NIFTY SMALLCAP 250,Jindal Saw Ltd.,JINDALSAW,Steel & Iron Products,INE324A01032
3389,NIFTY SMALLCAP 250,Jubilant Ingrevia Ltd.,JUBLINGREA,Chemicals,INE0BY001018
3390,NIFTY SMALLCAP 250,Jubilant Pharmova Ltd.,JUBLPHARMA,Pharmaceuticals & Drugs,INE700A01033
3391,NIFTY SMALLCAP 250,Jupiter Wagons Ltd.,JWL,Railways Wagons,INE209L01016
3392,NIFTY SMALLCAP 250,Jyoti CNC Automation Ltd.,JYOTICNC,Engineering - Industrial Equipments,INE980O01024
3393,NIFTY SMALLCAP 250,Kajaria Ceramics Ltd.,KAJARIACER,Ceramics/Marble/Granite/Sanitaryware,INE217B01036
3394,NIFTY SMALLCAP 250,Kalpataru Projects International Ltd.,KPIL,Engineering - Construction,INE220B01022
3395,NIFTY SMALLCAP 250,Karur Vysya Bank Ltd.,KARURVYSYA,NIFTY PRIVATE BANK,INE036D01028
3396,NIFTY SMALLCAP 250,Kaynes Technology India Ltd.,KAYNES,Electronics - Components,INE918Z01012
3397,NIFTY SMALLCAP 250,Kec International Ltd.,KEC,Engineering - Construction,INE389H01022
3398,NIFTY SMALLCAP 250,Kfin Technologies Ltd.,KFINTECH,Depository Services,INE138Y01010
3399,NIFTY SMALLCAP 250,Kirloskar Oil Eng Ltd.,KIRLOSENG,Engineering - Industrial Equipments,INE146L01010
3400,NIFTY SMALLCAP 250,Krishna Institute of Medical Sciences Ltd.,KIMS,Hospital & Healthcare Services,INE967H01025
3401,NIFTY SMALLCAP 250,LT Foods Ltd.,LTFOODS,Consumer Food,INE818H01020
3402,NIFTY SMALLCAP 250,Latent View Analytics Ltd.,LATENTVIEW,Business Support,INE0I7C01011
3403,NIFTY SMALLCAP 250,Leela Palaces Hotels & Resorts Ltd.,THELEELA,"Hotel, Resort & Restaurants",INE0AQ201015
3404,NIFTY SMALLCAP 250,Lemon Tree Hotels Ltd.,LEMONTREE,"Hotel, Resort & Restaurants",INE970X01018
3405,NIFTY SMALLCAP 250,MMTC Ltd.,MMTC,Trading,INE123F01029
3406,NIFTY SMALLCAP 250,Mahanagar Gas Ltd.,MGL,Gas Transmission/Marketing,INE002S01010
3407,NIFTY SMALLCAP 250,Manappuram Finance Ltd.,MANAPPURAM,Finance - NBFC,INE522D01027
3408,NIFTY SMALLCAP 250,Mangalore Refinery & Petrochemicals Ltd.,MRPL,Refineries,INE103A01014
3409,NIFTY SMALLCAP 250,Meesho Ltd.,MEESHO,e-Commerce,INE0VDM01015
3410,NIFTY SMALLCAP 250,Minda Corporation Ltd.,MINDACORP,Auto Ancillary,INE842C01021
3411,NIFTY SMALLCAP 250,Motherson Sumi Wiring India Ltd.,MSUMI,Steel & Iron Products,INE0FS801015
3412,NIFTY SMALLCAP 250,NATCO Pharma Ltd.,NATCOPHARM,Pharmaceuticals & Drugs,INE987B01026
3413,NIFTY SMALLCAP 250,NBCC (India) Ltd.,NBCC,Construction - Real Estate,INE095N01031
3414,NIFTY SMALLCAP 250,NCC Ltd.,NCC,Engineering - Construction,INE868B01028
3415,NIFTY SMALLCAP 250,NMDC Steel Ltd.,NSLNISP,Steel & Iron Products,INE0NNS01018
3416,NIFTY SMALLCAP 250,Narayana Hrudayalaya Ltd.,NH,Hospital & Healthcare Services,INE410P01011
3417,NIFTY SMALLCAP 250,Nava Ltd.,NAVA,Power Generation/Distribution,INE725A01030
3418,NIFTY SMALLCAP 250,Navin Fluorine International Ltd.,NAVINFLUOR,Chemicals,INE048G01026
3419,NIFTY SMALLCAP 250,Netweb Technologies India Ltd.,NETWEB,IT - Hardware,INE0NT901020
3420,NIFTY SMALLCAP 250,Neuland Laboratories Ltd.,NEULANDLAB,Pharmaceuticals & Drugs,INE794A01010
3421,NIFTY SMALLCAP 250,Newgen Software Technologies Ltd.,NEWGEN,IT - Software,INE619B01017
3422,NIFTY SMALLCAP 250,Niva Bupa Health Insurance Company Ltd.,NIVABUPA,Insurance,INE995S01015
3423,NIFTY SMALLCAP 250,Nuvama Wealth Management Ltd.,NUVAMA,Finance - Others,INE531F01023
3424,NIFTY SMALLCAP 250,Nuvoco Vistas Corporation Ltd.,NUVOCO,Cement & Construction Materials,INE118D01016
3425,NIFTY SMALLCAP 250,Ola Electric Mobility Ltd.,OLAELEC,Automobile Two & Three Wheelers,INE0LXG01040
3426,NIFTY SMALLCAP 250,Olectra Greentech Ltd.,OLECTRA,Automobiles-Trucks/Lcv,INE260D01016
3427,NIFTY SMALLCAP 250,Onesource Specialty Pharma Ltd.,ONESOURCE,Pharmaceuticals & Drugs,INE013P01021
3428,NIFTY SMALLCAP 250,PCBL Chemical Ltd.,PCBL,Carbon Black,INE602A01031
3429,NIFTY SMALLCAP 250,PG Electroplast Ltd.,PGEL,Consumer Durables - Domestic Appliances,INE457L01029
3430,NIFTY SMALLCAP 250,PNB Housing Finance Ltd.,PNBHOUSING,Finance - Housing,INE572E01012
3431,NIFTY SMALLCAP 250,PTC Industries Ltd.,PTCIL,Castings/Forgings,INE596F01018
3432,NIFTY SMALLCAP 250,PVR INOX Ltd.,PVRINOX,"Film Production, Distribution & Entertainment",INE191H01014
3433,NIFTY SMALLCAP 250,Paradeep Phosphates Ltd.,PARADEEP,Fertilizers,INE088F01024
3434,NIFTY SMALLCAP 250,Pfizer Ltd.,PFIZER,Pharmaceuticals & Drugs,INE182A01018
3436,NIFTY SMALLCAP 250,Pine Labs Ltd.,PINELABS,Fintech,INE15B701018
3437,NIFTY SMALLCAP 250,Piramal Finance Ltd.,PIRAMALFIN,Finance - Housing,INE202B01038
3438,NIFTY SMALLCAP 250,Piramal Pharma Ltd.,PPLPHARMA,Pharmaceuticals & Drugs,INE0DK501011
3439,NIFTY SMALLCAP 250,Poly Medicure Ltd.,POLYMED,Medical Equipment/Supplies/Accessories,INE205C01021
3440,NIFTY SMALLCAP 250,Poonawalla Fincorp Ltd.,POONAWALLA,Finance - NBFC,INE511C01022
3441,NIFTY SMALLCAP 250,R R Kabel Ltd.,RRKABEL,Cable,INE777K01022
3442,NIFTY SMALLCAP 250,RBL Bank Ltd.,RBLBANK,NIFTY PRIVATE BANK,INE976G01028
3443,NIFTY SMALLCAP 250,RHI MAGNESITA INDIA LTD.,RHIM,Refractories,INE743M01012
3444,NIFTY SMALLCAP 250,RITES Ltd.,RITES,Engineering Consultancy,INE320J01015
3445,NIFTY SMALLCAP 250,Railtel Corporation Of India Ltd.,RAILTEL,Telecommunication - Service  Provider,INE0DD101019
3446,NIFTY SMALLCAP 250,Rainbow Childrens Medicare Ltd.,RAINBOW,Hospital & Healthcare Services,INE961O01016
3447,NIFTY SMALLCAP 250,Ramkrishna Forgings Ltd.,RKFORGE,Forgings,INE399G01023
3448,NIFTY SMALLCAP 250,Redington Ltd.,REDINGTON,Trading,INE891D01026
3449,NIFTY SMALLCAP 250,Reliance Power Ltd.,RPOWER,Power Generation/Distribution,INE614G01033
3450,NIFTY SMALLCAP 250,SBFC Finance Ltd.,SBFC,Finance - NBFC,INE423Y01016
3451,NIFTY SMALLCAP 250,Sagility Ltd.,SAGILITY,Business Support,INE0W2G01015
3452,NIFTY SMALLCAP 250,Sai Life Sciences Ltd.,SAILIFE,Pharmaceuticals & Drugs,INE570L01029
3453,NIFTY SMALLCAP 250,Sammaan Capital Ltd.,SAMMAANCAP,Finance - Housing,INE148I01020
3454,NIFTY SMALLCAP 250,Sapphire Foods India Ltd.,SAPPHIRE,Consumer Food,INE806T01020
3455,NIFTY SMALLCAP 250,Sarda Energy and Minerals Ltd.,SARDAEN,Steel & Iron Products,INE385C01021
3456,NIFTY SMALLCAP 250,Saregama India Ltd,SAREGAMA,"Film Production, Distribution & Entertainment",INE979A01025
3457,NIFTY SMALLCAP 250,Schneider Electric Infrastructure Ltd.,SCHNEIDER,Electric Equipment,INE839M01018
3458,NIFTY SMALLCAP 250,Shipping Corporation of India Ltd.,SCI,Shipping,INE109A01011
3459,NIFTY SMALLCAP 250,Shyam Metalics and Energy Ltd.,SHYAMMETL,Steel & Iron Products,INE810G01011
3460,NIFTY SMALLCAP 250,Signatureglobal (India) Ltd.,SIGNATURE,Construction - Real Estate,INE903U01023
3461,NIFTY SMALLCAP 250,Sobha Ltd.,SOBHA,Construction - Real Estate,INE671H01015
3462,NIFTY SMALLCAP 250,Sona BLW Precision Forgings Ltd.,SONACOMS,Auto Ancillary,INE073K01018
3463,NIFTY SMALLCAP 250,Sonata Software Ltd.,SONATSOFTW,IT - Software,INE269A01021
3464,NIFTY SMALLCAP 250,Star Health and Allied Insurance Company Ltd.,STARHEALTH,Insurance,INE575P01011
3465,NIFTY SMALLCAP 250,Sumitomo Chemical India Ltd.,SUMICHEM,Pesticides & Agrochemicals,INE258G01013
3466,NIFTY SMALLCAP 250,Sun TV Network Ltd.,SUNTV,TV Broadcasting & Software Production,INE424H01027
3467,NIFTY SMALLCAP 250,Supreme Petrochem Ltd.,SPLPETRO,Chemicals,INE663A01033
3468,NIFTY SMALLCAP 250,Swan Corp Ltd.,SWANCORP,Petrochemicals,INE665A01038
3469,NIFTY SMALLCAP 250,Syngene International Ltd.,SYNGENE,Pharmaceuticals & Drugs,INE398R01022
3470,NIFTY SMALLCAP 250,Syrma SGS Technology Ltd.,SYRMA,Electronics - Components,INE0DYJ01015
3471,NIFTY SMALLCAP 250,TBO Tek Ltd.,TBOTEK,Travel Services,INE673O01025
3472,NIFTY SMALLCAP 250,Tata Chemicals Ltd.,TATACHEM,Chemicals,INE092A01019
3473,NIFTY SMALLCAP 250,Tata Technologies Ltd.,TATATECH,IT - Software,INE142M01025
3474,NIFTY SMALLCAP 250,Tata Teleservices (Maharashtra) Ltd.,TTML,Telecommunication - Service  Provider,INE517B01013
3475,NIFTY SMALLCAP 250,Techno Electric & Engineering Company Ltd.,TECHNOE,Engineering - Construction,INE285K01026
3476,NIFTY SMALLCAP 250,Tega Industries Ltd.,TEGA,Engineering - Industrial Equipments,INE011K01018
3477,NIFTY SMALLCAP 250,Tejas Networks Ltd.,TEJASNET,Telecommunication - Equipment,INE010J01012
3478,NIFTY SMALLCAP 250,Tenneco Clean Air India Ltd.,TENNIND,Auto Ancillary,INE19RI01016
3479,NIFTY SMALLCAP 250,The Ramco Cements Ltd.,RAMCOCEM,Cement & Construction Materials,INE331A01037
3480,NIFTY SMALLCAP 250,Timken India Ltd.,TIMKEN,Bearings,INE325A01013
3481,NIFTY SMALLCAP 250,Titagarh Rail Systems Ltd.,TITAGARH,Railways Wagons,INE615H01020
3482,NIFTY SMALLCAP 250,Transformers And Rectifiers (India) Ltd.,TARIL,Electric Equipment,INE763I01026
3483,NIFTY SMALLCAP 250,Travel Food Services Ltd.,TRAVELFOOD,Consumer Food,INE103V01028
3484,NIFTY SMALLCAP 250,Trident Ltd.,TRIDENT,Textile - Spinning,INE064C01022
3485,NIFTY SMALLCAP 250,Triveni Turbine Ltd.,TRITURBINE,Engineering - Industrial Equipments,INE152M01016
3486,NIFTY SMALLCAP 250,UCO Bank,UCOBANK,NIFTY PRIVATE BANK,INE691A01018
3487,NIFTY SMALLCAP 250,UTI Asset Management Company Ltd.,UTIAMC,Finance - Asset Management,INE094J01016
3488,NIFTY SMALLCAP 250,Urban Company Ltd.,URBANCO,e-Commerce,INE0CAZ01013
3489,NIFTY SMALLCAP 250,Usha Martin Ltd.,USHAMART,Steel & Iron Products,INE228A01035
3490,NIFTY SMALLCAP 250,Vardhman Textiles Ltd.,VTL,Textile,INE825A01020
3491,NIFTY SMALLCAP 250,Vijaya Diagnostic Centre Ltd.,VIJAYA,Hospital & Healthcare Services,INE043W01024
3492,NIFTY SMALLCAP 250,Welspun Corp Ltd.,WELCORP,Steel & Iron Products,INE191B01025
3493,NIFTY SMALLCAP 250,Welspun Living Ltd.,WELSPUNLIV,Textile,INE192B01031
3494,NIFTY SMALLCAP 250,Whirlpool of India Ltd.,WHIRLPOOL,Consumer Durables - Domestic Appliances,INE716A01013
3495,NIFTY SMALLCAP 250,Wockhardt Ltd.,WOCKPHARMA,Pharmaceuticals & Drugs,INE049B01025
3496,NIFTY SMALLCAP 250,ZF Commercial Vehicle Control Systems India Ltd.,ZFCVINDIA,Auto Ancillary,INE342J01019
3497,NIFTY SMALLCAP 250,Zee Entertainment Enterprises Ltd.,ZEEL,TV Broadcasting & Software Production,INE256A01028
3498,NIFTY SMALLCAP 250,Zen Technologies Ltd.,ZENTEC,Defence,INE251B01027
3499,NIFTY SMALLCAP 250,Zensar Technolgies Ltd.,ZENSARTECH,IT - Software,INE520A01027
3500,NIFTY SMALLCAP 250,Zydus Wellness Ltd.,ZYDUSWELL,Consumer Food,INE768C01028
3501,NIFTY SMALLCAP 250,eClerx Services Ltd.,ECLERX,BPO/ITeS,INE738I01010
3502,NIFTY SMALLCAP 500,ACME Solar Holdings Ltd.,ACMESOLAR,Power Generation/Distribution,INE622W01025
3503,NIFTY SMALLCAP 500,ASK Automotive Ltd.,ASKAUTOLTD,Auto Ancillary,INE491J01022
3504,NIFTY SMALLCAP 500,AXISCADES Technologies Ltd.,AXISCADES,IT - Software,INE555B01013
3505,NIFTY SMALLCAP 500,Aadhar Housing Finance Ltd.,AADHARHFC,Finance - Housing,INE883F01010
3506,NIFTY SMALLCAP 500,Aarti Drugs Ltd.,AARTIDRUGS,Pharmaceuticals & Drugs,INE767A01016
3507,NIFTY SMALLCAP 500,Aarti Industries Ltd.,AARTIIND,Chemicals,INE769A01020
3508,NIFTY SMALLCAP 500,Aarti Pharmalabs Ltd.,AARTIPHARM,Pharmaceuticals & Drugs,INE0LRU01027
3509,NIFTY SMALLCAP 500,Aavas Financiers Ltd.,AAVAS,Finance - Housing,INE216P01012
3510,NIFTY SMALLCAP 500,Action Construction Equipment Ltd.,ACE,Construction Vehicles,INE731H01025
3511,NIFTY SMALLCAP 500,Acutaas Chemicals Ltd.,ACUTAAS,Pharmaceuticals & Drugs,INE00FF01025
3512,NIFTY SMALLCAP 500,Aditya Birla Fashion and Retail Ltd.,ABFRL,Retailing,INE647O01011
3513,NIFTY SMALLCAP 500,Aditya Birla Lifestyle Brands Ltd.,ABLBL,Retailing,INE14LE01019
3514,NIFTY SMALLCAP 500,Aditya Birla Real Estate Ltd.,ABREL,Paper & Paper Products,INE055A01016
3515,NIFTY SMALLCAP 500,Aditya Birla Sun Life AMC Ltd.,ABSLAMC,Finance - Asset Management,INE404A01024
3516,NIFTY SMALLCAP 500,Aditya Infotech Ltd.,CPPLUS,Engineering - Industrial Equipments,INE819V01029
3517,NIFTY SMALLCAP 500,Aditya Vision Ltd.,AVL,Retailing,INE679V01027
3518,NIFTY SMALLCAP 500,Advanced Enzyme Tech Ltd.,ADVENZYMES,Pharmaceuticals & Drugs,INE837H01020
3519,NIFTY SMALLCAP 500,Aegis Logistics Ltd.,AEGISLOG,Logistics,INE208C01025
3520,NIFTY SMALLCAP 500,Aegis Vopak Terminals Ltd.,AEGISVOPAK,Oil Exploration,INE0INX01018
3521,NIFTY SMALLCAP 500,Aequs Ltd.,AEQUS,Aerospace & Defence,INE947N01017
3522,NIFTY SMALLCAP 500,Aether Industries Ltd.,AETHER,Chemicals,INE0BWX01014
3523,NIFTY SMALLCAP 500,Afcons Infrastructure Ltd.,AFCONS,Engineering - Construction,INE101I01011
3524,NIFTY SMALLCAP 500,Affle 3i Ltd.,AFFLE,BPO/ITeS,INE00WC01027
3525,NIFTY SMALLCAP 500,Ahluwalia Contracts (India) Ltd.,AHLUCONT,Construction - Real Estate,INE758C01029
3526,NIFTY SMALLCAP 500,Akums Drugs and Pharmaceuticals Ltd.,AKUMS,Pharmaceuticals & Drugs,INE09XN01023
3527,NIFTY SMALLCAP 500,Akzo Nobel India Ltd.,AKZOINDIA,Paints,INE133A01011
3528,NIFTY SMALLCAP 500,Alembic Pharmaceuticals Ltd.,APLLTD,Pharmaceuticals & Drugs,INE901L01018
3529,NIFTY SMALLCAP 500,Alivus Life Sciences Ltd.,ALIVUS,Pharmaceuticals & Drugs,INE03Q201024
3530,NIFTY SMALLCAP 500,Alkyl Amines Chemicals Ltd.,ALKYLAMINE,Chemicals,INE150B01039
3531,NIFTY SMALLCAP 500,Allied Blenders and Distillers Ltd.,ABDL,Breweries & Distilleries,INE552Z01027
3532,NIFTY SMALLCAP 500,Alok Industries Ltd.,ALOKINDS,Textile,INE270A01029
3533,NIFTY SMALLCAP 500,Amara Raja Energy & Mobility Ltd.,ARE&M,Batteries,INE885A01032
3534,NIFTY SMALLCAP 500,Amber Enterprises India Ltd.,AMBER,Air Conditioners,INE371P01015
3535,NIFTY SMALLCAP 500,Anand Rathi Wealth Ltd.,ANANDRATHI,Finance - Others,INE463V01026
3536,NIFTY SMALLCAP 500,Anant Raj Ltd.,ANANTRAJ,Construction - Real Estate,INE242C01024
3537,NIFTY SMALLCAP 500,Angel One Ltd.,ANGELONE,Finance - Stock Broking,INE732I01021
3538,NIFTY SMALLCAP 500,Anupam Rasayan India Ltd.,ANURAS,Chemicals,INE930P01018
3539,NIFTY SMALLCAP 500,Apollo Micro Systems Ltd.,APOLLO,Electronics - Components,INE713T01028
3540,NIFTY SMALLCAP 500,Aptus Value Housing Finance India Ltd.,APTUS,Finance - Housing,INE852O01025
3541,NIFTY SMALLCAP 500,Archean Chemical Industries Ltd.,ACI,Chemicals,INE128X01021
3542,NIFTY SMALLCAP 500,Arvind Fashions Ltd.,ARVINDFASN,Retailing,INE955V01021
3543,NIFTY SMALLCAP 500,Arvind Ltd.,ARVIND,Textile,INE034A01011
3544,NIFTY SMALLCAP 500,Asahi India Glass Ltd.,ASAHIINDIA,Glass,INE439A01020
3545,NIFTY SMALLCAP 500,Ashapura Minechem Ltd.,ASHAPURMIN,Mining & Minerals,INE348A01023
3546,NIFTY SMALLCAP 500,Ashoka Buildcon Ltd.,ASHOKA,Engineering - Construction,INE442H01029
3547,NIFTY SMALLCAP 500,Aster DM Healthcare Ltd.,ASTERDM,Hospital & Healthcare Services,INE914M01019
3548,NIFTY SMALLCAP 500,Astra Microwave Products Ltd.,ASTRAMICRO,Defence,INE386C01029
3549,NIFTY SMALLCAP 500,AstraZenca Pharma India Ltd.,ASTRAZEN,Pharmaceuticals & Drugs,INE203A01020
3550,NIFTY SMALLCAP 500,Ather Energy Ltd.,ATHERENERG,Automobile Two & Three Wheelers,INE0LEZ01016
3551,NIFTY SMALLCAP 500,Atlanta Electricals Ltd.,ATLANTAELE,Electric Equipment,INE0Z4F01028
3552,NIFTY SMALLCAP 500,Atul Ltd.,ATUL,Chemicals,INE100A01010
3553,NIFTY SMALLCAP 500,Aurionpro Solution Ltd.,AURIONPRO,IT - Software,INE132H01018
3554,NIFTY SMALLCAP 500,Avalon Technologies Ltd.,AVALON,Electronics - Components,INE0LCL01028
3555,NIFTY SMALLCAP 500,Avanti Feeds Ltd.,AVANTIFEED,Consumer Food,INE871C01038
3556,NIFTY SMALLCAP 500,AvenuesAI Ltd.,CCAVENUE,Fintech,INE483S01020
3557,NIFTY SMALLCAP 500,Awfis Space Solutions Ltd.,AWFIS,Business Support,INE108V01019
3558,NIFTY SMALLCAP 500,Azad Engineering Ltd.,AZAD,Engineering - Industrial Equipments,INE02IJ01035
3559,NIFTY SMALLCAP 500,BEML Ltd.,BEML,Construction Vehicles,INE258A01024
3560,NIFTY SMALLCAP 500,BLS International Services Ltd.,BLS,Travel Services,INE153T01027
3561,NIFTY SMALLCAP 500,Bajaj Electricals Ltd,BAJAJELEC,Consumer Durables - Domestic Appliances,INE193E01025
3562,NIFTY SMALLCAP 500,Balaji Amines Ltd.,BALAMINES,Chemicals,INE050E01027
3563,NIFTY SMALLCAP 500,Balrampur Chini Mills Ltd.,BALRAMCHIN,Sugar,INE119A01028
3564,NIFTY SMALLCAP 500,Balu Forge Industries Ltd.,BALUFORGE,Engineering - Industrial Equipments,INE011E01029
3565,NIFTY SMALLCAP 500,Banco Products (India) Ltd.,BANCOINDIA,Auto Ancillary,INE213C01025
3566,NIFTY SMALLCAP 500,Bandhan Bank Ltd.,BANDHANBNK,NIFTY PRIVATE BANK,INE545U01014
3567,NIFTY SMALLCAP 500,Bata India Ltd.,BATAINDIA,Footwear,INE176A01028
3568,NIFTY SMALLCAP 500,Bayer Cropscience Ltd.,BAYERCROP,Pesticides & Agrochemicals,INE462A01022
3569,NIFTY SMALLCAP 500,Belrise Industries Ltd.,BELRISE,Auto Ancillary,INE894V01022
3570,NIFTY SMALLCAP 500,Bikaji Foods International Ltd.,BIKAJI,Consumer Food,INE00E101023
3571,NIFTY SMALLCAP 500,Birla Corporation Ltd.,BIRLACORPN,Cement & Construction Materials,INE340A01012
3572,NIFTY SMALLCAP 500,Birlasoft Ltd.,BSOFT,IT - Software,INE836A01035
3573,NIFTY SMALLCAP 500,Black Box Ltd.,BBOX,Telecommunication - Equipment,INE676A01027
3574,NIFTY SMALLCAP 500,Blackbuck Ltd.,BLACKBUCK,Logistics,INE0UIZ01018
3575,NIFTY SMALLCAP 500,Blue Dart Express Ltd.,BLUEDART,Courier  Services,INE233B01017
3576,NIFTY SMALLCAP 500,Blue Jet Healthcare Ltd.,BLUEJET,Pharmaceuticals & Drugs,INE0KBH01020
3577,NIFTY SMALLCAP 500,BlueStone Jewellery and Lifestyle Ltd.,BLUESTONE,Diamond  &  Jewellery,INE304W01038
3578,NIFTY SMALLCAP 500,Bombay Burmah Trading Corporation Ltd.,BBTC,Agriculture,INE050A01025
3579,NIFTY SMALLCAP 500,Borosil Renewables Ltd.,BORORENEW,Glass,INE666D01022
3580,NIFTY SMALLCAP 500,Brainbees Solutions Ltd.,FIRSTCRY,e-Commerce,INE02RE01045
3581,NIFTY SMALLCAP 500,Brigade Enterprises Ltd.,BRIGADE,Construction - Real Estate,INE791I01019
3582,NIFTY SMALLCAP 500,C.E. Info Systems Ltd.,MAPMYINDIA,IT - Software,INE0BV301023
3583,NIFTY SMALLCAP 500,CCL Products (I) Ltd.,CCL,Tea/Coffee,INE421D01022
3584,NIFTY SMALLCAP 500,CESC Ltd.,CESC,Power Generation/Distribution,INE486A01021
3585,NIFTY SMALLCAP 500,CIE Automotive India Ltd.,CIEINDIA,Auto Ancillary,INE536H01010
3586,NIFTY SMALLCAP 500,CMS Info Systems Ltd.,CMSINFO,Business Support,INE925R01014
3587,NIFTY SMALLCAP 500,CSB Bank Ltd.,CSBBANK,NIFTY PRIVATE BANK,INE679A01013
3588,NIFTY SMALLCAP 500,Campus Activewear Ltd.,CAMPUS,Footwear,INE278Y01022
3589,NIFTY SMALLCAP 500,Can Fin Homes Ltd.,CANFINHOME,Finance - Housing,INE477A01020
3590,NIFTY SMALLCAP 500,Canara HSBC Life Insurance Company Ltd.,CANHLIFE,Insurance,INE01TY01017
3591,NIFTY SMALLCAP 500,Canara Robeco Asset Management Company Ltd.,CRAMC,Finance - Asset Management,INE218I01013
3592,NIFTY SMALLCAP 500,Capillary Technologies India Ltd.,CAPILLARY,IT - Software,INE0ILV01024
3593,NIFTY SMALLCAP 500,Caplin Point Laboratories Ltd.,CAPLIPOINT,Pharmaceuticals & Drugs,INE475E01026
3594,NIFTY SMALLCAP 500,Capri Global Capital Ltd.,CGCL,Finance - Investment,INE180C01042
3595,NIFTY SMALLCAP 500,Carborundum Universal Ltd.,CARBORUNIV,Abrasives,INE120A01034
3596,NIFTY SMALLCAP 500,Cartrade Tech Ltd.,CARTRADE,e-Commerce,INE290S01011
3597,NIFTY SMALLCAP 500,Castrol India Ltd.,CASTROLIND,Lubricants,INE172A01027
3598,NIFTY SMALLCAP 500,Ceat Ltd.,CEATLTD,Tyres & Allied,INE482A01020
3599,NIFTY SMALLCAP 500,Cello World Ltd.,CELLO,Trading,INE0LMW01024
3600,NIFTY SMALLCAP 500,Cemindia Projects Ltd.,CEMPRO,Engineering - Construction,INE686A01026
3601,NIFTY SMALLCAP 500,Central Bank of India,CENTRALBK,NIFTY PRIVATE BANK,INE483A01010
3602,NIFTY SMALLCAP 500,Central Depository Services (India) Ltd.,CDSL,Depository Services,INE736A01011
3603,NIFTY SMALLCAP 500,Century Plyboards (India) Ltd.,CENTURYPLY,Wood & Wood Products,INE348B01021
3604,NIFTY SMALLCAP 500,Cera Sanitaryware Ltd,CERA,Ceramics/Marble/Granite/Sanitaryware,INE739E01017
3605,NIFTY SMALLCAP 500,Chalet Hotels Ltd.,CHALET,"Hotel, Resort & Restaurants",INE427F01016
3606,NIFTY SMALLCAP 500,Chambal Fertilizers & Chemicals Ltd.,CHAMBLFERT,Fertilizers,INE085A01013
3607,NIFTY SMALLCAP 500,Chennai Petroleum Corporation Ltd.,CHENNPETRO,Refineries,INE178A01016
3608,NIFTY SMALLCAP 500,Choice International Ltd.,CHOICEIN,Finance - Stock Broking,INE102B01014
3609,NIFTY SMALLCAP 500,Cholamandalam Financial Holdings Ltd.,CHOLAHLDNG,Finance - Investment,INE149A01033
3610,NIFTY SMALLCAP 500,Cigniti Technologies Ltd.,CIGNITITEC,IT - Software,INE675C01017
3611,NIFTY SMALLCAP 500,City Union Bank Ltd.,CUB,NIFTY PRIVATE BANK,INE491A01021
3612,NIFTY SMALLCAP 500,Clean Science and Technology Ltd.,CLEAN,Chemicals,INE227W01023
3613,NIFTY SMALLCAP 500,Cohance Lifesciences Ltd.,COHANCE,Pharmaceuticals & Drugs,INE03QK01018
3614,NIFTY SMALLCAP 500,Computer Age Management Services Ltd.,CAMS,Depository Services,INE596I01020
3615,NIFTY SMALLCAP 500,Concord Biotech Ltd.,CONCORDBIO,Pharmaceuticals & Drugs,INE338H01029
3616,NIFTY SMALLCAP 500,Craftsman Automation Ltd.,CRAFTSMAN,Auto Ancillary,INE00LO01017
3617,NIFTY SMALLCAP 500,CreditAccess Grameen Ltd.,CREDITACC,Finance - NBFC,INE741K01010
3618,NIFTY SMALLCAP 500,Crompton Greaves Consumer Electricals Ltd.,CROMPTON,Consumer Durables - Domestic Appliances,INE299U01018
3619,NIFTY SMALLCAP 500,Cupid Ltd.,CUPID,Household & Personal Products,INE509F01029
3620,NIFTY SMALLCAP 500,Cyient Ltd.,CYIENT,IT - Software,INE136B01020
3621,NIFTY SMALLCAP 500,DCB Bank Ltd.,DCBBANK,NIFTY PRIVATE BANK,INE503A01015
3622,NIFTY SMALLCAP 500,DCM Shriram Ltd.,DCMSHRIRAM,Diversified,INE499A01024
3623,NIFTY SMALLCAP 500,DOMS Industries Ltd.,DOMS,Printing & Stationery,INE321T01012
3624,NIFTY SMALLCAP 500,Data Patterns (India) Ltd.,DATAPATTNS,Defence,INE0IX101010
3625,NIFTY SMALLCAP 500,Datamatics Global Services Ltd.,DATAMATICS,IT - Software,INE365B01017
3626,NIFTY SMALLCAP 500,Deepak Fertilisers & Petrochemicals Corp. Ltd.,DEEPAKFERT,Chemicals,INE501A01019
3627,NIFTY SMALLCAP 500,Deepak Nitrite Ltd.,DEEPAKNTR,Chemicals,INE288B01029
3628,NIFTY SMALLCAP 500,Delhivery Ltd.,DELHIVERY,Courier  Services,INE148O01028
3629,NIFTY SMALLCAP 500,Devyani International Ltd.,DEVYANI,Consumer Food,INE872J01023
3630,NIFTY SMALLCAP 500,Diamond Power Infrastructure Ltd.,DIACABS,Cable,INE989C01038
3631,NIFTY SMALLCAP 500,Dilip Buildcon Ltd.,DBL,Engineering - Construction,INE917M01012
3632,NIFTY SMALLCAP 500,Dr. Agarwal's Health Care Ltd.,AGARWALEYE,Hospital & Healthcare Services,INE943P01029
3633,NIFTY SMALLCAP 500,Dr. Lal Path Labs Ltd.,LALPATHLAB,Hospital & Healthcare Services,INE600L01024
3634,NIFTY SMALLCAP 500,Dynamatic Technologies Ltd.,DYNAMATECH,Compressors / Pumps,INE221B01012
3635,NIFTY SMALLCAP 500,E.I.D. Parry (India) Ltd.,EIDPARRY,Sugar,INE126A01031
3636,NIFTY SMALLCAP 500,EIH Ltd.,EIHOTEL,"Hotel, Resort & Restaurants",INE230A01023
3637,NIFTY SMALLCAP 500,EPL Ltd.,EPL,Packaging,INE255A01020
3638,NIFTY SMALLCAP 500,Edelweiss Financial Services Ltd.,EDELWEISS,Finance - NBFC,INE532F01054
3639,NIFTY SMALLCAP 500,Elecon Engineering Co. Ltd.,ELECON,Engineering - Industrial Equipments,INE205B01031
3640,NIFTY SMALLCAP 500,Electronics Mart India Ltd.,EMIL,Retailing,INE02YR01019
3641,NIFTY SMALLCAP 500,Electrosteel Castings Ltd.,ELECTCAST,Steel & Iron Products,INE086A01029
3642,NIFTY SMALLCAP 500,Elgi Equipments Ltd.,ELGIEQUIP,Compressors / Pumps,INE285A01027
3643,NIFTY SMALLCAP 500,Ellenbarrie Industrial Gases Ltd.,ELLEN,Industrial  Gases & Fuels,INE236E01022
3644,NIFTY SMALLCAP 500,Emami Ltd.,EMAMILTD,Household & Personal Products,INE548C01032
3645,NIFTY SMALLCAP 500,Embassy Developments Ltd.,EMBDL,Construction - Real Estate,INE069I01010
3646,NIFTY SMALLCAP 500,Emcure Pharmaceuticals Ltd.,EMCURE,Pharmaceuticals & Drugs,INE168P01015
3647,NIFTY SMALLCAP 500,Emmvee Photovoltaic Power Ltd.,EMMVEE,Electric Equipment,INE1C6T01020
3648,NIFTY SMALLCAP 500,Engineers India Ltd.,ENGINERSIN,Engineering,INE510A01028
3649,NIFTY SMALLCAP 500,Entero Healthcare Solutions Ltd.,ENTERO,Trading,INE010601016
3650,NIFTY SMALLCAP 500,Equitas Small Finance Bank Ltd.,EQUITASBNK,NIFTY PRIVATE BANK,INE063P01018
3651,NIFTY SMALLCAP 500,Eris Lifesciences Ltd.,ERIS,Pharmaceuticals & Drugs,INE406M01024
3652,NIFTY SMALLCAP 500,Ethos Ltd.,ETHOSLTD,Retailing,INE04TZ01018
3653,NIFTY SMALLCAP 500,Eureka Forbes Ltd.,EUREKAFORB,Consumer Durables - Domestic Appliances,INE0KCE01017
3654,NIFTY SMALLCAP 500,Fedbank Financial Services Ltd.,FEDFINA,Finance - NBFC,INE007N01010
3655,NIFTY SMALLCAP 500,Fertilisers and Chemicals Travancore Ltd.,FACT,Fertilizers,INE188A01015
3656,NIFTY SMALLCAP 500,Fiem Industries Ltd,FIEMIND,Auto Ancillary,INE737H01014
3657,NIFTY SMALLCAP 500,Finolex Cables Ltd.,FINCABLES,Cable,INE235A01022
3658,NIFTY SMALLCAP 500,Finolex Industries Ltd.,FINPIPE,Plastic Products,INE183A01024
3659,NIFTY SMALLCAP 500,Firstsource Solutions Ltd.,FSL,BPO/ITeS,INE684F01012
3660,NIFTY SMALLCAP 500,Five-Star Business Finance Ltd.,FIVESTAR,Finance - NBFC,INE128S01021
3661,NIFTY SMALLCAP 500,Force Motors Ltd.,FORCEMOT,Automobiles-Trucks/Lcv,INE451A01017
3662,NIFTY SMALLCAP 500,Fujiyama Power Systems Ltd.,UTLSOLAR,Electric Equipment,INE12UR01024
3663,NIFTY SMALLCAP 500,GHCL Ltd.,GHCL,Chemicals,INE539A01019
3664,NIFTY SMALLCAP 500,GMM Pfaudler Ltd.,GMMPFAUDLR,Engineering - Industrial Equipments,INE541A01023
3665,NIFTY SMALLCAP 500,GMR Power and Urban Infra Ltd.,GMRP&UI,Power Generation/Distribution,INE0CU601026
3666,NIFTY SMALLCAP 500,Gabriel India Ltd.,GABRIEL,Auto Ancillary,INE524A01029
3667,NIFTY SMALLCAP 500,Gallantt Ispat Ltd.,GALLANTT,Steel & Iron Products,INE297H01019
3668,NIFTY SMALLCAP 500,Garden Reach Shipbuilders & Engineers Ltd.,GRSE,Ship Building,INE382Z01011
3669,NIFTY SMALLCAP 500,Garware Hi-Tech Films Ltd.,GRWRHITECH,Plastic Products,INE291A01017
3670,NIFTY SMALLCAP 500,Gillette India Ltd.,GILLETTE,Household & Personal Products,INE322A01010
3671,NIFTY SMALLCAP 500,Gland Pharma Ltd.,GLAND,Pharmaceuticals & Drugs,INE068V01023
3672,NIFTY SMALLCAP 500,Go Digit General Insurance Ltd.,GODIGIT,Insurance,INE03JT01014
3673,NIFTY SMALLCAP 500,Godawari Power & Ispat Ltd.,GPIL,Steel & Iron Products,INE177H01039
3674,NIFTY SMALLCAP 500,Godrej Agrovet Ltd.,GODREJAGRO,Animal Feed,INE850D01014
3675,NIFTY SMALLCAP 500,Gokaldas Exports Ltd.,GOKEX,Textile,INE887G01027
3676,NIFTY SMALLCAP 500,Gokul Agro Resources Ltd.,GOKULAGRO,Edible Oil,INE314T01033
3677,NIFTY SMALLCAP 500,Granules India Ltd.,GRANULES,Pharmaceuticals & Drugs,INE101D01020
3678,NIFTY SMALLCAP 500,Graphite India Ltd.,GRAPHITE,Electrodes & Welding Equipment,INE371A01025
3679,NIFTY SMALLCAP 500,Gravita India Ltd.,GRAVITA,Metal - Non Ferrous,INE024L01027
3680,NIFTY SMALLCAP 500,Great Eastern Shipping Co. Ltd.,GESHIP,Shipping,INE017A01032
3681,NIFTY SMALLCAP 500,Greaves Cotton Ltd.,GREAVESCOT,Diesel Engines,INE224A01026
3682,NIFTY SMALLCAP 500,Gujarat Ambuja Exports Ltd.,GAEL,Solvent  Extraction,INE036B01030
3683,NIFTY SMALLCAP 500,Gujarat Gas Ltd.,GUJGASLTD,Gas Transmission/Marketing,INE844O01030
3684,NIFTY SMALLCAP 500,Gujarat Mineral Development Corporation Ltd.,GMDCLTD,Mining & Minerals,INE131A01031
3685,NIFTY SMALLCAP 500,Gujarat Narmada Valley Fertilizers and Chemicals Ltd.,GNFC,Chemicals,INE113A01013
3686,NIFTY SMALLCAP 500,Gujarat Pipavav Port Ltd.,GPPL,Port,INE517F01014
3687,NIFTY SMALLCAP 500,Gujarat State Fertilizers & Chemicals Ltd.,GSFC,Fertilizers,INE026A01025
3688,NIFTY SMALLCAP 500,Gujarat State Petronet Ltd.,GSPL,Gas Transmission/Marketing,INE246F01010
3689,NIFTY SMALLCAP 500,H.E.G. Ltd.,HEG,Electrodes & Welding Equipment,INE545A01024
3690,NIFTY SMALLCAP 500,H.G. Infra Engineering Ltd.,HGINFRA,Engineering - Construction,INE926X01010
3691,NIFTY SMALLCAP 500,HBL Engineering Ltd.,HBLENGINE,Batteries,INE292B01021
3692,NIFTY SMALLCAP 500,HFCL Ltd.,HFCL,Telecom-Infrastructure,INE548A01028
3693,NIFTY SMALLCAP 500,Happiest Minds Technologies Ltd.,HAPPSTMNDS,IT - Software,INE419U01012
3694,NIFTY SMALLCAP 500,Hatsun Agro Product Ltd.,HATSUN,Consumer Food,INE473B01035
3695,NIFTY SMALLCAP 500,Healthcare Global Enterprises Ltd.,HCG,Hospital & Healthcare Services,INE075I01017
3696,NIFTY SMALLCAP 500,Hemisphere Properties India Ltd.,HEMIPROP,Construction - Real Estate,INE0AJG01018
3697,NIFTY SMALLCAP 500,Heritage Foods Ltd.,HERITGFOOD,Consumer Food,INE978A01027
3698,NIFTY SMALLCAP 500,Himadri Speciality Chemical Ltd.,HSCL,Chemicals,INE019C01026
3699,NIFTY SMALLCAP 500,Hindustan Construction Co. Ltd.,HCC,Engineering - Construction,INE549A01026
3700,NIFTY SMALLCAP 500,Hindustan Copper Ltd.,HINDCOPPER,Metal - Non Ferrous,INE531E01026
3701,NIFTY SMALLCAP 500,Home First Finance Company India Ltd.,HOMEFIRST,Finance - Housing,INE481N01025
3702,NIFTY SMALLCAP 500,Honasa Consumer Ltd.,HONASA,Trading,INE0J5401028
3703,NIFTY SMALLCAP 500,IDBI Bank Ltd.,IDBI,NIFTY PRIVATE BANK,INE008A01015
3704,NIFTY SMALLCAP 500,IFB Industries Ltd.,IFBIND,Consumer Durables - Electronics,INE559A01017
3705,NIFTY SMALLCAP 500,IFCI Ltd.,IFCI,Finance Term Lending,INE039A01010
3706,NIFTY SMALLCAP 500,IIFL Capital Services Ltd.,IIFLCAPS,Finance - Stock Broking,INE489L01022
3707,NIFTY SMALLCAP 500,IIFL Finance Ltd.,IIFL,Finance - Investment,INE530B01024
3708,NIFTY SMALLCAP 500,INOX India Ltd.,INOXINDIA,Engineering - Industrial Equipments,INE616N01034
3709,NIFTY SMALLCAP 500,IRB Infrastructure Developers Ltd.,IRB,Engineering - Construction,INE821I01022
3710,NIFTY SMALLCAP 500,IRCON International Ltd.,IRCON,Engineering - Construction,INE962Y01021
3711,NIFTY SMALLCAP 500,ITI Ltd.,ITI,Telecommunication - Equipment,INE248A01017
3712,NIFTY SMALLCAP 500,Indegene Ltd.,INDGN,Pharmaceuticals & Drugs,INE065X01017
3713,NIFTY SMALLCAP 500,India Cements Ltd.,INDIACEM,Cement & Construction Materials,INE383A01012
3714,NIFTY SMALLCAP 500,India Glycols Ltd.,INDIAGLYCO,Chemicals,INE560A01023
3715,NIFTY SMALLCAP 500,India Shelter Finance Corporation Ltd.,INDIASHLTR,Finance - Housing,INE922K01024
3716,NIFTY SMALLCAP 500,Indiamart Intermesh Ltd.,INDIAMART,e-Commerce,INE933S01016
3717,NIFTY SMALLCAP 500,Indian Energy Exchange Ltd.,IEX,Power Generation/Distribution,INE022Q01020
3718,NIFTY SMALLCAP 500,Indian Metals & Ferro Alloys Ltd.,IMFA,Ferro & Silica Manganese,INE919H01018
3719,NIFTY SMALLCAP 500,Indian Overseas Bank,IOB,NIFTY PRIVATE BANK,INE565A01014
3720,NIFTY SMALLCAP 500,Indigo Paints Ltd.,INDIGOPNTS,Paints,INE09VQ01012
3721,NIFTY SMALLCAP 500,Indo Count Industries Ltd.,ICIL,Textile,INE483B01026
3722,NIFTY SMALLCAP 500,Indraprastha Gas Ltd.,IGL,Gas Transmission/Marketing,INE203G01027
3723,NIFTY SMALLCAP 500,Inox Green Energy Services Ltd.,INOXGREEN,Engineering - Construction,INE510W01014
3724,NIFTY SMALLCAP 500,Inox Wind Ltd.,INOXWIND,Electric Equipment,INE066P01011
3725,NIFTY SMALLCAP 500,Intellect Design Arena Ltd.,INTELLECT,IT - Software,INE306R01017
3726,NIFTY SMALLCAP 500,International Gemmological Institute (India) Ltd.,IGIL,Business Support,INE0Q9301021
3727,NIFTY SMALLCAP 500,Inventurus Knowledge Solutions Ltd.,IKS,BPO/ITeS,INE115Q01022
3728,NIFTY SMALLCAP 500,Ion Exchange (India) Ltd.,IONEXCHANG,Environmental Services,INE570A01022
3729,NIFTY SMALLCAP 500,J.B. Chemicals & Pharmaceuticals Ltd.,JBCHEPHARM,Pharmaceuticals & Drugs,INE572A01036
3730,NIFTY SMALLCAP 500,JBM Auto Ltd.,JBMA,Auto Ancillary,INE927D01051
3731,NIFTY SMALLCAP 500,JK Lakshmi Cement Ltd.,JKLAKSHMI,Cement & Construction Materials,INE786A01032
3732,NIFTY SMALLCAP 500,JK Paper Ltd.,JKPAPER,Paper & Paper Products,INE789E01012
3733,NIFTY SMALLCAP 500,JK Tyre & Industries Ltd.,JKTYRE,Tyres & Allied,INE573A01042
3734,NIFTY SMALLCAP 500,JM Financial Ltd.,JMFINANCIL,Finance - Investment,INE780C01023
3735,NIFTY SMALLCAP 500,JSW Cement Ltd.,JSWCEMENT,Cement & Construction Materials,INE718I01012
3736,NIFTY SMALLCAP 500,Jai Balaji Industries Ltd.,JAIBALAJI,Steel/Sponge Iron/Pig Iron,INE091G01026
3737,NIFTY SMALLCAP 500,Jain Resource Recycling Ltd.,JAINREC,Metal - Non Ferrous,INE0YD401026
3738,NIFTY SMALLCAP 500,Jaiprakash Power Ventures Ltd.,JPPOWER,Power Generation/Distribution,INE351F01018
3739,NIFTY SMALLCAP 500,Jammu & Kashmir Bank Ltd.,J&KBANK,NIFTY PRIVATE BANK,INE168A01041
3740,NIFTY SMALLCAP 500,Jamna Auto Industries Ltd.,JAMNAAUTO,Auto Ancillary,INE039C01032
3741,NIFTY SMALLCAP 500,Jana Small Finance Bank Ltd.,JSFB,NIFTY PRIVATE BANK,INE953L01027
3742,NIFTY SMALLCAP 500,Jayaswal Neco Industries Ltd.,JAYNECOIND,Steel & Iron Products,INE854B01010
3743,NIFTY SMALLCAP 500,Jeena Sikho Lifecare Ltd.,JSLL,Trading,INE0J5801029
3744,NIFTY SMALLCAP 500,Jindal Saw Ltd.,JINDALSAW,Steel & Iron Products,INE324A01032
3745,NIFTY SMALLCAP 500,Jubilant Ingrevia Ltd.,JUBLINGREA,Chemicals,INE0BY001018
3746,NIFTY SMALLCAP 500,Jubilant Pharmova Ltd.,JUBLPHARMA,Pharmaceuticals & Drugs,INE700A01033
3747,NIFTY SMALLCAP 500,Jupiter Life Line Hospitals Ltd.,JLHL,Hospital & Healthcare Services,INE682M01012
3748,NIFTY SMALLCAP 500,Jupiter Wagons Ltd.,JWL,Railways Wagons,INE209L01016
3749,NIFTY SMALLCAP 500,Justdial Ltd.,JUSTDIAL,BPO/ITeS,INE599M01018
3750,NIFTY SMALLCAP 500,Jyothy Labs Ltd.,JYOTHYLAB,Household & Personal Products,INE668F01031
3751,NIFTY SMALLCAP 500,Jyoti CNC Automation Ltd.,JYOTICNC,Engineering - Industrial Equipments,INE980O01024
3752,NIFTY SMALLCAP 500,KNR Constructions Ltd.,KNRCON,Engineering - Construction,INE634I01029
3753,NIFTY SMALLCAP 500,KPI Green Energy Ltd.,KPIGREEN,Power Generation/Distribution,INE542W01025
3754,NIFTY SMALLCAP 500,KRBL Ltd.,KRBL,Consumer Food,INE001B01026
3755,NIFTY SMALLCAP 500,KRN Heat Exchanger and Refrigeration Ltd.,KRN,Engineering - Industrial Equipments,INE0Q3J01015
3756,NIFTY SMALLCAP 500,KSB Ltd.,KSB,Compressors / Pumps,INE999A01023
3757,NIFTY SMALLCAP 500,Kajaria Ceramics Ltd.,KAJARIACER,Ceramics/Marble/Granite/Sanitaryware,INE217B01036
3758,NIFTY SMALLCAP 500,Kalpataru Projects International Ltd.,KPIL,Engineering - Construction,INE220B01022
3759,NIFTY SMALLCAP 500,Kansai Nerolac Paints Ltd.,KANSAINER,Paints,INE531A01024
3760,NIFTY SMALLCAP 500,Karnataka Bank Ltd.,KTKBANK,NIFTY PRIVATE BANK,INE614B01018
3761,NIFTY SMALLCAP 500,Karur Vysya Bank Ltd.,KARURVYSYA,NIFTY PRIVATE BANK,INE036D01028
3762,NIFTY SMALLCAP 500,Kaveri Seed Company Ltd.,KSCL,Agriculture,INE455I01029
3763,NIFTY SMALLCAP 500,Kaynes Technology India Ltd.,KAYNES,Electronics - Components,INE918Z01012
3764,NIFTY SMALLCAP 500,Kec International Ltd.,KEC,Engineering - Construction,INE389H01022
3765,NIFTY SMALLCAP 500,Kfin Technologies Ltd.,KFINTECH,Depository Services,INE138Y01010
3766,NIFTY SMALLCAP 500,Kirloskar Brothers Ltd.,KIRLOSBROS,Compressors / Pumps,INE732A01036
3767,NIFTY SMALLCAP 500,Kirloskar Oil Eng Ltd.,KIRLOSENG,Engineering - Industrial Equipments,INE146L01010
3768,NIFTY SMALLCAP 500,Kirloskar Pneumatic Company Ltd.,KIRLPNU,Compressors / Pumps,INE811A01020
3769,NIFTY SMALLCAP 500,Krishna Institute of Medical Sciences Ltd.,KIMS,Hospital & Healthcare Services,INE967H01025
3770,NIFTY SMALLCAP 500,LT Foods Ltd.,LTFOODS,Consumer Food,INE818H01020
3771,NIFTY SMALLCAP 500,Latent View Analytics Ltd.,LATENTVIEW,Business Support,INE0I7C01011
3772,NIFTY SMALLCAP 500,Laxmi Organic Industries Ltd.,LXCHEM,Chemicals,INE576O01020
3773,NIFTY SMALLCAP 500,Le Travenues Technology Ltd.,IXIGO,Travel Services,INE0HV901016
3774,NIFTY SMALLCAP 500,Leela Palaces Hotels & Resorts Ltd.,THELEELA,"Hotel, Resort & Restaurants",INE0AQ201015
3775,NIFTY SMALLCAP 500,Lemon Tree Hotels Ltd.,LEMONTREE,"Hotel, Resort & Restaurants",INE970X01018
3776,NIFTY SMALLCAP 500,Lloyds Engineering Works Ltd.,LLOYDSENGG,Engineering - Industrial Equipments,INE093R01011
3777,NIFTY SMALLCAP 500,Lloyds Enterprises Ltd.,LLOYDSENT,Trading,INE080I01025
3778,NIFTY SMALLCAP 500,Lumax Auto Technologies Ltd.,LUMAXTECH,Auto Ancillary,INE872H01027
3779,NIFTY SMALLCAP 500,MMTC Ltd.,MMTC,Trading,INE123F01029
3780,NIFTY SMALLCAP 500,MOIL Ltd.,MOIL,Mining & Minerals,INE490G01020
3781,NIFTY SMALLCAP 500,MSTC Ltd.,MSTCLTD,e-Commerce,INE255X01014
3782,NIFTY SMALLCAP 500,MTAR Technologies Ltd.,MTARTECH,Engineering,INE864I01014
3783,NIFTY SMALLCAP 500,Mahanagar Gas Ltd.,MGL,Gas Transmission/Marketing,INE002S01010
3784,NIFTY SMALLCAP 500,Maharashtra Scooters Ltd.,MAHSCOOTER,Finance - Investment,INE288A01013
3785,NIFTY SMALLCAP 500,Maharashtra Seamless Ltd.,MAHSEAMLES,Steel & Iron Products,INE271B01025
3786,NIFTY SMALLCAP 500,Manappuram Finance Ltd.,MANAPPURAM,Finance - NBFC,INE522D01027
3787,NIFTY SMALLCAP 500,Mangalore Refinery & Petrochemicals Ltd.,MRPL,Refineries,INE103A01014
3788,NIFTY SMALLCAP 500,Manorama Industries Ltd.,MANORAMA,Solvent  Extraction,INE00VM01036
3789,NIFTY SMALLCAP 500,Marksans Pharma Ltd.,MARKSANS,Pharmaceuticals & Drugs,INE750C01026
3790,NIFTY SMALLCAP 500,Mastek Ltd.,MASTEK,IT - Software,INE759A01021
3791,NIFTY SMALLCAP 500,Medplus Health Services Ltd.,MEDPLUS,Pharmaceuticals & Drugs,INE804L01022
3792,NIFTY SMALLCAP 500,Meesho Ltd.,MEESHO,e-Commerce,INE0VDM01015
3793,NIFTY SMALLCAP 500,Metro Brands Ltd.,METROBRAND,Footwear,INE317I01021
3794,NIFTY SMALLCAP 500,Metropolis Healthcare Ltd.,METROPOLIS,Hospital & Healthcare Services,INE112L01020
3795,NIFTY SMALLCAP 500,Minda Corporation Ltd.,MINDACORP,Auto Ancillary,INE842C01021
3796,NIFTY SMALLCAP 500,Mishra Dhatu Nigam Ltd.,MIDHANI,Steel & Iron Products,INE099Z01011
3797,NIFTY SMALLCAP 500,Motherson Sumi Wiring India Ltd.,MSUMI,Steel & Iron Products,INE0FS801015
3798,NIFTY SMALLCAP 500,Mrs. Bectors Food Specialities Ltd.,BECTORFOOD,Consumer Food,INE495P01020
3799,NIFTY SMALLCAP 500,NATCO Pharma Ltd.,NATCOPHARM,Pharmaceuticals & Drugs,INE987B01026
3800,NIFTY SMALLCAP 500,NBCC (India) Ltd.,NBCC,Construction - Real Estate,INE095N01031
3801,NIFTY SMALLCAP 500,NCC Ltd.,NCC,Engineering - Construction,INE868B01028
3802,NIFTY SMALLCAP 500,NEOGEN CHEMICALS LTD.,NEOGEN,Chemicals,INE136S01016
3803,NIFTY SMALLCAP 500,NESCO Ltd.,NESCO,Engineering - Industrial Equipments,INE317F01035
3804,NIFTY SMALLCAP 500,NMDC Steel Ltd.,NSLNISP,Steel & Iron Products,INE0NNS01018
3805,NIFTY SMALLCAP 500,Narayana Hrudayalaya Ltd.,NH,Hospital & Healthcare Services,INE410P01011
3806,NIFTY SMALLCAP 500,National Fertilizers Ltd.,NFL,Fertilizers,INE870D01012
3807,NIFTY SMALLCAP 500,Nava Ltd.,NAVA,Power Generation/Distribution,INE725A01030
3808,NIFTY SMALLCAP 500,Navin Fluorine International Ltd.,NAVINFLUOR,Chemicals,INE048G01026
3809,NIFTY SMALLCAP 500,Nazara Technologies Ltd.,NAZARA,IT - Software,INE418L01047
3810,NIFTY SMALLCAP 500,Netweb Technologies India Ltd.,NETWEB,IT - Hardware,INE0NT901020
3811,NIFTY SMALLCAP 500,Network18 Media & Investments Ltd.,NETWORK18,TV Broadcasting & Software Production,INE870H01013
3812,NIFTY SMALLCAP 500,Neuland Laboratories Ltd.,NEULANDLAB,Pharmaceuticals & Drugs,INE794A01010
3813,NIFTY SMALLCAP 500,Newgen Software Technologies Ltd.,NEWGEN,IT - Software,INE619B01017
3814,NIFTY SMALLCAP 500,Niva Bupa Health Insurance Company Ltd.,NIVABUPA,Insurance,INE995S01015
3815,NIFTY SMALLCAP 500,Nuvama Wealth Management Ltd.,NUVAMA,Finance - Others,INE531F01023
3816,NIFTY SMALLCAP 500,Nuvoco Vistas Corporation Ltd.,NUVOCO,Cement & Construction Materials,INE118D01016
3817,NIFTY SMALLCAP 500,Ola Electric Mobility Ltd.,OLAELEC,Automobile Two & Three Wheelers,INE0LXG01040
3818,NIFTY SMALLCAP 500,Olectra Greentech Ltd.,OLECTRA,Automobiles-Trucks/Lcv,INE260D01016
3819,NIFTY SMALLCAP 500,Onesource Specialty Pharma Ltd.,ONESOURCE,Pharmaceuticals & Drugs,INE013P01021
3820,NIFTY SMALLCAP 500,Optiemus Infracom Ltd.,OPTIEMUS,Trading,INE350C01017
3821,NIFTY SMALLCAP 500,Orient Cement Ltd.,ORIENTCEM,Cement & Construction Materials,INE876N01018
3822,NIFTY SMALLCAP 500,Orkla India Ltd.,ORKLAINDIA,Consumer Food,INE16NZ01023
3823,NIFTY SMALLCAP 500,Oswal Pumps Ltd.,OSWALPUMPS,Compressors / Pumps,INE0BYP01024
3824,NIFTY SMALLCAP 500,P N Gadgil Jewellers Ltd.,PNGJL,Diamond  &  Jewellery,INE953R01016
3825,NIFTY SMALLCAP 500,PC Jeweller Ltd.,PCJEWELLER,Diamond  &  Jewellery,INE785M01021
3826,NIFTY SMALLCAP 500,PCBL Chemical Ltd.,PCBL,Carbon Black,INE602A01031
3827,NIFTY SMALLCAP 500,PG Electroplast Ltd.,PGEL,Consumer Durables - Domestic Appliances,INE457L01029
3828,NIFTY SMALLCAP 500,PNB Housing Finance Ltd.,PNBHOUSING,Finance - Housing,INE572E01012
3829,NIFTY SMALLCAP 500,PNC Infratech Ltd.,PNCINFRA,Engineering - Construction,INE195J01029
3830,NIFTY SMALLCAP 500,PTC India Ltd.,PTC,Power Generation/Distribution,INE877F01012
3831,NIFTY SMALLCAP 500,PTC Industries Ltd.,PTCIL,Castings/Forgings,INE596F01018
3832,NIFTY SMALLCAP 500,PVR INOX Ltd.,PVRINOX,"Film Production, Distribution & Entertainment",INE191H01014
3833,NIFTY SMALLCAP 500,Paradeep Phosphates Ltd.,PARADEEP,Fertilizers,INE088F01024
3834,NIFTY SMALLCAP 500,Paras Defence and Space Technologies Ltd.,PARAS,Defence,INE045601023
3835,NIFTY SMALLCAP 500,Pearl Global Industries Ltd.,PGIL,Textile,INE940H01022
3836,NIFTY SMALLCAP 500,Pfizer Ltd.,PFIZER,Pharmaceuticals & Drugs,INE182A01018
3838,NIFTY SMALLCAP 500,Piccadily Agro Industries Ltd.,PICCADIL,Breweries & Distilleries,INE546C01010
3839,NIFTY SMALLCAP 500,Pine Labs Ltd.,PINELABS,Fintech,INE15B701018
3840,NIFTY SMALLCAP 500,Piramal Finance Ltd.,PIRAMALFIN,Finance - Housing,INE202B01038
3841,NIFTY SMALLCAP 500,Piramal Pharma Ltd.,PPLPHARMA,Pharmaceuticals & Drugs,INE0DK501011
3842,NIFTY SMALLCAP 500,Poly Medicure Ltd.,POLYMED,Medical Equipment/Supplies/Accessories,INE205C01021
3843,NIFTY SMALLCAP 500,Poonawalla Fincorp Ltd.,POONAWALLA,Finance - NBFC,INE511C01022
3844,NIFTY SMALLCAP 500,Power Mech Projects Ltd.,POWERMECH,Engineering - Construction,INE211R01019
3845,NIFTY SMALLCAP 500,Praj Industries Ltd.,PRAJIND,Engineering - Industrial Equipments,INE074A01025
3846,NIFTY SMALLCAP 500,Pricol Ltd.,PRICOLLTD,Auto Ancillary,INE726V01018
3847,NIFTY SMALLCAP 500,Prime Focus Ltd,PFOCUS,"Film Production, Distribution & Entertainment",INE367G01038
3848,NIFTY SMALLCAP 500,Prism Johnson Ltd.,PRSMJOHNSN,Cement & Construction Materials,INE010A01011
3849,NIFTY SMALLCAP 500,Privi Speciality Chemicals Ltd.,PRIVISCL,Chemicals,INE959A01019
3850,NIFTY SMALLCAP 500,Prudent Corporate Advisory Services Ltd.,PRUDENT,Finance - Others,INE00F201020
3851,NIFTY SMALLCAP 500,Puravankara Ltd.,PURVA,Construction - Real Estate,INE323I01011
3852,NIFTY SMALLCAP 500,Quality Power Electrical Equipments Ltd.,QPOWER,Electric Equipment,INE0SII01026
3853,NIFTY SMALLCAP 500,Quess Corp Ltd.,QUESS,BPO/ITeS,INE615P01015
3854,NIFTY SMALLCAP 500,R R Kabel Ltd.,RRKABEL,Cable,INE777K01022
3855,NIFTY SMALLCAP 500,R Systems International Ltd.,RSYSTEMS,IT - Software,INE411H01032
3856,NIFTY SMALLCAP 500,RBL Bank Ltd.,RBLBANK,NIFTY PRIVATE BANK,INE976G01028
3857,NIFTY SMALLCAP 500,RHI MAGNESITA INDIA LTD.,RHIM,Refractories,INE743M01012
3858,NIFTY SMALLCAP 500,RITES Ltd.,RITES,Engineering Consultancy,INE320J01015
3859,NIFTY SMALLCAP 500,Railtel Corporation Of India Ltd.,RAILTEL,Telecommunication - Service  Provider,INE0DD101019
3860,NIFTY SMALLCAP 500,Rain Industries Ltd,RAIN,Petrochemicals,INE855B01025
3861,NIFTY SMALLCAP 500,Rainbow Childrens Medicare Ltd.,RAINBOW,Hospital & Healthcare Services,INE961O01016
3862,NIFTY SMALLCAP 500,Rallis India Ltd.,RALLIS,Pesticides & Agrochemicals,INE613A01020
3863,NIFTY SMALLCAP 500,Ramkrishna Forgings Ltd.,RKFORGE,Forgings,INE399G01023
3864,NIFTY SMALLCAP 500,Rashtriya Chemicals & Fertilizers Ltd.,RCF,Fertilizers,INE027A01015
3865,NIFTY SMALLCAP 500,Rategain Travel Technologies Ltd.,RATEGAIN,IT - Software,INE0CLI01024
3866,NIFTY SMALLCAP 500,RattanIndia Enterprises Ltd.,RTNINDIA,Professional Services,INE834M01019
3867,NIFTY SMALLCAP 500,RattanIndia Power Ltd.,RTNPOWER,Power Generation/Distribution,INE399K01017
3868,NIFTY SMALLCAP 500,Raymond Lifestyle Ltd.,RAYMONDLSL,Textile,INE02ID01020
3869,NIFTY SMALLCAP 500,Raymond Ltd.,RAYMOND,Textile - Weaving,INE301A01014
3870,NIFTY SMALLCAP 500,Raymond Realty Ltd.,RAYMONDREL,Construction - Real Estate,INE1SY401010
3871,NIFTY SMALLCAP 500,Redington Ltd.,REDINGTON,Trading,INE891D01026
3872,NIFTY SMALLCAP 500,Redtape Ltd.,REDTAPE,Footwear,INE0LXT01019
3873,NIFTY SMALLCAP 500,Refex Industries Ltd.,REFEX,Industrial  Gases & Fuels,INE056I01025
3874,NIFTY SMALLCAP 500,Relaxo Footwears Ltd.,RELAXO,Footwear,INE131B01039
3875,NIFTY SMALLCAP 500,Reliance Power Ltd.,RPOWER,Power Generation/Distribution,INE614G01033
3876,NIFTY SMALLCAP 500,Religare Enterprises Ltd.,RELIGARE,Finance - Investment,INE621H01010
3877,NIFTY SMALLCAP 500,Restaurant Brands Asia Ltd.,RBA,Restaurants,INE07T201019
3878,NIFTY SMALLCAP 500,Route Mobile Ltd.,ROUTE,IT - Software,INE450U01017
3879,NIFTY SMALLCAP 500,Rubicon Research Ltd.,RUBICON,Pharmaceuticals & Drugs,INE506V01022
3880,NIFTY SMALLCAP 500,SBFC Finance Ltd.,SBFC,Finance - NBFC,INE423Y01016
3881,NIFTY SMALLCAP 500,SKF India (Industrial) Ltd.,SKFINDUS,Bearings,INE2J8701016
3882,NIFTY SMALLCAP 500,SKF India Ltd.,SKFINDIA,Bearings,INE640A01023
3883,NIFTY SMALLCAP 500,Saatvik Green Energy Ltd.,SAATVIKGL,Electric Equipment,INE13B501022
3884,NIFTY SMALLCAP 500,Safari Industries (India) Ltd.,SAFARI,Household & Personal Products,INE429E01023
3885,NIFTY SMALLCAP 500,Sagility Ltd.,SAGILITY,Business Support,INE0W2G01015
3886,NIFTY SMALLCAP 500,Sai Life Sciences Ltd.,SAILIFE,Pharmaceuticals & Drugs,INE570L01029
3887,NIFTY SMALLCAP 500,Samhi Hotels Ltd.,SAMHI,"Hotel, Resort & Restaurants",INE08U801020
3888,NIFTY SMALLCAP 500,Sammaan Capital Ltd.,SAMMAANCAP,Finance - Housing,INE148I01020
3889,NIFTY SMALLCAP 500,Sandur Manganese & Iron Ores Ltd.,SANDUMA,Mining & Minerals,INE149K01016
3890,NIFTY SMALLCAP 500,Sansera Engineering Ltd.,SANSERA,Auto Ancillary,INE953O01021
3891,NIFTY SMALLCAP 500,Sapphire Foods India Ltd.,SAPPHIRE,Consumer Food,INE806T01020
3892,NIFTY SMALLCAP 500,Sarda Energy and Minerals Ltd.,SARDAEN,Steel & Iron Products,INE385C01021
3893,NIFTY SMALLCAP 500,Saregama India Ltd,SAREGAMA,"Film Production, Distribution & Entertainment",INE979A01025
3894,NIFTY SMALLCAP 500,Schneider Electric Infrastructure Ltd.,SCHNEIDER,Electric Equipment,INE839M01018
3895,NIFTY SMALLCAP 500,Senco Gold Ltd.,SENCO,Diamond  &  Jewellery,INE602W01027
3896,NIFTY SMALLCAP 500,Shaily Engineering Plastics Ltd.,SHAILY,Plastic Products,INE151G01028
3897,NIFTY SMALLCAP 500,Shakti Pumps (India) Ltd.,SHAKTIPUMP,Compressors / Pumps,INE908D01010
3898,NIFTY SMALLCAP 500,Sharda Cropchem Ltd.,SHARDACROP,Pesticides & Agrochemicals,INE221J01015
3899,NIFTY SMALLCAP 500,Sheela Foam Ltd.,SFL,Household & Personal Products,INE916U01025
3900,NIFTY SMALLCAP 500,Shilpa Medicare Ltd.,SHILPAMED,Pharmaceuticals & Drugs,INE790G01031
3901,NIFTY SMALLCAP 500,Shipping Corporation of India Ltd.,SCI,Shipping,INE109A01011
3902,NIFTY SMALLCAP 500,Shree Renuka Sugars Ltd.,RENUKA,Sugar,INE087H01022
3903,NIFTY SMALLCAP 500,Shriram Pistons & Rings Ltd.,SHRIPISTON,Engineering - Industrial Equipments,INE526E01018
3904,NIFTY SMALLCAP 500,Shyam Metalics and Energy Ltd.,SHYAMMETL,Steel & Iron Products,INE810G01011
3905,NIFTY SMALLCAP 500,Signatureglobal (India) Ltd.,SIGNATURE,Construction - Real Estate,INE903U01023
3906,NIFTY SMALLCAP 500,Skipper Ltd.,SKIPPER,Engineering - Industrial Equipments,INE439E01022
3907,NIFTY SMALLCAP 500,Smartworks Coworking Spaces Ltd.,SMARTWORKS,Business Support,INE0NAZ01010
3908,NIFTY SMALLCAP 500,Sobha Ltd.,SOBHA,Construction - Real Estate,INE671H01015
3909,NIFTY SMALLCAP 500,Sona BLW Precision Forgings Ltd.,SONACOMS,Auto Ancillary,INE073K01018
3910,NIFTY SMALLCAP 500,Sonata Software Ltd.,SONATSOFTW,IT - Software,INE269A01021
3911,NIFTY SMALLCAP 500,South Indian Bank Ltd.,SOUTHBANK,NIFTY PRIVATE BANK,INE683A01023
3912,NIFTY SMALLCAP 500,Sri Lotus Developers and Realty Ltd.,LOTUSDEV,Construction - Real Estate,INE0V9Q01010
3913,NIFTY SMALLCAP 500,Star Cement Ltd.,STARCEMENT,Cement & Construction Materials,INE460H01021
3914,NIFTY SMALLCAP 500,Star Health and Allied Insurance Company Ltd.,STARHEALTH,Insurance,INE575P01011
3915,NIFTY SMALLCAP 500,Sterling and Wilson Renewable Energy Ltd.,SWSOLAR,Engineering - Construction,INE00M201021
3916,NIFTY SMALLCAP 500,Sterlite Technologies Ltd.,STLTECH,Cable,INE089C01029
3917,NIFTY SMALLCAP 500,Strides Pharma Science Ltd.,STAR,Pharmaceuticals & Drugs,INE939A01011
3918,NIFTY SMALLCAP 500,Styrenix Performance Materials Ltd.,STYRENIX,Chemicals,INE189B01011
3919,NIFTY SMALLCAP 500,Subros Ltd.,SUBROS,Auto Ancillary,INE287B01021
3920,NIFTY SMALLCAP 500,Sudarshan Chemical Industries Ltd.,SUDARSCHEM,Dyes & Pigments,INE659A01023
3921,NIFTY SMALLCAP 500,Sudeep Pharma Ltd.,SUDEEPPHRM,Pharmaceuticals & Drugs,INE0QPI01025
3922,NIFTY SMALLCAP 500,Sumitomo Chemical India Ltd.,SUMICHEM,Pesticides & Agrochemicals,INE258G01013
3923,NIFTY SMALLCAP 500,Sun Pharma Advanced Research Company Ltd.,SPARC,Pharmaceuticals & Drugs,INE232I01014
3924,NIFTY SMALLCAP 500,Sun TV Network Ltd.,SUNTV,TV Broadcasting & Software Production,INE424H01027
3925,NIFTY SMALLCAP 500,Sundram Fasteners Ltd.,SUNDRMFAST,Auto Ancillary,INE387A01021
3926,NIFTY SMALLCAP 500,Sunteck Realty Ltd.,SUNTECK,Construction - Real Estate,INE805D01034
3927,NIFTY SMALLCAP 500,Supreme Petrochem Ltd.,SPLPETRO,Chemicals,INE663A01033
3928,NIFTY SMALLCAP 500,Supriya Lifescience Ltd.,SUPRIYA,Pharmaceuticals & Drugs,INE07RO01027
3929,NIFTY SMALLCAP 500,Surya Roshni Ltd.,SURYAROSNI,Steel & Iron Products,INE335A01020
3930,NIFTY SMALLCAP 500,Swan Corp Ltd.,SWANCORP,Petrochemicals,INE665A01038
3931,NIFTY SMALLCAP 500,Syngene International Ltd.,SYNGENE,Pharmaceuticals & Drugs,INE398R01022
3932,NIFTY SMALLCAP 500,Syrma SGS Technology Ltd.,SYRMA,Electronics - Components,INE0DYJ01015
3933,NIFTY SMALLCAP 500,TARC Ltd.,TARC,Construction - Real Estate,INE0EK901012
3934,NIFTY SMALLCAP 500,TBO Tek Ltd.,TBOTEK,Travel Services,INE673O01025
3935,NIFTY SMALLCAP 500,TD Power Systems Ltd.,TDPOWERSYS,Electric Equipment,INE419M01027
3936,NIFTY SMALLCAP 500,TSF Investments Ltd.,TSFINV,Finance - NBFC,INE202Z01029
3937,NIFTY SMALLCAP 500,TVS Holdings Ltd.,TVSHLTD,Auto Ancillary,INE105A01035
3938,NIFTY SMALLCAP 500,TVS Supply Chain Solutions Ltd.,TVSSCS,Logistics,INE395N01027
3939,NIFTY SMALLCAP 500,Tamilnad Mercantile Bank Ltd.,TMB,NIFTY PRIVATE BANK,INE668A01016
3940,NIFTY SMALLCAP 500,Tanla Platforms Ltd.,TANLA,IT - Software,INE483C01032
3941,NIFTY SMALLCAP 500,Tata Chemicals Ltd.,TATACHEM,Chemicals,INE092A01019
3942,NIFTY SMALLCAP 500,Tata Technologies Ltd.,TATATECH,IT - Software,INE142M01025
3943,NIFTY SMALLCAP 500,Tata Teleservices (Maharashtra) Ltd.,TTML,Telecommunication - Service  Provider,INE517B01013
3944,NIFTY SMALLCAP 500,Techno Electric & Engineering Company Ltd.,TECHNOE,Engineering - Construction,INE285K01026
3945,NIFTY SMALLCAP 500,Tega Industries Ltd.,TEGA,Engineering - Industrial Equipments,INE011K01018
3946,NIFTY SMALLCAP 500,Tejas Networks Ltd.,TEJASNET,Telecommunication - Equipment,INE010J01012
3947,NIFTY SMALLCAP 500,Tenneco Clean Air India Ltd.,TENNIND,Auto Ancillary,INE19RI01016
3948,NIFTY SMALLCAP 500,Texmaco Rail & Eng. Ltd.,TEXRAIL,Railways Wagons,INE621L01012
3949,NIFTY SMALLCAP 500,Thangamayil Jewellery Ltd.,THANGAMAYL,Diamond  &  Jewellery,INE085J01014
3950,NIFTY SMALLCAP 500,The Anup Engineering Ltd.,ANUP,Engineering - Industrial Equipments,INE294Z01018
3951,NIFTY SMALLCAP 500,The Ramco Cements Ltd.,RAMCOCEM,Cement & Construction Materials,INE331A01037
3952,NIFTY SMALLCAP 500,Thomas Cook (India) Ltd.,THOMASCOOK,Travel Services,INE332A01027
3953,NIFTY SMALLCAP 500,Thyrocare Technologies Ltd.,THYROCARE,Hospital & Healthcare Services,INE594H01019
3954,NIFTY SMALLCAP 500,Tilaknagar Industries Ltd.,TI,Breweries & Distilleries,INE133E01013
3955,NIFTY SMALLCAP 500,Time Technoplast Ltd.,TIMETECHNO,Plastic Products,INE508G01029
3956,NIFTY SMALLCAP 500,Timken India Ltd.,TIMKEN,Bearings,INE325A01013
3957,NIFTY SMALLCAP 500,Tips Music Ltd.,TIPSMUSIC,"Film Production, Distribution & Entertainment",INE716B01029
3958,NIFTY SMALLCAP 500,Titagarh Rail Systems Ltd.,TITAGARH,Railways Wagons,INE615H01020
3959,NIFTY SMALLCAP 500,Transformers And Rectifiers (India) Ltd.,TARIL,Electric Equipment,INE763I01026
3960,NIFTY SMALLCAP 500,Transrail Lighting Ltd.,TRANSRAILL,Electric Equipment,INE454P01035
3961,NIFTY SMALLCAP 500,Travel Food Services Ltd.,TRAVELFOOD,Consumer Food,INE103V01028
3962,NIFTY SMALLCAP 500,Trident Ltd.,TRIDENT,Textile - Spinning,INE064C01022
3963,NIFTY SMALLCAP 500,Triveni Engineering & Industries Ltd.,TRIVENI,Sugar,INE256C01024
3964,NIFTY SMALLCAP 500,Triveni Turbine Ltd.,TRITURBINE,Engineering - Industrial Equipments,INE152M01016
3965,NIFTY SMALLCAP 500,UCO Bank,UCOBANK,NIFTY PRIVATE BANK,INE691A01018
3966,NIFTY SMALLCAP 500,UTI Asset Management Company Ltd.,UTIAMC,Finance - Asset Management,INE094J01016
3967,NIFTY SMALLCAP 500,Ujjivan Small Finance Bank Ltd.,UJJIVANSFB,NIFTY PRIVATE BANK,INE551W01018
3968,NIFTY SMALLCAP 500,Urban Company Ltd.,URBANCO,e-Commerce,INE0CAZ01013
3969,NIFTY SMALLCAP 500,Usha Martin Ltd.,USHAMART,Steel & Iron Products,INE228A01035
3970,NIFTY SMALLCAP 500,V-Guard Industries Ltd.,VGUARD,Electric Equipment,INE951I01027
3971,NIFTY SMALLCAP 500,V-Mart Retail Ltd.,VMART,Retailing,INE665J01013
3972,NIFTY SMALLCAP 500,V.I.P. Industries Ltd.,VIPIND,Household & Personal Products,INE054A01027
3973,NIFTY SMALLCAP 500,V2 Retail Ltd.,V2RETAIL,Retailing,INE945H01021
3974,NIFTY SMALLCAP 500,Va Tech Wabag Ltd.,WABAG,Environmental Services,INE956G01038
3975,NIFTY SMALLCAP 500,Vaibhav Global Ltd.,VAIBHAVGBL,Retailing,INE884A01027
3976,NIFTY SMALLCAP 500,Valor Estate Ltd.,DBREALTY,Construction - Real Estate,INE879I01012
3977,NIFTY SMALLCAP 500,Vardhman Textiles Ltd.,VTL,Textile,INE825A01020
3978,NIFTY SMALLCAP 500,Varroc Engineering Ltd.,VARROC,Auto Ancillary,INE665L01035
3979,NIFTY SMALLCAP 500,Vedant Fashions Ltd.,MANYAVAR,Textile,INE825V01034
3980,NIFTY SMALLCAP 500,Vijaya Diagnostic Centre Ltd.,VIJAYA,Hospital & Healthcare Services,INE043W01024
3981,NIFTY SMALLCAP 500,Vikram Solar Ltd.,VIKRAMSOLR,Electric Equipment,INE078V01014
3982,NIFTY SMALLCAP 500,Viyash Scientific Ltd.,VIYASH,Pharmaceuticals & Drugs,INE807F01027
3983,NIFTY SMALLCAP 500,Voltamp Transformers Ltd,VOLTAMP,Electric Equipment,INE540H01012
3984,NIFTY SMALLCAP 500,Waaree Renewable Technologies Ltd.,WAAREERTL,Power Generation/Distribution,INE299N01021
3985,NIFTY SMALLCAP 500,Wakefit Innovations Ltd.,WAKEFIT,Household & Personal Products,INE0E7301029
3986,NIFTY SMALLCAP 500,WeWork India Management Ltd.,WEWORK,Business Support,INE085001019
3987,NIFTY SMALLCAP 500,Websol Energy System Ltd.,WEBELSOLAR,Electronics - Components,INE855C01023
3988,NIFTY SMALLCAP 500,Welspun Corp Ltd.,WELCORP,Steel & Iron Products,INE191B01025
3989,NIFTY SMALLCAP 500,Welspun Enterprises Ltd.,WELENT,Construction - Real Estate,INE625G01013
3990,NIFTY SMALLCAP 500,Welspun Living Ltd.,WELSPUNLIV,Textile,INE192B01031
3991,NIFTY SMALLCAP 500,Westlife Foodworld Ltd.,WESTLIFE,Restaurants,INE274F01020
3992,NIFTY SMALLCAP 500,Whirlpool of India Ltd.,WHIRLPOOL,Consumer Durables - Domestic Appliances,INE716A01013
3993,NIFTY SMALLCAP 500,Wockhardt Ltd.,WOCKPHARMA,Pharmaceuticals & Drugs,INE049B01025
3994,NIFTY SMALLCAP 500,Yatharth Hospital & Trauma Care Services Ltd.,YATHARTH,Hospital & Healthcare Services,INE0JO301016
3995,NIFTY SMALLCAP 500,ZF Commercial Vehicle Control Systems India Ltd.,ZFCVINDIA,Auto Ancillary,INE342J01019
3996,NIFTY SMALLCAP 500,Zaggle Prepaid Ocean Services Ltd.,ZAGGLE,IT - Software,INE07K301024
3997,NIFTY SMALLCAP 500,Zee Entertainment Enterprises Ltd.,ZEEL,TV Broadcasting & Software Production,INE256A01028
3998,NIFTY SMALLCAP 500,Zen Technologies Ltd.,ZENTEC,Defence,INE251B01027
3999,NIFTY SMALLCAP 500,Zensar Technolgies Ltd.,ZENSARTECH,IT - Software,INE520A01027
4000,NIFTY SMALLCAP 500,Zydus Wellness Ltd.,ZYDUSWELL,Consumer Food,INE768C01028
4001,NIFTY SMALLCAP 500,eClerx Services Ltd.,ECLERX,BPO/ITeS,INE738I01010
4002,NIFTY MIDCAP SELECT,AU Small Finance Bank Ltd.,AUBANK,NIFTY PRIVATE BANK,INE949L01017
4003,NIFTY MIDCAP SELECT,Ashok Leyland Ltd.,ASHOKLEY,Automobiles-Trucks/Lcv,INE208A01029
4004,NIFTY MIDCAP SELECT,Aurobindo Pharma Ltd.,AUROPHARMA,Pharmaceuticals & Drugs,INE406A01037
4005,NIFTY MIDCAP SELECT,BSE Ltd.,BSE,Finance - Others,INE118H01025
4006,NIFTY MIDCAP SELECT,Bharat Forge Ltd.,BHARATFORG,Forgings,INE465A01025
4007,NIFTY MIDCAP SELECT,Bharat Heavy Electricals Ltd.,BHEL,Engineering - Industrial Equipments,INE257A01026
4008,NIFTY MIDCAP SELECT,Dixon Technologies (India) Ltd.,DIXON,Consumer Durables - Electronics,INE935N01020
4009,NIFTY MIDCAP SELECT,Fortis Healthcare Ltd.,FORTIS,Hospital & Healthcare Services,INE061F01013
4010,NIFTY MIDCAP SELECT,Hero MotoCorp Ltd.,HEROMOTOCO,Automobile Two & Three Wheelers,INE158A01026
4011,NIFTY MIDCAP SELECT,Hindustan Petroleum Corporation Ltd.,HINDPETRO,Refineries,INE094A01015
4012,NIFTY MIDCAP SELECT,Indian Bank,INDIANB,NIFTY PRIVATE BANK,INE562A01011
4013,NIFTY MIDCAP SELECT,Indus Towers Ltd.,INDUSTOWER,Telecommunication - Service  Provider,INE121J01017
4014,NIFTY MIDCAP SELECT,IndusInd Bank Ltd.,INDUSINDBK,NIFTY PRIVATE BANK,INE095A01012
4015,NIFTY MIDCAP SELECT,Info Edge (India) Ltd.,NAUKRI,BPO/ITeS,INE663F01032
4016,NIFTY MIDCAP SELECT,Life Insurance Corporation of India,LICI,Insurance,INE0J1Y01017
4017,NIFTY MIDCAP SELECT,Lupin Ltd.,LUPIN,Pharmaceuticals & Drugs,INE326A01037
4018,NIFTY MIDCAP SELECT,Marico Ltd.,MARICO,Consumer Food,INE196A01026
4019,NIFTY MIDCAP SELECT,One 97 Communications Ltd.,PAYTM,Fintech,INE982J01020
4020,NIFTY MIDCAP SELECT,PB Fintech Ltd.,POLICYBZR,Fintech,INE417T01026
4021,NIFTY MIDCAP SELECT,Persistent Systems Ltd.,PERSISTENT,IT - Software,INE262H01021
4022,NIFTY MIDCAP SELECT,Polycab India Ltd.,POLYCAB,Cable,INE455K01017
4023,NIFTY MIDCAP SELECT,SRF Ltd.,SRF,Chemicals,INE647A01010
4024,NIFTY MIDCAP SELECT,Suzlon Energy Ltd.,SUZLON,Electric Equipment,INE040H01021
4025,NIFTY MIDCAP SELECT,Swiggy Ltd.,SWIGGY,e-Commerce,INE00H001014
4026,NIFTY MIDCAP SELECT,Yes Bank Ltd.,YESBANK,NIFTY PRIVATE BANK,INE528G01035
