SR NO,Company Name,Symbol,SECTOR,INDUSTRY,ISIN Code
1,Bajaj Auto Ltd.,BAJAJ-AUTO,NIFTY AUTO,Automobile Two & Three Wheelers,INE917I01010
2,Eicher Motors Ltd.,EICHERMOT,NIFTY AUTO,Automobile Two & Three Wheelers,INE066A01021
2,Mahindra & Mahindra Ltd.,M&M,NIFTY AUTO,Automobiles - Passenger Cars,INE101A01026
3,Maruti Suzuki India Ltd.,MARUTI,NIFTY AUTO,Automobiles - Passenger Cars,INE585B01010
3,Tata Motors Passenger Vehicles Ltd.,TMPV,NIFTY AUTO,Automobile Two & Three Wheelers,INE155A01022
4,Bosch Ltd.,BOSCHLTD,NIFTY AUTO,Auto Ancillary,INE323A01026
4,Hyundai Motor India Ltd.,HYUNDAI,NIFTY AUTO,Automobiles - Passenger Cars,INE0V6F01027
5,Samvardhana Motherson International Ltd.,MOTHERSON,NIFTY AUTO,Auto Ancillary,INE775A01035
5,TVS Motor Company Ltd.,TVSMOTOR,NIFTY AUTO,Automobile Two & Three Wheelers,INE494B01023
6,Bajaj Auto Ltd.,BAJAJ-AUTO,NIFTY AUTO,Automobile Two & Three Wheelers,INE917I01010
6,Bosch Ltd.,BOSCHLTD,NIFTY AUTO,Auto Ancillary,INE323A01026
7,Eicher Motors Ltd.,EICHERMOT,NIFTY AUTO,Automobile Two & Three Wheelers,INE066A01021
7,Hyundai Motor India Ltd.,HYUNDAI,NIFTY AUTO,Automobiles - Passenger Cars,INE0V6F01027
8,Mahindra & Mahindra Ltd.,M&M,NIFTY AUTO,Automobiles - Passenger Cars,INE101A01026
8,Maruti Suzuki India Ltd.,MARUTI,NIFTY AUTO,Automobiles - Passenger Cars,INE585B01010
9,Samvardhana Motherson International Ltd.,MOTHERSON,NIFTY AUTO,Auto Ancillary,INE775A01035
9,TVS Motor Company Ltd.,TVSMOTOR,NIFTY AUTO,Automobile Two & Three Wheelers,INE494B01023
10,Tata Motors Passenger Vehicles Ltd.,TMPV,NIFTY AUTO,Automobile Two & Three Wheelers,INE155A01022
10,Bajaj Auto Ltd.,BAJAJ-AUTO,NIFTY AUTO,Automobile Two & Three Wheelers,INE917I01010
11,Bharat Forge Ltd.,BHARATFORG,NIFTY AUTO,Forgings,INE465A01025
11,Bosch Ltd.,BOSCHLTD,NIFTY AUTO,Auto Ancillary,INE323A01026
12,Eicher Motors Ltd.,EICHERMOT,NIFTY AUTO,Automobile Two & Three Wheelers,INE066A01021
12,Exide Industries Ltd.,EXIDEIND,NIFTY AUTO,Batteries,INE302A01020
13,Hero MotoCorp Ltd.,HEROMOTOCO,NIFTY AUTO,Automobile Two & Three Wheelers,INE158A01026
13,Hyundai Motor India Ltd.,HYUNDAI,NIFTY AUTO,Automobiles - Passenger Cars,INE0V6F01027
14,MRF Ltd.,MRF,NIFTY AUTO,Tyres & Allied,INE883A01011
14,Mahindra & Mahindra Ltd.,M&M,NIFTY AUTO,Automobiles - Passenger Cars,INE101A01026
15,Maruti Suzuki India Ltd.,MARUTI,NIFTY AUTO,Automobiles - Passenger Cars,INE585B01010
15,Samvardhana Motherson International Ltd.,MOTHERSON,NIFTY AUTO,Auto Ancillary,INE775A01035
16,TVS Motor Company Ltd.,TVSMOTOR,NIFTY AUTO,Automobile Two & Three Wheelers,INE494B01023
16,Tata Motors Passenger Vehicles Ltd.,TMPV,NIFTY AUTO,Automobile Two & Three Wheelers,INE155A01022
17,Tube Investments of India Ltd.,TIINDIA,NIFTY AUTO,Auto Ancillary,INE974X01010
17,Amara Raja Energy & Mobility Ltd.,ARE&M,NIFTY AUTO,Batteries,INE885A01032
18,Apollo Tyres Ltd.,APOLLOTYRE,NIFTY AUTO,Tyres & Allied,INE438A01022
18,Asahi India Glass Ltd.,ASAHIINDIA,NIFTY AUTO,Glass,INE439A01020
19,Ather Energy Ltd.,ATHERENERG,NIFTY AUTO,Automobile Two & Three Wheelers,INE0LEZ01016
19,Bajaj Auto Ltd.,BAJAJ-AUTO,NIFTY AUTO,Automobile Two & Three Wheelers,INE917I01010
20,Balkrishna Industries Ltd.,BALKRISIND,NIFTY AUTO,Tyres & Allied,INE787D01026
20,Belrise Industries Ltd.,BELRISE,NIFTY AUTO,Auto Ancillary,INE894V01022
21,Bharat Forge Ltd.,BHARATFORG,NIFTY AUTO,Forgings,INE465A01025
21,Bosch Ltd.,BOSCHLTD,NIFTY AUTO,Auto Ancillary,INE323A01026
22,Ceat Ltd.,CEATLTD,NIFTY AUTO,Tyres & Allied,INE482A01020
22,Craftsman Automation Ltd.,CRAFTSMAN,NIFTY AUTO,Auto Ancillary,INE00LO01017
23,Eicher Motors Ltd.,EICHERMOT,NIFTY AUTO,Automobile Two & Three Wheelers,INE066A01021
23,Endurance Technologies Ltd.,ENDURANCE,NIFTY AUTO,Auto Ancillary,INE913H01037
24,Exide Industries Ltd.,EXIDEIND,NIFTY AUTO,Batteries,INE302A01020
24,Force Motors Ltd.,FORCEMOT,NIFTY AUTO,Automobiles-Trucks/Lcv,INE451A01017
25,Gabriel India Ltd.,GABRIEL,NIFTY AUTO,Auto Ancillary,INE524A01029
25,Hero MotoCorp Ltd.,HEROMOTOCO,NIFTY AUTO,Automobile Two & Three Wheelers,INE158A01026
26,Hyundai Motor India Ltd.,HYUNDAI,NIFTY AUTO,Automobiles - Passenger Cars,INE0V6F01027
26,JBM Auto Ltd.,JBMA,NIFTY AUTO,Auto Ancillary,INE927D01051
27,JK Tyre & Industries Ltd.,JKTYRE,NIFTY AUTO,Tyres & Allied,INE573A01042
27,MRF Ltd.,MRF,NIFTY AUTO,Tyres & Allied,INE883A01011
28,Mahindra & Mahindra Ltd.,M&M,NIFTY AUTO,Automobiles - Passenger Cars,INE101A01026
28,Maruti Suzuki India Ltd.,MARUTI,NIFTY AUTO,Automobiles - Passenger Cars,INE585B01010
29,Minda Corporation Ltd.,MINDACORP,NIFTY AUTO,Auto Ancillary,INE842C01021
29,Motherson Sumi Wiring India Ltd.,MSUMI,NIFTY AUTO,Steel & Iron Products,INE0FS801015
30,Ola Electric Mobility Ltd.,OLAELEC,NIFTY AUTO,Automobile Two & Three Wheelers,INE0LXG01040
30,Olectra Greentech Ltd.,OLECTRA,NIFTY AUTO,Automobiles-Trucks/Lcv,INE260D01016
31,Ramkrishna Forgings Ltd.,RKFORGE,NIFTY AUTO,Forgings,INE399G01023
31,Samvardhana Motherson International Ltd.,MOTHERSON,NIFTY AUTO,Auto Ancillary,INE775A01035
32,Schaeffler India Ltd.,SCHAEFFLER,NIFTY AUTO,Bearings,INE513A01022
32,Sona BLW Precision Forgings Ltd.,SONACOMS,NIFTY AUTO,Auto Ancillary,INE073K01018
33,TVS Motor Company Ltd.,TVSMOTOR,NIFTY AUTO,Automobile Two & Three Wheelers,INE494B01023
33,Tata Motors Passenger Vehicles Ltd.,TMPV,NIFTY AUTO,Automobile Two & Three Wheelers,INE155A01022
34,Tenneco Clean Air India Ltd.,TENNIND,NIFTY AUTO,Auto Ancillary,INE19RI01016
34,Tube Investments of India Ltd.,TIINDIA,NIFTY AUTO,Auto Ancillary,INE974X01010
35,UNO Minda Ltd.,UNOMINDA,NIFTY AUTO,Auto Ancillary,INE405E01023
35,ZF Commercial Vehicle Control Systems India Ltd.,ZFCVINDIA,NIFTY AUTO,Auto Ancillary,INE342J01019
36,Bharat Forge Ltd.,BHARATFORG,NIFTY AUTO,Forgings,INE465A01025
36,Hero MotoCorp Ltd.,HEROMOTOCO,NIFTY AUTO,Automobile Two & Three Wheelers,INE158A01026
37,Tube Investments of India Ltd.,TIINDIA,NIFTY AUTO,Auto Ancillary,INE974X01010
37,Bharat Forge Ltd.,BHARATFORG,NIFTY AUTO,Forgings,INE465A01025
38,Exide Industries Ltd.,EXIDEIND,NIFTY AUTO,Batteries,INE302A01020
38,Hero MotoCorp Ltd.,HEROMOTOCO,NIFTY AUTO,Automobile Two & Three Wheelers,INE158A01026
39,MRF Ltd.,MRF,NIFTY AUTO,Tyres & Allied,INE883A01011
39,Tube Investments of India Ltd.,TIINDIA,NIFTY AUTO,Auto Ancillary,INE974X01010
40,Apollo Tyres Ltd.,APOLLOTYRE,NIFTY AUTO,Tyres & Allied,INE438A01022
40,Balkrishna Industries Ltd.,BALKRISIND,NIFTY AUTO,Tyres & Allied,INE787D01026
41,Bharat Forge Ltd.,BHARATFORG,NIFTY AUTO,Forgings,INE465A01025
41,Endurance Technologies Ltd.,ENDURANCE,NIFTY AUTO,Auto Ancillary,INE913H01037
42,Exide Industries Ltd.,EXIDEIND,NIFTY AUTO,Batteries,INE302A01020
42,Hero MotoCorp Ltd.,HEROMOTOCO,NIFTY AUTO,Automobile Two & Three Wheelers,INE158A01026
43,MRF Ltd.,MRF,NIFTY AUTO,Tyres & Allied,INE883A01011
43,Schaeffler India Ltd.,SCHAEFFLER,NIFTY AUTO,Bearings,INE513A01022
44,Tube Investments of India Ltd.,TIINDIA,NIFTY AUTO,Auto Ancillary,INE974X01010
44,UNO Minda Ltd.,UNOMINDA,NIFTY AUTO,Auto Ancillary,INE405E01023
45,Amara Raja Energy & Mobility Ltd.,ARE&M,NIFTY AUTO,Batteries,INE885A01032
45,Apollo Tyres Ltd.,APOLLOTYRE,NIFTY AUTO,Tyres & Allied,INE438A01022
46,Asahi India Glass Ltd.,ASAHIINDIA,NIFTY AUTO,Glass,INE439A01020
46,Ather Energy Ltd.,ATHERENERG,NIFTY AUTO,Automobile Two & Three Wheelers,INE0LEZ01016
47,Balkrishna Industries Ltd.,BALKRISIND,NIFTY AUTO,Tyres & Allied,INE787D01026
47,Belrise Industries Ltd.,BELRISE,NIFTY AUTO,Auto Ancillary,INE894V01022
48,Bharat Forge Ltd.,BHARATFORG,NIFTY AUTO,Forgings,INE465A01025
48,Ceat Ltd.,CEATLTD,NIFTY AUTO,Tyres & Allied,INE482A01020
49,Craftsman Automation Ltd.,CRAFTSMAN,NIFTY AUTO,Auto Ancillary,INE00LO01017
49,Endurance Technologies Ltd.,ENDURANCE,NIFTY AUTO,Auto Ancillary,INE913H01037
50,Exide Industries Ltd.,EXIDEIND,NIFTY AUTO,Batteries,INE302A01020
50,Force Motors Ltd.,FORCEMOT,NIFTY AUTO,Automobiles-Trucks/Lcv,INE451A01017
51,Gabriel India Ltd.,GABRIEL,NIFTY AUTO,Auto Ancillary,INE524A01029
51,Hero MotoCorp Ltd.,HEROMOTOCO,NIFTY AUTO,Automobile Two & Three Wheelers,INE158A01026
52,JBM Auto Ltd.,JBMA,NIFTY AUTO,Auto Ancillary,INE927D01051
52,JK Tyre & Industries Ltd.,JKTYRE,NIFTY AUTO,Tyres & Allied,INE573A01042
53,MRF Ltd.,MRF,NIFTY AUTO,Tyres & Allied,INE883A01011
53,Minda Corporation Ltd.,MINDACORP,NIFTY AUTO,Auto Ancillary,INE842C01021
54,Motherson Sumi Wiring India Ltd.,MSUMI,NIFTY AUTO,Steel & Iron Products,INE0FS801015
54,Ola Electric Mobility Ltd.,OLAELEC,NIFTY AUTO,Automobile Two & Three Wheelers,INE0LXG01040
55,Olectra Greentech Ltd.,OLECTRA,NIFTY AUTO,Automobiles-Trucks/Lcv,INE260D01016
55,Ramkrishna Forgings Ltd.,RKFORGE,NIFTY AUTO,Forgings,INE399G01023
56,Schaeffler India Ltd.,SCHAEFFLER,NIFTY AUTO,Bearings,INE513A01022
56,Sona BLW Precision Forgings Ltd.,SONACOMS,NIFTY AUTO,Auto Ancillary,INE073K01018
57,Tenneco Clean Air India Ltd.,TENNIND,NIFTY AUTO,Auto Ancillary,INE19RI01016
57,Tube Investments of India Ltd.,TIINDIA,NIFTY AUTO,Auto Ancillary,INE974X01010
58,UNO Minda Ltd.,UNOMINDA,NIFTY AUTO,Auto Ancillary,INE405E01023
58,ZF Commercial Vehicle Control Systems India Ltd.,ZFCVINDIA,NIFTY AUTO,Auto Ancillary,INE342J01019
59,ASK Automotive Ltd.,ASKAUTOLTD,NIFTY AUTO,Auto Ancillary,INE491J01022
59,Amara Raja Energy & Mobility Ltd.,ARE&M,NIFTY AUTO,Batteries,INE885A01032
60,Apollo Tyres Ltd.,APOLLOTYRE,NIFTY AUTO,Tyres & Allied,INE438A01022
60,Asahi India Glass Ltd.,ASAHIINDIA,NIFTY AUTO,Glass,INE439A01020
61,Ather Energy Ltd.,ATHERENERG,NIFTY AUTO,Automobile Two & Three Wheelers,INE0LEZ01016
61,Bajaj Auto Ltd.,BAJAJ-AUTO,NIFTY AUTO,Automobile Two & Three Wheelers,INE917I01010
62,Balkrishna Industries Ltd.,BALKRISIND,NIFTY AUTO,Tyres & Allied,INE787D01026
62,Banco Products (India) Ltd.,BANCOINDIA,NIFTY AUTO,Auto Ancillary,INE213C01025
63,Belrise Industries Ltd.,BELRISE,NIFTY AUTO,Auto Ancillary,INE894V01022
63,Bharat Forge Ltd.,BHARATFORG,NIFTY AUTO,Forgings,INE465A01025
64,Bosch Ltd.,BOSCHLTD,NIFTY AUTO,Auto Ancillary,INE323A01026
64,CIE Automotive India Ltd.,CIEINDIA,NIFTY AUTO,Auto Ancillary,INE536H01010
65,Ceat Ltd.,CEATLTD,NIFTY AUTO,Tyres & Allied,INE482A01020
65,Craftsman Automation Ltd.,CRAFTSMAN,NIFTY AUTO,Auto Ancillary,INE00LO01017
66,Eicher Motors Ltd.,EICHERMOT,NIFTY AUTO,Automobile Two & Three Wheelers,INE066A01021
66,Endurance Technologies Ltd.,ENDURANCE,NIFTY AUTO,Auto Ancillary,INE913H01037
67,Exide Industries Ltd.,EXIDEIND,NIFTY AUTO,Batteries,INE302A01020
67,Fiem Industries Ltd,FIEMIND,NIFTY AUTO,Auto Ancillary,INE737H01014
68,Force Motors Ltd.,FORCEMOT,NIFTY AUTO,Automobiles-Trucks/Lcv,INE451A01017
68,Gabriel India Ltd.,GABRIEL,NIFTY AUTO,Auto Ancillary,INE524A01029
69,Hero MotoCorp Ltd.,HEROMOTOCO,NIFTY AUTO,Automobile Two & Three Wheelers,INE158A01026
69,Hyundai Motor India Ltd.,HYUNDAI,NIFTY AUTO,Automobiles - Passenger Cars,INE0V6F01027
70,JBM Auto Ltd.,JBMA,NIFTY AUTO,Auto Ancillary,INE927D01051
70,JK Tyre & Industries Ltd.,JKTYRE,NIFTY AUTO,Tyres & Allied,INE573A01042
71,Jamna Auto Industries Ltd.,JAMNAAUTO,NIFTY AUTO,Auto Ancillary,INE039C01032
71,Lumax Auto Technologies Ltd.,LUMAXTECH,NIFTY AUTO,Auto Ancillary,INE872H01027
72,MRF Ltd.,MRF,NIFTY AUTO,Tyres & Allied,INE883A01011
72,Mahindra & Mahindra Ltd.,M&M,NIFTY AUTO,Automobiles - Passenger Cars,INE101A01026
73,Maruti Suzuki India Ltd.,MARUTI,NIFTY AUTO,Automobiles - Passenger Cars,INE585B01010
73,Minda Corporation Ltd.,MINDACORP,NIFTY AUTO,Auto Ancillary,INE842C01021
74,Motherson Sumi Wiring India Ltd.,MSUMI,NIFTY AUTO,Steel & Iron Products,INE0FS801015
74,Ola Electric Mobility Ltd.,OLAELEC,NIFTY AUTO,Automobile Two & Three Wheelers,INE0LXG01040
75,Olectra Greentech Ltd.,OLECTRA,NIFTY AUTO,Automobiles-Trucks/Lcv,INE260D01016
75,Pricol Ltd.,PRICOLLTD,NIFTY AUTO,Auto Ancillary,INE726V01018
76,Ramkrishna Forgings Ltd.,RKFORGE,NIFTY AUTO,Forgings,INE399G01023
76,SKF India Ltd.,SKFINDIA,NIFTY AUTO,Bearings,INE640A01023
77,Samvardhana Motherson International Ltd.,MOTHERSON,NIFTY AUTO,Auto Ancillary,INE775A01035
77,Sansera Engineering Ltd.,SANSERA,NIFTY AUTO,Auto Ancillary,INE953O01021
78,Schaeffler India Ltd.,SCHAEFFLER,NIFTY AUTO,Bearings,INE513A01022
78,Shriram Pistons & Rings Ltd.,SHRIPISTON,NIFTY AUTO,Engineering - Industrial Equipments,INE526E01018
79,Sona BLW Precision Forgings Ltd.,SONACOMS,NIFTY AUTO,Auto Ancillary,INE073K01018
79,TVS Motor Company Ltd.,TVSMOTOR,NIFTY AUTO,Automobile Two & Three Wheelers,INE494B01023
80,Tata Motors Passenger Vehicles Ltd.,TMPV,NIFTY AUTO,Automobile Two & Three Wheelers,INE155A01022
80,Tenneco Clean Air India Ltd.,TENNIND,NIFTY AUTO,Auto Ancillary,INE19RI01016
81,Tube Investments of India Ltd.,TIINDIA,NIFTY AUTO,Auto Ancillary,INE974X01010
81,UNO Minda Ltd.,UNOMINDA,NIFTY AUTO,Auto Ancillary,INE405E01023
82,Varroc Engineering Ltd.,VARROC,NIFTY AUTO,Auto Ancillary,INE665L01035
82,ZF Commercial Vehicle Control Systems India Ltd.,ZFCVINDIA,NIFTY AUTO,Auto Ancillary,INE342J01019
83,Amara Raja Energy & Mobility Ltd.,ARE&M,NIFTY AUTO,Batteries,INE885A01032
83,Apollo Tyres Ltd.,APOLLOTYRE,NIFTY AUTO,Tyres & Allied,INE438A01022
84,Asahi India Glass Ltd.,ASAHIINDIA,NIFTY AUTO,Glass,INE439A01020
84,Ather Energy Ltd.,ATHERENERG,NIFTY AUTO,Automobile Two & Three Wheelers,INE0LEZ01016
85,Bajaj Auto Ltd.,BAJAJ-AUTO,NIFTY AUTO,Automobile Two & Three Wheelers,INE917I01010
85,Balkrishna Industries Ltd.,BALKRISIND,NIFTY AUTO,Tyres & Allied,INE787D01026
86,Belrise Industries Ltd.,BELRISE,NIFTY AUTO,Auto Ancillary,INE894V01022
86,Bharat Forge Ltd.,BHARATFORG,NIFTY AUTO,Forgings,INE465A01025
87,Bosch Ltd.,BOSCHLTD,NIFTY AUTO,Auto Ancillary,INE323A01026
87,Ceat Ltd.,CEATLTD,NIFTY AUTO,Tyres & Allied,INE482A01020
88,Craftsman Automation Ltd.,CRAFTSMAN,NIFTY AUTO,Auto Ancillary,INE00LO01017
88,Eicher Motors Ltd.,EICHERMOT,NIFTY AUTO,Automobile Two & Three Wheelers,INE066A01021
89,Endurance Technologies Ltd.,ENDURANCE,NIFTY AUTO,Auto Ancillary,INE913H01037
89,Exide Industries Ltd.,EXIDEIND,NIFTY AUTO,Batteries,INE302A01020
90,Force Motors Ltd.,FORCEMOT,NIFTY AUTO,Automobiles-Trucks/Lcv,INE451A01017
90,Gabriel India Ltd.,GABRIEL,NIFTY AUTO,Auto Ancillary,INE524A01029
91,Hero MotoCorp Ltd.,HEROMOTOCO,NIFTY AUTO,Automobile Two & Three Wheelers,INE158A01026
91,Hyundai Motor India Ltd.,HYUNDAI,NIFTY AUTO,Automobiles - Passenger Cars,INE0V6F01027
92,JBM Auto Ltd.,JBMA,NIFTY AUTO,Auto Ancillary,INE927D01051
92,JK Tyre & Industries Ltd.,JKTYRE,NIFTY AUTO,Tyres & Allied,INE573A01042
93,MRF Ltd.,MRF,NIFTY AUTO,Tyres & Allied,INE883A01011
93,Mahindra & Mahindra Ltd.,M&M,NIFTY AUTO,Automobiles - Passenger Cars,INE101A01026
94,Maruti Suzuki India Ltd.,MARUTI,NIFTY AUTO,Automobiles - Passenger Cars,INE585B01010
94,Minda Corporation Ltd.,MINDACORP,NIFTY AUTO,Auto Ancillary,INE842C01021
95,Motherson Sumi Wiring India Ltd.,MSUMI,NIFTY AUTO,Steel & Iron Products,INE0FS801015
95,Ola Electric Mobility Ltd.,OLAELEC,NIFTY AUTO,Automobile Two & Three Wheelers,INE0LXG01040
96,Olectra Greentech Ltd.,OLECTRA,NIFTY AUTO,Automobiles-Trucks/Lcv,INE260D01016
96,Ramkrishna Forgings Ltd.,RKFORGE,NIFTY AUTO,Forgings,INE399G01023
97,Samvardhana Motherson International Ltd.,MOTHERSON,NIFTY AUTO,Auto Ancillary,INE775A01035
97,Schaeffler India Ltd.,SCHAEFFLER,NIFTY AUTO,Bearings,INE513A01022
98,Sona BLW Precision Forgings Ltd.,SONACOMS,NIFTY AUTO,Auto Ancillary,INE073K01018
98,TVS Motor Company Ltd.,TVSMOTOR,NIFTY AUTO,Automobile Two & Three Wheelers,INE494B01023
99,Tata Motors Passenger Vehicles Ltd.,TMPV,NIFTY AUTO,Automobile Two & Three Wheelers,INE155A01022
99,Tenneco Clean Air India Ltd.,TENNIND,NIFTY AUTO,Auto Ancillary,INE19RI01016
100,Tube Investments of India Ltd.,TIINDIA,NIFTY AUTO,Auto Ancillary,INE974X01010
100,UNO Minda Ltd.,UNOMINDA,NIFTY AUTO,Auto Ancillary,INE405E01023
101,ZF Commercial Vehicle Control Systems India Ltd.,ZFCVINDIA,NIFTY AUTO,Auto Ancillary,INE342J01019
101,Apollo Tyres Ltd.,APOLLOTYRE,NIFTY AUTO,Tyres & Allied,INE438A01022
102,Bajaj Auto Ltd.,BAJAJ-AUTO,NIFTY AUTO,Automobile Two & Three Wheelers,INE917I01010
102,Balkrishna Industries Ltd.,BALKRISIND,NIFTY AUTO,Tyres & Allied,INE787D01026
103,Bharat Forge Ltd.,BHARATFORG,NIFTY AUTO,Forgings,INE465A01025
103,Bosch Ltd.,BOSCHLTD,NIFTY AUTO,Auto Ancillary,INE323A01026
104,Eicher Motors Ltd.,EICHERMOT,NIFTY AUTO,Automobile Two & Three Wheelers,INE066A01021
104,Endurance Technologies Ltd.,ENDURANCE,NIFTY AUTO,Auto Ancillary,INE913H01037
105,Exide Industries Ltd.,EXIDEIND,NIFTY AUTO,Batteries,INE302A01020
105,Hero MotoCorp Ltd.,HEROMOTOCO,NIFTY AUTO,Automobile Two & Three Wheelers,INE158A01026
106,Hyundai Motor India Ltd.,HYUNDAI,NIFTY AUTO,Automobiles - Passenger Cars,INE0V6F01027
106,MRF Ltd.,MRF,NIFTY AUTO,Tyres & Allied,INE883A01011
107,Mahindra & Mahindra Ltd.,M&M,NIFTY AUTO,Automobiles - Passenger Cars,INE101A01026
107,Maruti Suzuki India Ltd.,MARUTI,NIFTY AUTO,Automobiles - Passenger Cars,INE585B01010
108,Samvardhana Motherson International Ltd.,MOTHERSON,NIFTY AUTO,Auto Ancillary,INE775A01035
108,Schaeffler India Ltd.,SCHAEFFLER,NIFTY AUTO,Bearings,INE513A01022
109,TVS Motor Company Ltd.,TVSMOTOR,NIFTY AUTO,Automobile Two & Three Wheelers,INE494B01023
109,Tata Motors Passenger Vehicles Ltd.,TMPV,NIFTY AUTO,Automobile Two & Three Wheelers,INE155A01022
110,Tube Investments of India Ltd.,TIINDIA,NIFTY AUTO,Auto Ancillary,INE974X01010
110,UNO Minda Ltd.,UNOMINDA,NIFTY AUTO,Auto Ancillary,INE405E01023
111,Amara Raja Energy & Mobility Ltd.,ARE&M,NIFTY AUTO,Batteries,INE885A01032
111,Sona BLW Precision Forgings Ltd.,SONACOMS,NIFTY AUTO,Auto Ancillary,INE073K01018
112,Amara Raja Energy & Mobility Ltd.,ARE&M,NIFTY AUTO,Batteries,INE885A01032
112,Ather Energy Ltd.,ATHERENERG,NIFTY AUTO,Automobile Two & Three Wheelers,INE0LEZ01016
113,Force Motors Ltd.,FORCEMOT,NIFTY AUTO,Automobiles-Trucks/Lcv,INE451A01017
113,JBM Auto Ltd.,JBMA,NIFTY AUTO,Auto Ancillary,INE927D01051
114,Ola Electric Mobility Ltd.,OLAELEC,NIFTY AUTO,Automobile Two & Three Wheelers,INE0LXG01040
114,Sona BLW Precision Forgings Ltd.,SONACOMS,NIFTY AUTO,Auto Ancillary,INE073K01018
115,Tenneco Clean Air India Ltd.,TENNIND,NIFTY AUTO,Auto Ancillary,INE19RI01016
115,Amara Raja Energy & Mobility Ltd.,ARE&M,NIFTY AUTO,Batteries,INE885A01032
116,Asahi India Glass Ltd.,ASAHIINDIA,NIFTY AUTO,Glass,INE439A01020
116,Ather Energy Ltd.,ATHERENERG,NIFTY AUTO,Automobile Two & Three Wheelers,INE0LEZ01016
117,Belrise Industries Ltd.,BELRISE,NIFTY AUTO,Auto Ancillary,INE894V01022
117,Ceat Ltd.,CEATLTD,NIFTY AUTO,Tyres & Allied,INE482A01020
118,Craftsman Automation Ltd.,CRAFTSMAN,NIFTY AUTO,Auto Ancillary,INE00LO01017
118,Force Motors Ltd.,FORCEMOT,NIFTY AUTO,Automobiles-Trucks/Lcv,INE451A01017
119,Gabriel India Ltd.,GABRIEL,NIFTY AUTO,Auto Ancillary,INE524A01029
119,JBM Auto Ltd.,JBMA,NIFTY AUTO,Auto Ancillary,INE927D01051
120,JK Tyre & Industries Ltd.,JKTYRE,NIFTY AUTO,Tyres & Allied,INE573A01042
120,Minda Corporation Ltd.,MINDACORP,NIFTY AUTO,Auto Ancillary,INE842C01021
121,Motherson Sumi Wiring India Ltd.,MSUMI,NIFTY AUTO,Steel & Iron Products,INE0FS801015
121,Ola Electric Mobility Ltd.,OLAELEC,NIFTY AUTO,Automobile Two & Three Wheelers,INE0LXG01040
122,Olectra Greentech Ltd.,OLECTRA,NIFTY AUTO,Automobiles-Trucks/Lcv,INE260D01016
122,Ramkrishna Forgings Ltd.,RKFORGE,NIFTY AUTO,Forgings,INE399G01023
123,Sona BLW Precision Forgings Ltd.,SONACOMS,NIFTY AUTO,Auto Ancillary,INE073K01018
123,Tenneco Clean Air India Ltd.,TENNIND,NIFTY AUTO,Auto Ancillary,INE19RI01016
124,ZF Commercial Vehicle Control Systems India Ltd.,ZFCVINDIA,NIFTY AUTO,Auto Ancillary,INE342J01019
124,ASK Automotive Ltd.,ASKAUTOLTD,NIFTY AUTO,Auto Ancillary,INE491J01022
125,Amara Raja Energy & Mobility Ltd.,ARE&M,NIFTY AUTO,Batteries,INE885A01032
125,Asahi India Glass Ltd.,ASAHIINDIA,NIFTY AUTO,Glass,INE439A01020
126,Ather Energy Ltd.,ATHERENERG,NIFTY AUTO,Automobile Two & Three Wheelers,INE0LEZ01016
126,Banco Products (India) Ltd.,BANCOINDIA,NIFTY AUTO,Auto Ancillary,INE213C01025
127,Belrise Industries Ltd.,BELRISE,NIFTY AUTO,Auto Ancillary,INE894V01022
127,CIE Automotive India Ltd.,CIEINDIA,NIFTY AUTO,Auto Ancillary,INE536H01010
128,Ceat Ltd.,CEATLTD,NIFTY AUTO,Tyres & Allied,INE482A01020
128,Craftsman Automation Ltd.,CRAFTSMAN,NIFTY AUTO,Auto Ancillary,INE00LO01017
129,Fiem Industries Ltd,FIEMIND,NIFTY AUTO,Auto Ancillary,INE737H01014
129,Force Motors Ltd.,FORCEMOT,NIFTY AUTO,Automobiles-Trucks/Lcv,INE451A01017
130,Gabriel India Ltd.,GABRIEL,NIFTY AUTO,Auto Ancillary,INE524A01029
130,JBM Auto Ltd.,JBMA,NIFTY AUTO,Auto Ancillary,INE927D01051
131,JK Tyre & Industries Ltd.,JKTYRE,NIFTY AUTO,Tyres & Allied,INE573A01042
131,Jamna Auto Industries Ltd.,JAMNAAUTO,NIFTY AUTO,Auto Ancillary,INE039C01032
132,Lumax Auto Technologies Ltd.,LUMAXTECH,NIFTY AUTO,Auto Ancillary,INE872H01027
132,Minda Corporation Ltd.,MINDACORP,NIFTY AUTO,Auto Ancillary,INE842C01021
133,Motherson Sumi Wiring India Ltd.,MSUMI,NIFTY AUTO,Steel & Iron Products,INE0FS801015
133,Ola Electric Mobility Ltd.,OLAELEC,NIFTY AUTO,Automobile Two & Three Wheelers,INE0LXG01040
134,Olectra Greentech Ltd.,OLECTRA,NIFTY AUTO,Automobiles-Trucks/Lcv,INE260D01016
134,Pricol Ltd.,PRICOLLTD,NIFTY AUTO,Auto Ancillary,INE726V01018
135,Ramkrishna Forgings Ltd.,RKFORGE,NIFTY AUTO,Forgings,INE399G01023
135,SKF India Ltd.,SKFINDIA,NIFTY AUTO,Bearings,INE640A01023
136,Sansera Engineering Ltd.,SANSERA,NIFTY AUTO,Auto Ancillary,INE953O01021
136,Shriram Pistons & Rings Ltd.,SHRIPISTON,NIFTY AUTO,Engineering - Industrial Equipments,INE526E01018
137,Sona BLW Precision Forgings Ltd.,SONACOMS,NIFTY AUTO,Auto Ancillary,INE073K01018
137,Sundram Fasteners Ltd.,SUNDRMFAST,NIFTY AUTO,Auto Ancillary,INE387A01021
138,Tenneco Clean Air India Ltd.,TENNIND,NIFTY AUTO,Auto Ancillary,INE19RI01016
138,Varroc Engineering Ltd.,VARROC,NIFTY AUTO,Auto Ancillary,INE665L01035
139,ZF Commercial Vehicle Control Systems India Ltd.,ZFCVINDIA,NIFTY AUTO,Auto Ancillary,INE342J01019
139,Bharat Forge Ltd.,BHARATFORG,NIFTY AUTO,Forgings,INE465A01025
140,Hero MotoCorp Ltd.,HEROMOTOCO,NIFTY AUTO,Automobile Two & Three Wheelers,INE158A01026
140,Axis Bank Ltd.,AXISBANK,NIFTY FIN NXT 50,,INE238A01034
141,BSE Ltd.,BSE,NIFTY FIN NXT 50,,INE118H01025
141,Bajaj Finance Ltd.,BAJFINANCE,NIFTY FIN NXT 50,,INE296A01032
142,Bajaj Finserv Ltd.,BAJAJFINSV,NIFTY FIN NXT 50,,INE918I01026
142,Cholamandalam Investment and Finance Company Ltd.,CHOLAFIN,NIFTY FIN NXT 50,,INE121A01024
143,HDFC Bank Ltd.,HDFCBANK,NIFTY FIN NXT 50,,INE040A01034
143,HDFC Life Insurance Company Ltd.,HDFCLIFE,NIFTY FIN NXT 50,,INE795G01014
144,ICICI Bank Ltd.,ICICIBANK,NIFTY FIN NXT 50,,INE090A01021
144,ICICI Lombard General Insurance Company Ltd.,ICICIGI,NIFTY FIN NXT 50,,INE765G01017
145,Jio Financial Services Ltd.,JIOFIN,NIFTY FIN NXT 50,,INE758E01017
145,Kotak Mahindra Bank Ltd.,KOTAKBANK,NIFTY FIN NXT 50,,INE237A01036
146,LIC Housing Finance Ltd.,LICHSGFIN,NIFTY FIN NXT 50,,INE115A01026
146,Max Financial Services Ltd.,MFSL,NIFTY FIN NXT 50,,INE180A01020
147,Muthoot Finance Ltd.,MUTHOOTFIN,NIFTY FIN NXT 50,,INE414G01012
147,Power Finance Corporation Ltd.,PFC,NIFTY FIN NXT 50,,INE134E01011
148,REC Ltd.,RECLTD,NIFTY FIN NXT 50,,INE020B01018
148,SBI Cards and Payment Services Ltd.,SBICARD,NIFTY FIN NXT 50,,INE018E01016
149,SBI Life Insurance Company Ltd.,SBILIFE,NIFTY FIN NXT 50,,INE123W01016
149,Shriram Finance Ltd.,SHRIRAMFIN,NIFTY FIN NXT 50,,INE721A01047
150,State Bank of India,SBIN,NIFTY FIN NXT 50,,INE062A01020
150,Aditya Birla Real Estate Ltd.,ABREL,NIFTY REALTY,,INE055A01016
151,Anant Raj Ltd.,ANANTRAJ,NIFTY REALTY,,INE242C01024
151,Brigade Enterprises Ltd.,BRIGADE,NIFTY REALTY,,INE791I01019
152,DLF Ltd.,DLF,NIFTY REALTY,,INE271C01023
152,Godrej Properties Ltd.,GODREJPROP,NIFTY REALTY,,INE484J01027
153,Lodha Developers Ltd.,LODHA,NIFTY REALTY,,INE670K01029
153,Oberoi Realty Ltd.,OBEROIRLTY,NIFTY REALTY,,INE093I01010
154,Phoenix Mills Ltd.,PHOENIXLTD,NIFTY REALTY,,INE211B01039
154,Prestige Estates Projects Ltd.,PRESTIGE,NIFTY REALTY,,INE811K01011
155,Sobha Ltd.,SOBHA,NIFTY REALTY,,INE671H01015
155,Bank of Baroda,BANKBARODA,NIFTY PSU BANK,,INE028A01039
156,Bank of India,BANKINDIA,NIFTY PSU BANK,,INE084A01016
156,Bank of Maharashtra,MAHABANK,NIFTY PSU BANK,,INE457A01014
157,Canara Bank,CANBK,NIFTY PSU BANK,,INE476A01022
157,Central Bank of India,CENTRALBK,NIFTY PSU BANK,,INE483A01010
158,Indian Bank,INDIANB,NIFTY PSU BANK,,INE562A01011
158,Indian Overseas Bank,IOB,NIFTY PSU BANK,,INE565A01014
159,Punjab & Sind Bank,PSB,NIFTY PSU BANK,,INE608A01012
159,Punjab National Bank,PNB,NIFTY PSU BANK,,INE160A01022
160,State Bank of India,SBIN,NIFTY PSU BANK,,INE062A01020
160,UCO Bank,UCOBANK,NIFTY PSU BANK,,INE691A01018
161,Union Bank of India,UNIONBANK,NIFTY PSU BANK,,INE692A01016
161,AU Small Finance Bank Ltd.,AUBANK,NIFTY BANK,,INE949L01017
162,Axis Bank Ltd.,AXISBANK,NIFTY BANK,,INE238A01034
162,Bank of Baroda,BANKBARODA,NIFTY BANK,,INE028A01039
163,Canara Bank,CANBK,NIFTY BANK,,INE476A01022
163,Federal Bank Ltd.,FEDERALBNK,NIFTY BANK,,INE171A01029
164,HDFC Bank Ltd.,HDFCBANK,NIFTY BANK,,INE040A01034
164,ICICI Bank Ltd.,ICICIBANK,NIFTY BANK,,INE090A01021
165,IDFC First Bank Ltd.,IDFCFIRSTB,NIFTY BANK,,INE092T01019
165,IndusInd Bank Ltd.,INDUSINDBK,NIFTY BANK,,INE095A01012
166,Kotak Mahindra Bank Ltd.,KOTAKBANK,NIFTY BANK,,INE237A01036
166,Punjab National Bank,PNB,NIFTY BANK,,INE160A01022
167,State Bank of India,SBIN,NIFTY BANK,,INE062A01020
167,Union Bank of India,UNIONBANK,NIFTY BANK,,INE692A01016
168,Yes Bank Ltd.,YESBANK,NIFTY BANK,,INE528G01035
168,Axis Bank Ltd.,AXISBANK,NIFTY PVT BANK,,INE238A01034
169,Bandhan Bank Ltd.,BANDHANBNK,NIFTY PVT BANK,,INE545U01014
169,Federal Bank Ltd.,FEDERALBNK,NIFTY PVT BANK,,INE171A01029
170,HDFC Bank Ltd.,HDFCBANK,NIFTY PVT BANK,,INE040A01034
170,ICICI Bank Ltd.,ICICIBANK,NIFTY PVT BANK,,INE090A01021
171,IDFC First Bank Ltd.,IDFCFIRSTB,NIFTY PVT BANK,,INE092T01019
171,IndusInd Bank Ltd.,INDUSINDBK,NIFTY PVT BANK,,INE095A01012
172,Kotak Mahindra Bank Ltd.,KOTAKBANK,NIFTY PVT BANK,,INE237A01036
172,RBL Bank Ltd.,RBLBANK,NIFTY PVT BANK,,INE976G01028
173,Yes Bank Ltd.,YESBANK,NIFTY PVT BANK,,INE528G01035
173,PVR INOX Ltd.,PVRINOX,NIFTY MEDIA,"Film Production, Distribution & Entertainment",INE191H01014
174,Saregama India Ltd,SAREGAMA,NIFTY MEDIA,"Film Production, Distribution & Entertainment",INE979A01025
174,Sun TV Network Ltd.,SUNTV,NIFTY MEDIA,TV Broadcasting & Software Production,INE424H01027
175,Zee Entertainment Enterprises Ltd.,ZEEL,NIFTY MEDIA,TV Broadcasting & Software Production,INE256A01028
175,PVR INOX Ltd.,PVRINOX,NIFTY MEDIA,"Film Production, Distribution & Entertainment",INE191H01014
176,Saregama India Ltd,SAREGAMA,NIFTY MEDIA,"Film Production, Distribution & Entertainment",INE979A01025
176,Sun TV Network Ltd.,SUNTV,NIFTY MEDIA,TV Broadcasting & Software Production,INE424H01027
177,Zee Entertainment Enterprises Ltd.,ZEEL,NIFTY MEDIA,TV Broadcasting & Software Production,INE256A01028
177,Nazara Technologies Ltd.,NAZARA,NIFTY MEDIA,IT - Software,INE418L01047
178,Network18 Media & Investments Ltd.,NETWORK18,NIFTY MEDIA,TV Broadcasting & Software Production,INE870H01013
178,PVR INOX Ltd.,PVRINOX,NIFTY MEDIA,"Film Production, Distribution & Entertainment",INE191H01014
179,Prime Focus Ltd,PFOCUS,NIFTY MEDIA,"Film Production, Distribution & Entertainment",INE367G01038
179,Saregama India Ltd,SAREGAMA,NIFTY MEDIA,"Film Production, Distribution & Entertainment",INE979A01025
180,Sun TV Network Ltd.,SUNTV,NIFTY MEDIA,TV Broadcasting & Software Production,INE424H01027
180,Tips Music Ltd.,TIPSMUSIC,NIFTY MEDIA,"Film Production, Distribution & Entertainment",INE716B01029
181,Zee Entertainment Enterprises Ltd.,ZEEL,NIFTY MEDIA,TV Broadcasting & Software Production,INE256A01028
181,PVR INOX Ltd.,PVRINOX,NIFTY MEDIA,"Film Production, Distribution & Entertainment",INE191H01014
182,Saregama India Ltd,SAREGAMA,NIFTY MEDIA,"Film Production, Distribution & Entertainment",INE979A01025
182,Sun TV Network Ltd.,SUNTV,NIFTY MEDIA,TV Broadcasting & Software Production,INE424H01027
183,Zee Entertainment Enterprises Ltd.,ZEEL,NIFTY MEDIA,TV Broadcasting & Software Production,INE256A01028
183,PVR INOX Ltd.,PVRINOX,NIFTY MEDIA,"Film Production, Distribution & Entertainment",INE191H01014
184,Saregama India Ltd,SAREGAMA,NIFTY MEDIA,"Film Production, Distribution & Entertainment",INE979A01025
184,Sun TV Network Ltd.,SUNTV,NIFTY MEDIA,TV Broadcasting & Software Production,INE424H01027
185,Zee Entertainment Enterprises Ltd.,ZEEL,NIFTY MEDIA,TV Broadcasting & Software Production,INE256A01028
185,Nazara Technologies Ltd.,NAZARA,NIFTY MEDIA,IT - Software,INE418L01047
186,Network18 Media & Investments Ltd.,NETWORK18,NIFTY MEDIA,TV Broadcasting & Software Production,INE870H01013
186,PVR INOX Ltd.,PVRINOX,NIFTY MEDIA,"Film Production, Distribution & Entertainment",INE191H01014
187,Prime Focus Ltd,PFOCUS,NIFTY MEDIA,"Film Production, Distribution & Entertainment",INE367G01038
187,Saregama India Ltd,SAREGAMA,NIFTY MEDIA,"Film Production, Distribution & Entertainment",INE979A01025
188,Sun TV Network Ltd.,SUNTV,NIFTY MEDIA,TV Broadcasting & Software Production,INE424H01027
188,Tips Music Ltd.,TIPSMUSIC,NIFTY MEDIA,"Film Production, Distribution & Entertainment",INE716B01029
189,Zee Entertainment Enterprises Ltd.,ZEEL,NIFTY MEDIA,TV Broadcasting & Software Production,INE256A01028
189,Asian Paints Ltd.,ASIANPAINT,NIFTY CONSUMER DUR,Paints,INE021A01026
190,Titan Company Ltd.,TITAN,NIFTY CONSUMER DUR,Diamond  &  Jewellery,INE280A01028
190,Asian Paints Ltd.,ASIANPAINT,NIFTY CONSUMER DUR,Paints,INE021A01026
191,Titan Company Ltd.,TITAN,NIFTY CONSUMER DUR,Diamond  &  Jewellery,INE280A01028
191,Asian Paints Ltd.,ASIANPAINT,NIFTY CONSUMER DUR,Paints,INE021A01026
192,Blue Star Ltd.,BLUESTARCO,NIFTY CONSUMER DUR,Air Conditioners,INE472A01039
192,Dixon Technologies (India) Ltd.,DIXON,NIFTY CONSUMER DUR,Consumer Durables - Electronics,INE935N01020
193,Havells India Ltd.,HAVELLS,NIFTY CONSUMER DUR,Electric Equipment,INE176B01034
193,Kalyan Jewellers India Ltd.,KALYANKJIL,NIFTY CONSUMER DUR,Diamond  &  Jewellery,INE303R01014
194,LG Electronics India Ltd.,LGEINDIA,NIFTY CONSUMER DUR,Consumer Durables - Domestic Appliances,INE324D01010
194,Titan Company Ltd.,TITAN,NIFTY CONSUMER DUR,Diamond  &  Jewellery,INE280A01028
195,Voltas Ltd.,VOLTAS,NIFTY CONSUMER DUR,Air Conditioners,INE226A01021
195,Akzo Nobel India Ltd.,AKZOINDIA,NIFTY CONSUMER DUR,Paints,INE133A01011
196,Amber Enterprises India Ltd.,AMBER,NIFTY CONSUMER DUR,Air Conditioners,INE371P01015
196,Asian Paints Ltd.,ASIANPAINT,NIFTY CONSUMER DUR,Paints,INE021A01026
197,Bata India Ltd.,BATAINDIA,NIFTY CONSUMER DUR,Footwear,INE176A01028
197,Berger Paints India Ltd.,BERGEPAINT,NIFTY CONSUMER DUR,Paints,INE463A01038
198,Blue Star Ltd.,BLUESTARCO,NIFTY CONSUMER DUR,Air Conditioners,INE472A01039
198,Crompton Greaves Consumer Electricals Ltd.,CROMPTON,NIFTY CONSUMER DUR,Consumer Durables - Domestic Appliances,INE299U01018
199,Dixon Technologies (India) Ltd.,DIXON,NIFTY CONSUMER DUR,Consumer Durables - Electronics,INE935N01020
199,Havells India Ltd.,HAVELLS,NIFTY CONSUMER DUR,Electric Equipment,INE176B01034
200,Kajaria Ceramics Ltd.,KAJARIACER,NIFTY CONSUMER DUR,Ceramics/Marble/Granite/Sanitaryware,INE217B01036
200,Kalyan Jewellers India Ltd.,KALYANKJIL,NIFTY CONSUMER DUR,Diamond  &  Jewellery,INE303R01014
201,LG Electronics India Ltd.,LGEINDIA,NIFTY CONSUMER DUR,Consumer Durables - Domestic Appliances,INE324D01010
201,PG Electroplast Ltd.,PGEL,NIFTY CONSUMER DUR,Consumer Durables - Domestic Appliances,INE457L01029
202,Titan Company Ltd.,TITAN,NIFTY CONSUMER DUR,Diamond  &  Jewellery,INE280A01028
202,Voltas Ltd.,VOLTAS,NIFTY CONSUMER DUR,Air Conditioners,INE226A01021
203,Whirlpool of India Ltd.,WHIRLPOOL,NIFTY CONSUMER DUR,Consumer Durables - Domestic Appliances,INE716A01013
203,Dixon Technologies (India) Ltd.,DIXON,NIFTY CONSUMER DUR,Consumer Durables - Electronics,INE935N01020
204,Havells India Ltd.,HAVELLS,NIFTY CONSUMER DUR,Electric Equipment,INE176B01034
204,Blue Star Ltd.,BLUESTARCO,NIFTY CONSUMER DUR,Air Conditioners,INE472A01039
205,Dixon Technologies (India) Ltd.,DIXON,NIFTY CONSUMER DUR,Consumer Durables - Electronics,INE935N01020
205,Havells India Ltd.,HAVELLS,NIFTY CONSUMER DUR,Electric Equipment,INE176B01034
206,Kalyan Jewellers India Ltd.,KALYANKJIL,NIFTY CONSUMER DUR,Diamond  &  Jewellery,INE303R01014
206,LG Electronics India Ltd.,LGEINDIA,NIFTY CONSUMER DUR,Consumer Durables - Domestic Appliances,INE324D01010
207,Voltas Ltd.,VOLTAS,NIFTY CONSUMER DUR,Air Conditioners,INE226A01021
207,Berger Paints India Ltd.,BERGEPAINT,NIFTY CONSUMER DUR,Paints,INE463A01038
208,Blue Star Ltd.,BLUESTARCO,NIFTY CONSUMER DUR,Air Conditioners,INE472A01039
208,Dixon Technologies (India) Ltd.,DIXON,NIFTY CONSUMER DUR,Consumer Durables - Electronics,INE935N01020
209,Havells India Ltd.,HAVELLS,NIFTY CONSUMER DUR,Electric Equipment,INE176B01034
209,Kalyan Jewellers India Ltd.,KALYANKJIL,NIFTY CONSUMER DUR,Diamond  &  Jewellery,INE303R01014
210,LG Electronics India Ltd.,LGEINDIA,NIFTY CONSUMER DUR,Consumer Durables - Domestic Appliances,INE324D01010
210,Voltas Ltd.,VOLTAS,NIFTY CONSUMER DUR,Air Conditioners,INE226A01021
211,Akzo Nobel India Ltd.,AKZOINDIA,NIFTY CONSUMER DUR,Paints,INE133A01011
211,Amber Enterprises India Ltd.,AMBER,NIFTY CONSUMER DUR,Air Conditioners,INE371P01015
212,Bata India Ltd.,BATAINDIA,NIFTY CONSUMER DUR,Footwear,INE176A01028
212,Berger Paints India Ltd.,BERGEPAINT,NIFTY CONSUMER DUR,Paints,INE463A01038
213,Blue Star Ltd.,BLUESTARCO,NIFTY CONSUMER DUR,Air Conditioners,INE472A01039
213,Crompton Greaves Consumer Electricals Ltd.,CROMPTON,NIFTY CONSUMER DUR,Consumer Durables - Domestic Appliances,INE299U01018
214,Dixon Technologies (India) Ltd.,DIXON,NIFTY CONSUMER DUR,Consumer Durables - Electronics,INE935N01020
214,Havells India Ltd.,HAVELLS,NIFTY CONSUMER DUR,Electric Equipment,INE176B01034
215,Kajaria Ceramics Ltd.,KAJARIACER,NIFTY CONSUMER DUR,Ceramics/Marble/Granite/Sanitaryware,INE217B01036
215,Kalyan Jewellers India Ltd.,KALYANKJIL,NIFTY CONSUMER DUR,Diamond  &  Jewellery,INE303R01014
216,LG Electronics India Ltd.,LGEINDIA,NIFTY CONSUMER DUR,Consumer Durables - Domestic Appliances,INE324D01010
216,PG Electroplast Ltd.,PGEL,NIFTY CONSUMER DUR,Consumer Durables - Domestic Appliances,INE457L01029
217,Voltas Ltd.,VOLTAS,NIFTY CONSUMER DUR,Air Conditioners,INE226A01021
217,Whirlpool of India Ltd.,WHIRLPOOL,NIFTY CONSUMER DUR,Consumer Durables - Domestic Appliances,INE716A01013
218,Akzo Nobel India Ltd.,AKZOINDIA,NIFTY CONSUMER DUR,Paints,INE133A01011
218,Amber Enterprises India Ltd.,AMBER,NIFTY CONSUMER DUR,Air Conditioners,INE371P01015
219,Asian Paints Ltd.,ASIANPAINT,NIFTY CONSUMER DUR,Paints,INE021A01026
219,Bajaj Electricals Ltd,BAJAJELEC,NIFTY CONSUMER DUR,Consumer Durables - Domestic Appliances,INE193E01025
220,Bata India Ltd.,BATAINDIA,NIFTY CONSUMER DUR,Footwear,INE176A01028
220,Berger Paints India Ltd.,BERGEPAINT,NIFTY CONSUMER DUR,Paints,INE463A01038
221,Blue Star Ltd.,BLUESTARCO,NIFTY CONSUMER DUR,Air Conditioners,INE472A01039
221,BlueStone Jewellery and Lifestyle Ltd.,BLUESTONE,NIFTY CONSUMER DUR,Diamond  &  Jewellery,INE304W01038
222,Campus Activewear Ltd.,CAMPUS,NIFTY CONSUMER DUR,Footwear,INE278Y01022
222,Cello World Ltd.,CELLO,NIFTY CONSUMER DUR,Trading,INE0LMW01024
223,Century Plyboards (India) Ltd.,CENTURYPLY,NIFTY CONSUMER DUR,Wood & Wood Products,INE348B01021
223,Cera Sanitaryware Ltd,CERA,NIFTY CONSUMER DUR,Ceramics/Marble/Granite/Sanitaryware,INE739E01017
224,Crompton Greaves Consumer Electricals Ltd.,CROMPTON,NIFTY CONSUMER DUR,Consumer Durables - Domestic Appliances,INE299U01018
224,Dixon Technologies (India) Ltd.,DIXON,NIFTY CONSUMER DUR,Consumer Durables - Electronics,INE935N01020
225,Ethos Ltd.,ETHOSLTD,NIFTY CONSUMER DUR,Retailing,INE04TZ01018
225,Eureka Forbes Ltd.,EUREKAFORB,NIFTY CONSUMER DUR,Consumer Durables - Domestic Appliances,INE0KCE01017
226,Havells India Ltd.,HAVELLS,NIFTY CONSUMER DUR,Electric Equipment,INE176B01034
226,IFB Industries Ltd.,IFBIND,NIFTY CONSUMER DUR,Consumer Durables - Electronics,INE559A01017
227,Indigo Paints Ltd.,INDIGOPNTS,NIFTY CONSUMER DUR,Paints,INE09VQ01012
227,Kajaria Ceramics Ltd.,KAJARIACER,NIFTY CONSUMER DUR,Ceramics/Marble/Granite/Sanitaryware,INE217B01036
228,Kalyan Jewellers India Ltd.,KALYANKJIL,NIFTY CONSUMER DUR,Diamond  &  Jewellery,INE303R01014
228,Kansai Nerolac Paints Ltd.,KANSAINER,NIFTY CONSUMER DUR,Paints,INE531A01024
229,LG Electronics India Ltd.,LGEINDIA,NIFTY CONSUMER DUR,Consumer Durables - Domestic Appliances,INE324D01010
229,P N Gadgil Jewellers Ltd.,PNGJL,NIFTY CONSUMER DUR,Diamond  &  Jewellery,INE953R01016
230,PC Jeweller Ltd.,PCJEWELLER,NIFTY CONSUMER DUR,Diamond  &  Jewellery,INE785M01021
230,PG Electroplast Ltd.,PGEL,NIFTY CONSUMER DUR,Consumer Durables - Domestic Appliances,INE457L01029
231,Redtape Ltd.,REDTAPE,NIFTY CONSUMER DUR,Footwear,INE0LXT01019
231,Relaxo Footwears Ltd.,RELAXO,NIFTY CONSUMER DUR,Footwear,INE131B01039
232,SKY GOLD AND DIAMONDS Ltd.,SKYGOLD,NIFTY CONSUMER DUR,Diamond  &  Jewellery,INE01IU01018
232,Safari Industries (India) Ltd.,SAFARI,NIFTY CONSUMER DUR,Household & Personal Products,INE429E01023
233,Senco Gold Ltd.,SENCO,NIFTY CONSUMER DUR,Diamond  &  Jewellery,INE602W01027
233,Shaily Engineering Plastics Ltd.,SHAILY,NIFTY CONSUMER DUR,Plastic Products,INE151G01028
234,Sheela Foam Ltd.,SFL,NIFTY CONSUMER DUR,Household & Personal Products,INE916U01025
234,Thangamayil Jewellery Ltd.,THANGAMAYL,NIFTY CONSUMER DUR,Diamond  &  Jewellery,INE085J01014
235,Titan Company Ltd.,TITAN,NIFTY CONSUMER DUR,Diamond  &  Jewellery,INE280A01028
235,V-Guard Industries Ltd.,VGUARD,NIFTY CONSUMER DUR,Electric Equipment,INE951I01027
236,V.I.P. Industries Ltd.,VIPIND,NIFTY CONSUMER DUR,Household & Personal Products,INE054A01027
236,Vaibhav Global Ltd.,VAIBHAVGBL,NIFTY CONSUMER DUR,Retailing,INE884A01027
237,Voltas Ltd.,VOLTAS,NIFTY CONSUMER DUR,Air Conditioners,INE226A01021
237,Wakefit Innovations Ltd.,WAKEFIT,NIFTY CONSUMER DUR,Household & Personal Products,INE0E7301029
238,Whirlpool of India Ltd.,WHIRLPOOL,NIFTY CONSUMER DUR,Consumer Durables - Domestic Appliances,INE716A01013
238,Akzo Nobel India Ltd.,AKZOINDIA,NIFTY CONSUMER DUR,Paints,INE133A01011
239,Amber Enterprises India Ltd.,AMBER,NIFTY CONSUMER DUR,Air Conditioners,INE371P01015
239,Asian Paints Ltd.,ASIANPAINT,NIFTY CONSUMER DUR,Paints,INE021A01026
240,Bata India Ltd.,BATAINDIA,NIFTY CONSUMER DUR,Footwear,INE176A01028
240,Berger Paints India Ltd.,BERGEPAINT,NIFTY CONSUMER DUR,Paints,INE463A01038
241,Blue Star Ltd.,BLUESTARCO,NIFTY CONSUMER DUR,Air Conditioners,INE472A01039
241,Crompton Greaves Consumer Electricals Ltd.,CROMPTON,NIFTY CONSUMER DUR,Consumer Durables - Domestic Appliances,INE299U01018
242,Dixon Technologies (India) Ltd.,DIXON,NIFTY CONSUMER DUR,Consumer Durables - Electronics,INE935N01020
242,Havells India Ltd.,HAVELLS,NIFTY CONSUMER DUR,Electric Equipment,INE176B01034
243,Kajaria Ceramics Ltd.,KAJARIACER,NIFTY CONSUMER DUR,Ceramics/Marble/Granite/Sanitaryware,INE217B01036
243,Kalyan Jewellers India Ltd.,KALYANKJIL,NIFTY CONSUMER DUR,Diamond  &  Jewellery,INE303R01014
244,LG Electronics India Ltd.,LGEINDIA,NIFTY CONSUMER DUR,Consumer Durables - Domestic Appliances,INE324D01010
244,PG Electroplast Ltd.,PGEL,NIFTY CONSUMER DUR,Consumer Durables - Domestic Appliances,INE457L01029
245,Titan Company Ltd.,TITAN,NIFTY CONSUMER DUR,Diamond  &  Jewellery,INE280A01028
245,Voltas Ltd.,VOLTAS,NIFTY CONSUMER DUR,Air Conditioners,INE226A01021
246,Whirlpool of India Ltd.,WHIRLPOOL,NIFTY CONSUMER DUR,Consumer Durables - Domestic Appliances,INE716A01013
246,Asian Paints Ltd.,ASIANPAINT,NIFTY CONSUMER DUR,Paints,INE021A01026
247,Berger Paints India Ltd.,BERGEPAINT,NIFTY CONSUMER DUR,Paints,INE463A01038
247,Blue Star Ltd.,BLUESTARCO,NIFTY CONSUMER DUR,Air Conditioners,INE472A01039
248,Dixon Technologies (India) Ltd.,DIXON,NIFTY CONSUMER DUR,Consumer Durables - Electronics,INE935N01020
248,Havells India Ltd.,HAVELLS,NIFTY CONSUMER DUR,Electric Equipment,INE176B01034
249,Kalyan Jewellers India Ltd.,KALYANKJIL,NIFTY CONSUMER DUR,Diamond  &  Jewellery,INE303R01014
249,LG Electronics India Ltd.,LGEINDIA,NIFTY CONSUMER DUR,Consumer Durables - Domestic Appliances,INE324D01010
250,Titan Company Ltd.,TITAN,NIFTY CONSUMER DUR,Diamond  &  Jewellery,INE280A01028
250,Voltas Ltd.,VOLTAS,NIFTY CONSUMER DUR,Air Conditioners,INE226A01021
251,Amber Enterprises India Ltd.,AMBER,NIFTY CONSUMER DUR,Air Conditioners,INE371P01015
251,Crompton Greaves Consumer Electricals Ltd.,CROMPTON,NIFTY CONSUMER DUR,Consumer Durables - Domestic Appliances,INE299U01018
252,PG Electroplast Ltd.,PGEL,NIFTY CONSUMER DUR,Consumer Durables - Domestic Appliances,INE457L01029
252,Amber Enterprises India Ltd.,AMBER,NIFTY CONSUMER DUR,Air Conditioners,INE371P01015
253,Crompton Greaves Consumer Electricals Ltd.,CROMPTON,NIFTY CONSUMER DUR,Consumer Durables - Domestic Appliances,INE299U01018
253,PG Electroplast Ltd.,PGEL,NIFTY CONSUMER DUR,Consumer Durables - Domestic Appliances,INE457L01029
254,Whirlpool of India Ltd.,WHIRLPOOL,NIFTY CONSUMER DUR,Consumer Durables - Domestic Appliances,INE716A01013
254,Akzo Nobel India Ltd.,AKZOINDIA,NIFTY CONSUMER DUR,Paints,INE133A01011
255,Amber Enterprises India Ltd.,AMBER,NIFTY CONSUMER DUR,Air Conditioners,INE371P01015
255,Bata India Ltd.,BATAINDIA,NIFTY CONSUMER DUR,Footwear,INE176A01028
256,Crompton Greaves Consumer Electricals Ltd.,CROMPTON,NIFTY CONSUMER DUR,Consumer Durables - Domestic Appliances,INE299U01018
256,Kajaria Ceramics Ltd.,KAJARIACER,NIFTY CONSUMER DUR,Ceramics/Marble/Granite/Sanitaryware,INE217B01036
257,PG Electroplast Ltd.,PGEL,NIFTY CONSUMER DUR,Consumer Durables - Domestic Appliances,INE457L01029
257,Whirlpool of India Ltd.,WHIRLPOOL,NIFTY CONSUMER DUR,Consumer Durables - Domestic Appliances,INE716A01013
258,Akzo Nobel India Ltd.,AKZOINDIA,NIFTY CONSUMER DUR,Paints,INE133A01011
258,Amber Enterprises India Ltd.,AMBER,NIFTY CONSUMER DUR,Air Conditioners,INE371P01015
259,Bajaj Electricals Ltd,BAJAJELEC,NIFTY CONSUMER DUR,Consumer Durables - Domestic Appliances,INE193E01025
259,Bata India Ltd.,BATAINDIA,NIFTY CONSUMER DUR,Footwear,INE176A01028
260,BlueStone Jewellery and Lifestyle Ltd.,BLUESTONE,NIFTY CONSUMER DUR,Diamond  &  Jewellery,INE304W01038
260,Campus Activewear Ltd.,CAMPUS,NIFTY CONSUMER DUR,Footwear,INE278Y01022
261,Cello World Ltd.,CELLO,NIFTY CONSUMER DUR,Trading,INE0LMW01024
261,Century Plyboards (India) Ltd.,CENTURYPLY,NIFTY CONSUMER DUR,Wood & Wood Products,INE348B01021
262,Cera Sanitaryware Ltd,CERA,NIFTY CONSUMER DUR,Ceramics/Marble/Granite/Sanitaryware,INE739E01017
262,Crompton Greaves Consumer Electricals Ltd.,CROMPTON,NIFTY CONSUMER DUR,Consumer Durables - Domestic Appliances,INE299U01018
263,Ethos Ltd.,ETHOSLTD,NIFTY CONSUMER DUR,Retailing,INE04TZ01018
263,Eureka Forbes Ltd.,EUREKAFORB,NIFTY CONSUMER DUR,Consumer Durables - Domestic Appliances,INE0KCE01017
264,IFB Industries Ltd.,IFBIND,NIFTY CONSUMER DUR,Consumer Durables - Electronics,INE559A01017
264,Indigo Paints Ltd.,INDIGOPNTS,NIFTY CONSUMER DUR,Paints,INE09VQ01012
265,Kajaria Ceramics Ltd.,KAJARIACER,NIFTY CONSUMER DUR,Ceramics/Marble/Granite/Sanitaryware,INE217B01036
265,Kansai Nerolac Paints Ltd.,KANSAINER,NIFTY CONSUMER DUR,Paints,INE531A01024
266,Metro Brands Ltd.,METROBRAND,NIFTY CONSUMER DUR,Footwear,INE317I01021
266,P N Gadgil Jewellers Ltd.,PNGJL,NIFTY CONSUMER DUR,Diamond  &  Jewellery,INE953R01016
267,PC Jeweller Ltd.,PCJEWELLER,NIFTY CONSUMER DUR,Diamond  &  Jewellery,INE785M01021
267,PG Electroplast Ltd.,PGEL,NIFTY CONSUMER DUR,Consumer Durables - Domestic Appliances,INE457L01029
268,Redtape Ltd.,REDTAPE,NIFTY CONSUMER DUR,Footwear,INE0LXT01019
268,Relaxo Footwears Ltd.,RELAXO,NIFTY CONSUMER DUR,Footwear,INE131B01039
269,Safari Industries (India) Ltd.,SAFARI,NIFTY CONSUMER DUR,Household & Personal Products,INE429E01023
269,Senco Gold Ltd.,SENCO,NIFTY CONSUMER DUR,Diamond  &  Jewellery,INE602W01027
270,Shaily Engineering Plastics Ltd.,SHAILY,NIFTY CONSUMER DUR,Plastic Products,INE151G01028
270,Sheela Foam Ltd.,SFL,NIFTY CONSUMER DUR,Household & Personal Products,INE916U01025
271,Thangamayil Jewellery Ltd.,THANGAMAYL,NIFTY CONSUMER DUR,Diamond  &  Jewellery,INE085J01014
271,V-Guard Industries Ltd.,VGUARD,NIFTY CONSUMER DUR,Electric Equipment,INE951I01027
272,V.I.P. Industries Ltd.,VIPIND,NIFTY CONSUMER DUR,Household & Personal Products,INE054A01027
272,Vaibhav Global Ltd.,VAIBHAVGBL,NIFTY CONSUMER DUR,Retailing,INE884A01027
273,Wakefit Innovations Ltd.,WAKEFIT,NIFTY CONSUMER DUR,Household & Personal Products,INE0E7301029
273,Whirlpool of India Ltd.,WHIRLPOOL,NIFTY CONSUMER DUR,Consumer Durables - Domestic Appliances,INE716A01013
274,Dixon Technologies (India) Ltd.,DIXON,NIFTY CONSUMER DUR,Consumer Durables - Electronics,INE935N01020
274,360 ONE WAM Ltd.,360ONE,NIFT MIDSMALL FINANCIAL SERVICE,,INE466L01038
275,AU Small Finance Bank Ltd.,AUBANK,NIFT MIDSMALL FINANCIAL SERVICE,,INE949L01017
275,Aditya Birla Capital Ltd.,ABCAPITAL,NIFT MIDSMALL FINANCIAL SERVICE,,INE674K01013
276,Angel One Ltd.,ANGELONE,NIFT MIDSMALL FINANCIAL SERVICE,,INE732I01021
276,BSE Ltd.,BSE,NIFT MIDSMALL FINANCIAL SERVICE,,INE118H01025
277,Bandhan Bank Ltd.,BANDHANBNK,NIFT MIDSMALL FINANCIAL SERVICE,,INE545U01014
277,Bank of India,BANKINDIA,NIFT MIDSMALL FINANCIAL SERVICE,,INE084A01016
278,Central Depository Services (India) Ltd.,CDSL,NIFT MIDSMALL FINANCIAL SERVICE,,INE736A01011
278,Computer Age Management Services Ltd.,CAMS,NIFT MIDSMALL FINANCIAL SERVICE,,INE596I01020
279,Federal Bank Ltd.,FEDERALBNK,NIFT MIDSMALL FINANCIAL SERVICE,,INE171A01029
279,Housing & Urban Development Corporation Ltd.,HUDCO,NIFT MIDSMALL FINANCIAL SERVICE,,INE031A01017
280,ICICI Lombard General Insurance Company Ltd.,ICICIGI,NIFT MIDSMALL FINANCIAL SERVICE,,INE765G01017
280,ICICI Prudential Life Insurance Company Ltd.,ICICIPRULI,NIFT MIDSMALL FINANCIAL SERVICE,,INE726G01019
281,IDFC First Bank Ltd.,IDFCFIRSTB,NIFT MIDSMALL FINANCIAL SERVICE,,INE092T01019
281,Indian Bank,INDIANB,NIFT MIDSMALL FINANCIAL SERVICE,,INE562A01011
282,Indian Energy Exchange Ltd.,IEX,NIFT MIDSMALL FINANCIAL SERVICE,,INE022Q01020
282,IndusInd Bank Ltd.,INDUSINDBK,NIFT MIDSMALL FINANCIAL SERVICE,,INE095A01012
283,Kfin Technologies Ltd.,KFINTECH,NIFT MIDSMALL FINANCIAL SERVICE,,INE138Y01010
283,L&T Finance Ltd.,LTF,NIFT MIDSMALL FINANCIAL SERVICE,,INE498L01015
284,LIC Housing Finance Ltd.,LICHSGFIN,NIFT MIDSMALL FINANCIAL SERVICE,,INE115A01026
284,Life Insurance Corporation of India,LICI,NIFT MIDSMALL FINANCIAL SERVICE,,INE0J1Y01017
285,Manappuram Finance Ltd.,MANAPPURAM,NIFT MIDSMALL FINANCIAL SERVICE,,INE522D01027
285,Max Financial Services Ltd.,MFSL,NIFT MIDSMALL FINANCIAL SERVICE,,INE180A01020
286,Multi Commodity Exchange of India Ltd.,MCX,NIFT MIDSMALL FINANCIAL SERVICE,,INE745G01043
286,One 97 Communications Ltd.,PAYTM,NIFT MIDSMALL FINANCIAL SERVICE,,INE982J01020
287,PB Fintech Ltd.,POLICYBZR,NIFT MIDSMALL FINANCIAL SERVICE,,INE417T01026
287,PNB Housing Finance Ltd.,PNBHOUSING,NIFT MIDSMALL FINANCIAL SERVICE,,INE572E01012
288,RBL Bank Ltd.,RBLBANK,NIFT MIDSMALL FINANCIAL SERVICE,,INE976G01028
288,SBI Cards and Payment Services Ltd.,SBICARD,NIFT MIDSMALL FINANCIAL SERVICE,,INE018E01016
289,Yes Bank Ltd.,YESBANK,NIFT MIDSMALL FINANCIAL SERVICE,,INE528G01035
289,Hindustan Unilever Ltd.,HINDUNILVR,NIFTY FMCG,Household & Personal Products,INE030A01027
290,ITC Ltd.,ITC,NIFTY FMCG,Cigarettes/Tobacco,INE154A01025
290,Nestle India Ltd.,NESTLEIND,NIFTY FMCG,Consumer Food,INE239A01024
291,Tata Consumer Products Ltd.,TATACONSUM,NIFTY FMCG,Tea/Coffee,INE192A01025
291,Britannia Industries Ltd.,BRITANNIA,NIFTY FMCG,Consumer Food,INE216A01030
292,Godrej Consumer Products Ltd.,GODREJCP,NIFTY FMCG,Household & Personal Products,INE102D01028
292,United Spirits Ltd.,UNITDSPR,NIFTY FMCG,Breweries & Distilleries,INE854D01024
293,Varun Beverages Ltd.,VBL,NIFTY FMCG,Consumer Food,INE200M01039
293,Britannia Industries Ltd.,BRITANNIA,NIFTY FMCG,Consumer Food,INE216A01030
294,Godrej Consumer Products Ltd.,GODREJCP,NIFTY FMCG,Household & Personal Products,INE102D01028
294,Hindustan Unilever Ltd.,HINDUNILVR,NIFTY FMCG,Household & Personal Products,INE030A01027
295,ITC Ltd.,ITC,NIFTY FMCG,Cigarettes/Tobacco,INE154A01025
295,Nestle India Ltd.,NESTLEIND,NIFTY FMCG,Consumer Food,INE239A01024
296,Tata Consumer Products Ltd.,TATACONSUM,NIFTY FMCG,Tea/Coffee,INE192A01025
296,United Spirits Ltd.,UNITDSPR,NIFTY FMCG,Breweries & Distilleries,INE854D01024
297,Varun Beverages Ltd.,VBL,NIFTY FMCG,Consumer Food,INE200M01039
297,Britannia Industries Ltd.,BRITANNIA,NIFTY FMCG,Consumer Food,INE216A01030
298,Colgate Palmolive (India) Ltd.,COLPAL,NIFTY FMCG,Household & Personal Products,INE259A01022
298,Dabur India Ltd.,DABUR,NIFTY FMCG,Household & Personal Products,INE016A01026
299,Godfrey Phillips India Ltd.,GODFRYPHLP,NIFTY FMCG,Cigarettes/Tobacco,INE260B01028
299,Godrej Consumer Products Ltd.,GODREJCP,NIFTY FMCG,Household & Personal Products,INE102D01028
300,Hindustan Unilever Ltd.,HINDUNILVR,NIFTY FMCG,Household & Personal Products,INE030A01027
300,ITC Ltd.,ITC,NIFTY FMCG,Cigarettes/Tobacco,INE154A01025
301,Marico Ltd.,MARICO,NIFTY FMCG,Consumer Food,INE196A01026
301,Nestle India Ltd.,NESTLEIND,NIFTY FMCG,Consumer Food,INE239A01024
302,Patanjali Foods Ltd.,PATANJALI,NIFTY FMCG,Edible Oil,INE619A01035
302,Radico Khaitan Ltd,RADICO,NIFTY FMCG,Breweries & Distilleries,INE944F01028
303,Tata Consumer Products Ltd.,TATACONSUM,NIFTY FMCG,Tea/Coffee,INE192A01025
303,United Spirits Ltd.,UNITDSPR,NIFTY FMCG,Breweries & Distilleries,INE854D01024
304,Varun Beverages Ltd.,VBL,NIFTY FMCG,Consumer Food,INE200M01039
304,AWL Agri Business Ltd.,AWL,NIFTY FMCG,Edible Oil,INE699H01024
305,Allied Blenders and Distillers Ltd.,ABDL,NIFTY FMCG,Breweries & Distilleries,INE552Z01027
305,Balrampur Chini Mills Ltd.,BALRAMCHIN,NIFTY FMCG,Sugar,INE119A01028
306,Bikaji Foods International Ltd.,BIKAJI,NIFTY FMCG,Consumer Food,INE00E101023
306,Bombay Burmah Trading Corporation Ltd.,BBTC,NIFTY FMCG,Agriculture,INE050A01025
307,Britannia Industries Ltd.,BRITANNIA,NIFTY FMCG,Consumer Food,INE216A01030
307,CCL Products (I) Ltd.,CCL,NIFTY FMCG,Tea/Coffee,INE421D01022
308,Colgate Palmolive (India) Ltd.,COLPAL,NIFTY FMCG,Household & Personal Products,INE259A01022
308,DOMS Industries Ltd.,DOMS,NIFTY FMCG,Printing & Stationery,INE321T01012
309,Dabur India Ltd.,DABUR,NIFTY FMCG,Household & Personal Products,INE016A01026
309,E.I.D. Parry (India) Ltd.,EIDPARRY,NIFTY FMCG,Sugar,INE126A01031
310,Emami Ltd.,EMAMILTD,NIFTY FMCG,Household & Personal Products,INE548C01032
310,Gillette India Ltd.,GILLETTE,NIFTY FMCG,Household & Personal Products,INE322A01010
311,Godfrey Phillips India Ltd.,GODFRYPHLP,NIFTY FMCG,Cigarettes/Tobacco,INE260B01028
311,Godrej Consumer Products Ltd.,GODREJCP,NIFTY FMCG,Household & Personal Products,INE102D01028
312,Hindustan Unilever Ltd.,HINDUNILVR,NIFTY FMCG,Household & Personal Products,INE030A01027
312,Honasa Consumer Ltd.,HONASA,NIFTY FMCG,Trading,INE0J5401028
313,ITC Ltd.,ITC,NIFTY FMCG,Cigarettes/Tobacco,INE154A01025
313,LT Foods Ltd.,LTFOODS,NIFTY FMCG,Consumer Food,INE818H01020
314,Marico Ltd.,MARICO,NIFTY FMCG,Consumer Food,INE196A01026
314,Nestle India Ltd.,NESTLEIND,NIFTY FMCG,Consumer Food,INE239A01024
315,Patanjali Foods Ltd.,PATANJALI,NIFTY FMCG,Edible Oil,INE619A01035
315,Radico Khaitan Ltd,RADICO,NIFTY FMCG,Breweries & Distilleries,INE944F01028
316,Tata Consumer Products Ltd.,TATACONSUM,NIFTY FMCG,Tea/Coffee,INE192A01025
316,United Breweries Ltd.,UBL,NIFTY FMCG,Breweries & Distilleries,INE686F01025
317,United Spirits Ltd.,UNITDSPR,NIFTY FMCG,Breweries & Distilleries,INE854D01024
317,Varun Beverages Ltd.,VBL,NIFTY FMCG,Consumer Food,INE200M01039
318,Zydus Wellness Ltd.,ZYDUSWELL,NIFTY FMCG,Consumer Food,INE768C01028
318,Colgate Palmolive (India) Ltd.,COLPAL,NIFTY FMCG,Household & Personal Products,INE259A01022
319,Dabur India Ltd.,DABUR,NIFTY FMCG,Household & Personal Products,INE016A01026
319,Marico Ltd.,MARICO,NIFTY FMCG,Consumer Food,INE196A01026
320,Colgate Palmolive (India) Ltd.,COLPAL,NIFTY FMCG,Household & Personal Products,INE259A01022
320,Dabur India Ltd.,DABUR,NIFTY FMCG,Household & Personal Products,INE016A01026
321,Godfrey Phillips India Ltd.,GODFRYPHLP,NIFTY FMCG,Cigarettes/Tobacco,INE260B01028
321,Marico Ltd.,MARICO,NIFTY FMCG,Consumer Food,INE196A01026
322,Patanjali Foods Ltd.,PATANJALI,NIFTY FMCG,Edible Oil,INE619A01035
322,Radico Khaitan Ltd,RADICO,NIFTY FMCG,Breweries & Distilleries,INE944F01028
323,AWL Agri Business Ltd.,AWL,NIFTY FMCG,Edible Oil,INE699H01024
323,Colgate Palmolive (India) Ltd.,COLPAL,NIFTY FMCG,Household & Personal Products,INE259A01022
324,Dabur India Ltd.,DABUR,NIFTY FMCG,Household & Personal Products,INE016A01026
324,Godfrey Phillips India Ltd.,GODFRYPHLP,NIFTY FMCG,Cigarettes/Tobacco,INE260B01028
325,Marico Ltd.,MARICO,NIFTY FMCG,Consumer Food,INE196A01026
325,Patanjali Foods Ltd.,PATANJALI,NIFTY FMCG,Edible Oil,INE619A01035
326,Radico Khaitan Ltd,RADICO,NIFTY FMCG,Breweries & Distilleries,INE944F01028
326,United Breweries Ltd.,UBL,NIFTY FMCG,Breweries & Distilleries,INE686F01025
327,AWL Agri Business Ltd.,AWL,NIFTY FMCG,Edible Oil,INE699H01024
327,Allied Blenders and Distillers Ltd.,ABDL,NIFTY FMCG,Breweries & Distilleries,INE552Z01027
328,Balrampur Chini Mills Ltd.,BALRAMCHIN,NIFTY FMCG,Sugar,INE119A01028
328,Bikaji Foods International Ltd.,BIKAJI,NIFTY FMCG,Consumer Food,INE00E101023
329,Bombay Burmah Trading Corporation Ltd.,BBTC,NIFTY FMCG,Agriculture,INE050A01025
329,CCL Products (I) Ltd.,CCL,NIFTY FMCG,Tea/Coffee,INE421D01022
330,Colgate Palmolive (India) Ltd.,COLPAL,NIFTY FMCG,Household & Personal Products,INE259A01022
330,DOMS Industries Ltd.,DOMS,NIFTY FMCG,Printing & Stationery,INE321T01012
331,Dabur India Ltd.,DABUR,NIFTY FMCG,Household & Personal Products,INE016A01026
331,E.I.D. Parry (India) Ltd.,EIDPARRY,NIFTY FMCG,Sugar,INE126A01031
332,Emami Ltd.,EMAMILTD,NIFTY FMCG,Household & Personal Products,INE548C01032
332,Gillette India Ltd.,GILLETTE,NIFTY FMCG,Household & Personal Products,INE322A01010
333,Godfrey Phillips India Ltd.,GODFRYPHLP,NIFTY FMCG,Cigarettes/Tobacco,INE260B01028
333,Honasa Consumer Ltd.,HONASA,NIFTY FMCG,Trading,INE0J5401028
334,LT Foods Ltd.,LTFOODS,NIFTY FMCG,Consumer Food,INE818H01020
334,Marico Ltd.,MARICO,NIFTY FMCG,Consumer Food,INE196A01026
335,Patanjali Foods Ltd.,PATANJALI,NIFTY FMCG,Edible Oil,INE619A01035
335,Radico Khaitan Ltd,RADICO,NIFTY FMCG,Breweries & Distilleries,INE944F01028
336,United Breweries Ltd.,UBL,NIFTY FMCG,Breweries & Distilleries,INE686F01025
336,Zydus Wellness Ltd.,ZYDUSWELL,NIFTY FMCG,Consumer Food,INE768C01028
337,AWL Agri Business Ltd.,AWL,NIFTY FMCG,Edible Oil,INE699H01024
337,Allied Blenders and Distillers Ltd.,ABDL,NIFTY FMCG,Breweries & Distilleries,INE552Z01027
338,Avanti Feeds Ltd.,AVANTIFEED,NIFTY FMCG,Consumer Food,INE871C01038
338,Balrampur Chini Mills Ltd.,BALRAMCHIN,NIFTY FMCG,Sugar,INE119A01028
339,Bikaji Foods International Ltd.,BIKAJI,NIFTY FMCG,Consumer Food,INE00E101023
339,Bombay Burmah Trading Corporation Ltd.,BBTC,NIFTY FMCG,Agriculture,INE050A01025
340,Britannia Industries Ltd.,BRITANNIA,NIFTY FMCG,Consumer Food,INE216A01030
340,CCL Products (I) Ltd.,CCL,NIFTY FMCG,Tea/Coffee,INE421D01022
341,Colgate Palmolive (India) Ltd.,COLPAL,NIFTY FMCG,Household & Personal Products,INE259A01022
341,Cupid Ltd.,CUPID,NIFTY FMCG,Household & Personal Products,INE509F01029
342,DOMS Industries Ltd.,DOMS,NIFTY FMCG,Printing & Stationery,INE321T01012
342,Dabur India Ltd.,DABUR,NIFTY FMCG,Household & Personal Products,INE016A01026
343,E.I.D. Parry (India) Ltd.,EIDPARRY,NIFTY FMCG,Sugar,INE126A01031
343,Emami Ltd.,EMAMILTD,NIFTY FMCG,Household & Personal Products,INE548C01032
344,Gillette India Ltd.,GILLETTE,NIFTY FMCG,Household & Personal Products,INE322A01010
344,Godfrey Phillips India Ltd.,GODFRYPHLP,NIFTY FMCG,Cigarettes/Tobacco,INE260B01028
345,Godrej Agrovet Ltd.,GODREJAGRO,NIFTY FMCG,Animal Feed,INE850D01014
345,Godrej Consumer Products Ltd.,GODREJCP,NIFTY FMCG,Household & Personal Products,INE102D01028
346,Gokul Agro Resources Ltd.,GOKULAGRO,NIFTY FMCG,Edible Oil,INE314T01033
346,Gujarat Ambuja Exports Ltd.,GAEL,NIFTY FMCG,Solvent  Extraction,INE036B01030
347,Heritage Foods Ltd.,HERITGFOOD,NIFTY FMCG,Consumer Food,INE978A01027
347,Hindustan Unilever Ltd.,HINDUNILVR,NIFTY FMCG,Household & Personal Products,INE030A01027
348,Honasa Consumer Ltd.,HONASA,NIFTY FMCG,Trading,INE0J5401028
348,ITC Ltd.,ITC,NIFTY FMCG,Cigarettes/Tobacco,INE154A01025
349,India Glycols Ltd.,INDIAGLYCO,NIFTY FMCG,Chemicals,INE560A01023
349,Jyothy Labs Ltd.,JYOTHYLAB,NIFTY FMCG,Household & Personal Products,INE668F01031
350,KRBL Ltd.,KRBL,NIFTY FMCG,Consumer Food,INE001B01026
350,Kaveri Seed Company Ltd.,KSCL,NIFTY FMCG,Agriculture,INE455I01029
351,LT Foods Ltd.,LTFOODS,NIFTY FMCG,Consumer Food,INE818H01020
351,Manorama Industries Ltd.,MANORAMA,NIFTY FMCG,Solvent  Extraction,INE00VM01036
352,Marico Ltd.,MARICO,NIFTY FMCG,Consumer Food,INE196A01026
352,Mrs. Bectors Food Specialities Ltd.,BECTORFOOD,NIFTY FMCG,Consumer Food,INE495P01020
353,Nestle India Ltd.,NESTLEIND,NIFTY FMCG,Consumer Food,INE239A01024
353,Orkla India Ltd.,ORKLAINDIA,NIFTY FMCG,Consumer Food,INE16NZ01023
354,Patanjali Foods Ltd.,PATANJALI,NIFTY FMCG,Edible Oil,INE619A01035
354,Piccadily Agro Industries Ltd.,PICCADIL,NIFTY FMCG,Breweries & Distilleries,INE546C01010
355,Radico Khaitan Ltd,RADICO,NIFTY FMCG,Breweries & Distilleries,INE944F01028
355,Shree Renuka Sugars Ltd.,RENUKA,NIFTY FMCG,Sugar,INE087H01022
356,Tata Consumer Products Ltd.,TATACONSUM,NIFTY FMCG,Tea/Coffee,INE192A01025
356,Tilaknagar Industries Ltd.,TI,NIFTY FMCG,Breweries & Distilleries,INE133E01013
357,Triveni Engineering & Industries Ltd.,TRIVENI,NIFTY FMCG,Sugar,INE256C01024
357,United Breweries Ltd.,UBL,NIFTY FMCG,Breweries & Distilleries,INE686F01025
358,United Spirits Ltd.,UNITDSPR,NIFTY FMCG,Breweries & Distilleries,INE854D01024
358,Varun Beverages Ltd.,VBL,NIFTY FMCG,Consumer Food,INE200M01039
359,Zydus Wellness Ltd.,ZYDUSWELL,NIFTY FMCG,Consumer Food,INE768C01028
359,AWL Agri Business Ltd.,AWL,NIFTY FMCG,Edible Oil,INE699H01024
360,Allied Blenders and Distillers Ltd.,ABDL,NIFTY FMCG,Breweries & Distilleries,INE552Z01027
360,Balrampur Chini Mills Ltd.,BALRAMCHIN,NIFTY FMCG,Sugar,INE119A01028
361,Bikaji Foods International Ltd.,BIKAJI,NIFTY FMCG,Consumer Food,INE00E101023
361,Bombay Burmah Trading Corporation Ltd.,BBTC,NIFTY FMCG,Agriculture,INE050A01025
362,Britannia Industries Ltd.,BRITANNIA,NIFTY FMCG,Consumer Food,INE216A01030
362,CCL Products (I) Ltd.,CCL,NIFTY FMCG,Tea/Coffee,INE421D01022
363,Colgate Palmolive (India) Ltd.,COLPAL,NIFTY FMCG,Household & Personal Products,INE259A01022
363,DOMS Industries Ltd.,DOMS,NIFTY FMCG,Printing & Stationery,INE321T01012
364,Dabur India Ltd.,DABUR,NIFTY FMCG,Household & Personal Products,INE016A01026
364,E.I.D. Parry (India) Ltd.,EIDPARRY,NIFTY FMCG,Sugar,INE126A01031
365,Emami Ltd.,EMAMILTD,NIFTY FMCG,Household & Personal Products,INE548C01032
365,Gillette India Ltd.,GILLETTE,NIFTY FMCG,Household & Personal Products,INE322A01010
366,Godfrey Phillips India Ltd.,GODFRYPHLP,NIFTY FMCG,Cigarettes/Tobacco,INE260B01028
366,Godrej Consumer Products Ltd.,GODREJCP,NIFTY FMCG,Household & Personal Products,INE102D01028
367,Hindustan Unilever Ltd.,HINDUNILVR,NIFTY FMCG,Household & Personal Products,INE030A01027
367,Honasa Consumer Ltd.,HONASA,NIFTY FMCG,Trading,INE0J5401028
368,ITC Ltd.,ITC,NIFTY FMCG,Cigarettes/Tobacco,INE154A01025
368,LT Foods Ltd.,LTFOODS,NIFTY FMCG,Consumer Food,INE818H01020
369,Marico Ltd.,MARICO,NIFTY FMCG,Consumer Food,INE196A01026
369,Nestle India Ltd.,NESTLEIND,NIFTY FMCG,Consumer Food,INE239A01024
370,Patanjali Foods Ltd.,PATANJALI,NIFTY FMCG,Edible Oil,INE619A01035
370,Radico Khaitan Ltd,RADICO,NIFTY FMCG,Breweries & Distilleries,INE944F01028
371,Tata Consumer Products Ltd.,TATACONSUM,NIFTY FMCG,Tea/Coffee,INE192A01025
371,United Breweries Ltd.,UBL,NIFTY FMCG,Breweries & Distilleries,INE686F01025
372,United Spirits Ltd.,UNITDSPR,NIFTY FMCG,Breweries & Distilleries,INE854D01024
372,Varun Beverages Ltd.,VBL,NIFTY FMCG,Consumer Food,INE200M01039
373,Zydus Wellness Ltd.,ZYDUSWELL,NIFTY FMCG,Consumer Food,INE768C01028
373,AWL Agri Business Ltd.,AWL,NIFTY FMCG,Edible Oil,INE699H01024
374,Britannia Industries Ltd.,BRITANNIA,NIFTY FMCG,Consumer Food,INE216A01030
374,Colgate Palmolive (India) Ltd.,COLPAL,NIFTY FMCG,Household & Personal Products,INE259A01022
375,Dabur India Ltd.,DABUR,NIFTY FMCG,Household & Personal Products,INE016A01026
375,Godfrey Phillips India Ltd.,GODFRYPHLP,NIFTY FMCG,Cigarettes/Tobacco,INE260B01028
376,Godrej Consumer Products Ltd.,GODREJCP,NIFTY FMCG,Household & Personal Products,INE102D01028
376,Hindustan Unilever Ltd.,HINDUNILVR,NIFTY FMCG,Household & Personal Products,INE030A01027
377,ITC Ltd.,ITC,NIFTY FMCG,Cigarettes/Tobacco,INE154A01025
377,Marico Ltd.,MARICO,NIFTY FMCG,Consumer Food,INE196A01026
378,Nestle India Ltd.,NESTLEIND,NIFTY FMCG,Consumer Food,INE239A01024
378,Patanjali Foods Ltd.,PATANJALI,NIFTY FMCG,Edible Oil,INE619A01035
379,Radico Khaitan Ltd,RADICO,NIFTY FMCG,Breweries & Distilleries,INE944F01028
379,Tata Consumer Products Ltd.,TATACONSUM,NIFTY FMCG,Tea/Coffee,INE192A01025
380,United Breweries Ltd.,UBL,NIFTY FMCG,Breweries & Distilleries,INE686F01025
380,United Spirits Ltd.,UNITDSPR,NIFTY FMCG,Breweries & Distilleries,INE854D01024
381,Varun Beverages Ltd.,VBL,NIFTY FMCG,Consumer Food,INE200M01039
381,Allied Blenders and Distillers Ltd.,ABDL,NIFTY FMCG,Breweries & Distilleries,INE552Z01027
382,Balrampur Chini Mills Ltd.,BALRAMCHIN,NIFTY FMCG,Sugar,INE119A01028
382,Bikaji Foods International Ltd.,BIKAJI,NIFTY FMCG,Consumer Food,INE00E101023
383,Bombay Burmah Trading Corporation Ltd.,BBTC,NIFTY FMCG,Agriculture,INE050A01025
383,CCL Products (I) Ltd.,CCL,NIFTY FMCG,Tea/Coffee,INE421D01022
384,DOMS Industries Ltd.,DOMS,NIFTY FMCG,Printing & Stationery,INE321T01012
384,E.I.D. Parry (India) Ltd.,EIDPARRY,NIFTY FMCG,Sugar,INE126A01031
385,Emami Ltd.,EMAMILTD,NIFTY FMCG,Household & Personal Products,INE548C01032
385,Gillette India Ltd.,GILLETTE,NIFTY FMCG,Household & Personal Products,INE322A01010
386,Honasa Consumer Ltd.,HONASA,NIFTY FMCG,Trading,INE0J5401028
386,LT Foods Ltd.,LTFOODS,NIFTY FMCG,Consumer Food,INE818H01020
387,Zydus Wellness Ltd.,ZYDUSWELL,NIFTY FMCG,Consumer Food,INE768C01028
387,Allied Blenders and Distillers Ltd.,ABDL,NIFTY FMCG,Breweries & Distilleries,INE552Z01027
388,Avanti Feeds Ltd.,AVANTIFEED,NIFTY FMCG,Consumer Food,INE871C01038
388,Balrampur Chini Mills Ltd.,BALRAMCHIN,NIFTY FMCG,Sugar,INE119A01028
389,Bikaji Foods International Ltd.,BIKAJI,NIFTY FMCG,Consumer Food,INE00E101023
389,Bombay Burmah Trading Corporation Ltd.,BBTC,NIFTY FMCG,Agriculture,INE050A01025
390,CCL Products (I) Ltd.,CCL,NIFTY FMCG,Tea/Coffee,INE421D01022
390,Cupid Ltd.,CUPID,NIFTY FMCG,Household & Personal Products,INE509F01029
391,DOMS Industries Ltd.,DOMS,NIFTY FMCG,Printing & Stationery,INE321T01012
391,E.I.D. Parry (India) Ltd.,EIDPARRY,NIFTY FMCG,Sugar,INE126A01031
392,Emami Ltd.,EMAMILTD,NIFTY FMCG,Household & Personal Products,INE548C01032
392,Gillette India Ltd.,GILLETTE,NIFTY FMCG,Household & Personal Products,INE322A01010
393,Godrej Agrovet Ltd.,GODREJAGRO,NIFTY FMCG,Animal Feed,INE850D01014
393,Gokul Agro Resources Ltd.,GOKULAGRO,NIFTY FMCG,Edible Oil,INE314T01033
394,Gujarat Ambuja Exports Ltd.,GAEL,NIFTY FMCG,Solvent  Extraction,INE036B01030
394,Hatsun Agro Product Ltd.,HATSUN,NIFTY FMCG,Consumer Food,INE473B01035
395,Heritage Foods Ltd.,HERITGFOOD,NIFTY FMCG,Consumer Food,INE978A01027
395,Honasa Consumer Ltd.,HONASA,NIFTY FMCG,Trading,INE0J5401028
396,India Glycols Ltd.,INDIAGLYCO,NIFTY FMCG,Chemicals,INE560A01023
396,Jyothy Labs Ltd.,JYOTHYLAB,NIFTY FMCG,Household & Personal Products,INE668F01031
397,KRBL Ltd.,KRBL,NIFTY FMCG,Consumer Food,INE001B01026
397,Kaveri Seed Company Ltd.,KSCL,NIFTY FMCG,Agriculture,INE455I01029
398,LT Foods Ltd.,LTFOODS,NIFTY FMCG,Consumer Food,INE818H01020
398,Manorama Industries Ltd.,MANORAMA,NIFTY FMCG,Solvent  Extraction,INE00VM01036
399,Mrs. Bectors Food Specialities Ltd.,BECTORFOOD,NIFTY FMCG,Consumer Food,INE495P01020
399,Orkla India Ltd.,ORKLAINDIA,NIFTY FMCG,Consumer Food,INE16NZ01023
400,Piccadily Agro Industries Ltd.,PICCADIL,NIFTY FMCG,Breweries & Distilleries,INE546C01010
400,Shree Renuka Sugars Ltd.,RENUKA,NIFTY FMCG,Sugar,INE087H01022
401,Tilaknagar Industries Ltd.,TI,NIFTY FMCG,Breweries & Distilleries,INE133E01013
401,Triveni Engineering & Industries Ltd.,TRIVENI,NIFTY FMCG,Sugar,INE256C01024
402,Zydus Wellness Ltd.,ZYDUSWELL,NIFTY FMCG,Consumer Food,INE768C01028
402,Marico Ltd.,MARICO,NIFTY FMCG,Consumer Food,INE196A01026
403,Abbott India Ltd.,ABBOTINDIA,NIFTY MIDSMALL HC,,INE358A01014
403,Ajanta Pharmaceuticals Ltd.,AJANTPHARM,NIFTY MIDSMALL HC,,INE031B01049
404,Alkem Laboratories Ltd.,ALKEM,NIFTY MIDSMALL HC,,INE540L01014
404,Aster DM Healthcare Ltd.,ASTERDM,NIFTY MIDSMALL HC,,INE914M01019
405,Aurobindo Pharma Ltd.,AUROPHARMA,NIFTY MIDSMALL HC,,INE406A01037
405,Biocon Ltd.,BIOCON,NIFTY MIDSMALL HC,,INE376G01013
406,Cohance Lifesciences Ltd.,COHANCE,NIFTY MIDSMALL HC,,INE03QK01018
406,Dr. Lal Path Labs Ltd.,LALPATHLAB,NIFTY MIDSMALL HC,,INE600L01024
407,Fortis Healthcare Ltd.,FORTIS,NIFTY MIDSMALL HC,,INE061F01013
407,Gland Pharma Ltd.,GLAND,NIFTY MIDSMALL HC,,INE068V01023
408,Glaxosmithkline Pharmaceuticals Ltd.,GLAXO,NIFTY MIDSMALL HC,,INE159A01016
408,Glenmark Pharmaceuticals Ltd.,GLENMARK,NIFTY MIDSMALL HC,,INE935A01035
409,Global Health Ltd.,MEDANTA,NIFTY MIDSMALL HC,,INE474Q01031
409,Granules India Ltd.,GRANULES,NIFTY MIDSMALL HC,,INE101D01020
410,Ipca Laboratories Ltd.,IPCALAB,NIFTY MIDSMALL HC,,INE571A01038
410,J.B. Chemicals & Pharmaceuticals Ltd.,JBCHEPHARM,NIFTY MIDSMALL HC,,INE572A01036
411,Krishna Institute of Medical Sciences Ltd.,KIMS,NIFTY MIDSMALL HC,,INE967H01025
411,Laurus Labs Ltd.,LAURUSLABS,NIFTY MIDSMALL HC,,INE947Q01028
412,Lupin Ltd.,LUPIN,NIFTY MIDSMALL HC,,INE326A01037
412,Mankind Pharma Ltd.,MANKIND,NIFTY MIDSMALL HC,,INE634S01028
413,NATCO Pharma Ltd.,NATCOPHARM,NIFTY MIDSMALL HC,,INE987B01026
413,Narayana Hrudayalaya Ltd.,NH,NIFTY MIDSMALL HC,,INE410P01011
414,Neuland Laboratories Ltd.,NEULANDLAB,NIFTY MIDSMALL HC,,INE794A01010
414,Onesource Specialty Pharma Ltd.,ONESOURCE,NIFTY MIDSMALL HC,,INE013P01021
415,Pfizer Ltd.,PFIZER,NIFTY MIDSMALL HC,,INE182A01018
415,Piramal Pharma Ltd.,PPLPHARMA,NIFTY MIDSMALL HC,,INE0DK501011
416,Poly Medicure Ltd.,POLYMED,NIFTY MIDSMALL HC,,INE205C01021
416,Sai Life Sciences Ltd.,SAILIFE,NIFTY MIDSMALL HC,,INE570L01029
417,Syngene International Ltd.,SYNGENE,NIFTY MIDSMALL HC,,INE398R01022
417,Wockhardt Ltd.,WOCKPHARMA,NIFTY MIDSMALL HC,,INE049B01025
418,Adani Enterprises Ltd.,ADANIENT,NIFTY METAL,Trading,INE423A01024
418,Hindalco Industries Ltd.,HINDALCO,NIFTY METAL,Metal - Non Ferrous,INE038A01020
419,JSW Steel Ltd.,JSWSTEEL,NIFTY METAL,Steel & Iron Products,INE019A01038
419,Tata Steel Ltd.,TATASTEEL,NIFTY METAL,Steel & Iron Products,INE081A01020
420,Hindustan Zinc Ltd.,HINDZINC,NIFTY METAL,Metal - Non Ferrous,INE267A01025
420,Jindal Steel Ltd.,JINDALSTEL,NIFTY METAL,Steel/Sponge Iron/Pig Iron,INE749A01030
421,Vedanta Ltd.,VEDL,NIFTY METAL,Metal - Non Ferrous,INE205A01025
421,Adani Enterprises Ltd.,ADANIENT,NIFTY METAL,Trading,INE423A01024
422,Hindalco Industries Ltd.,HINDALCO,NIFTY METAL,Metal - Non Ferrous,INE038A01020
422,Hindustan Zinc Ltd.,HINDZINC,NIFTY METAL,Metal - Non Ferrous,INE267A01025
423,JSW Steel Ltd.,JSWSTEEL,NIFTY METAL,Steel & Iron Products,INE019A01038
423,Jindal Steel Ltd.,JINDALSTEL,NIFTY METAL,Steel/Sponge Iron/Pig Iron,INE749A01030
424,Tata Steel Ltd.,TATASTEEL,NIFTY METAL,Steel & Iron Products,INE081A01020
424,Vedanta Ltd.,VEDL,NIFTY METAL,Metal - Non Ferrous,INE205A01025
425,Adani Enterprises Ltd.,ADANIENT,NIFTY METAL,Trading,INE423A01024
425,Hindalco Industries Ltd.,HINDALCO,NIFTY METAL,Metal - Non Ferrous,INE038A01020
426,Hindustan Zinc Ltd.,HINDZINC,NIFTY METAL,Metal - Non Ferrous,INE267A01025
426,JSW Steel Ltd.,JSWSTEEL,NIFTY METAL,Steel & Iron Products,INE019A01038
427,Jindal Steel Ltd.,JINDALSTEL,NIFTY METAL,Steel/Sponge Iron/Pig Iron,INE749A01030
427,NMDC Ltd.,NMDC,NIFTY METAL,Mining & Minerals,INE584A01023
428,National Aluminium Co. Ltd.,NATIONALUM,NIFTY METAL,Aluminium & Aluminium Products,INE139A01034
428,Steel Authority of India Ltd.,SAIL,NIFTY METAL,Steel & Iron Products,INE114A01011
429,Tata Steel Ltd.,TATASTEEL,NIFTY METAL,Steel & Iron Products,INE081A01020
429,Vedanta Ltd.,VEDL,NIFTY METAL,Metal - Non Ferrous,INE205A01025
430,Adani Enterprises Ltd.,ADANIENT,NIFTY METAL,Trading,INE423A01024
430,Gravita India Ltd.,GRAVITA,NIFTY METAL,Metal - Non Ferrous,INE024L01027
431,Gujarat Mineral Development Corporation Ltd.,GMDCLTD,NIFTY METAL,Mining & Minerals,INE131A01031
431,Hindalco Industries Ltd.,HINDALCO,NIFTY METAL,Metal - Non Ferrous,INE038A01020
432,Hindustan Copper Ltd.,HINDCOPPER,NIFTY METAL,Metal - Non Ferrous,INE531E01026
432,Hindustan Zinc Ltd.,HINDZINC,NIFTY METAL,Metal - Non Ferrous,INE267A01025
433,JSW Steel Ltd.,JSWSTEEL,NIFTY METAL,Steel & Iron Products,INE019A01038
433,Jain Resource Recycling Ltd.,JAINREC,NIFTY METAL,Metal - Non Ferrous,INE0YD401026
434,Jindal Stainless Ltd.,JSL,NIFTY METAL,Steel & Iron Products,INE220G01021
434,Jindal Steel Ltd.,JINDALSTEL,NIFTY METAL,Steel/Sponge Iron/Pig Iron,INE749A01030
435,Lloyds Metals And Energy Ltd.,LLOYDSME,NIFTY METAL,Steel/Sponge Iron/Pig Iron,INE281B01032
435,NMDC Ltd.,NMDC,NIFTY METAL,Mining & Minerals,INE584A01023
436,NMDC Steel Ltd.,NSLNISP,NIFTY METAL,Steel & Iron Products,INE0NNS01018
436,National Aluminium Co. Ltd.,NATIONALUM,NIFTY METAL,Aluminium & Aluminium Products,INE139A01034
437,Sarda Energy and Minerals Ltd.,SARDAEN,NIFTY METAL,Steel & Iron Products,INE385C01021
437,Steel Authority of India Ltd.,SAIL,NIFTY METAL,Steel & Iron Products,INE114A01011
438,Tata Steel Ltd.,TATASTEEL,NIFTY METAL,Steel & Iron Products,INE081A01020
438,Vedanta Ltd.,VEDL,NIFTY METAL,Metal - Non Ferrous,INE205A01025
439,NMDC Ltd.,NMDC,NIFTY METAL,Mining & Minerals,INE584A01023
439,NMDC Ltd.,NMDC,NIFTY METAL,Mining & Minerals,INE584A01023
440,National Aluminium Co. Ltd.,NATIONALUM,NIFTY METAL,Aluminium & Aluminium Products,INE139A01034
440,Steel Authority of India Ltd.,SAIL,NIFTY METAL,Steel & Iron Products,INE114A01011
441,Jindal Stainless Ltd.,JSL,NIFTY METAL,Steel & Iron Products,INE220G01021
441,Lloyds Metals And Energy Ltd.,LLOYDSME,NIFTY METAL,Steel/Sponge Iron/Pig Iron,INE281B01032
442,NMDC Ltd.,NMDC,NIFTY METAL,Mining & Minerals,INE584A01023
442,National Aluminium Co. Ltd.,NATIONALUM,NIFTY METAL,Aluminium & Aluminium Products,INE139A01034
443,Steel Authority of India Ltd.,SAIL,NIFTY METAL,Steel & Iron Products,INE114A01011
443,Gravita India Ltd.,GRAVITA,NIFTY METAL,Metal - Non Ferrous,INE024L01027
444,Gujarat Mineral Development Corporation Ltd.,GMDCLTD,NIFTY METAL,Mining & Minerals,INE131A01031
444,Hindustan Copper Ltd.,HINDCOPPER,NIFTY METAL,Metal - Non Ferrous,INE531E01026
445,Jain Resource Recycling Ltd.,JAINREC,NIFTY METAL,Metal - Non Ferrous,INE0YD401026
445,Jindal Stainless Ltd.,JSL,NIFTY METAL,Steel & Iron Products,INE220G01021
446,Lloyds Metals And Energy Ltd.,LLOYDSME,NIFTY METAL,Steel/Sponge Iron/Pig Iron,INE281B01032
446,NMDC Ltd.,NMDC,NIFTY METAL,Mining & Minerals,INE584A01023
447,NMDC Steel Ltd.,NSLNISP,NIFTY METAL,Steel & Iron Products,INE0NNS01018
447,National Aluminium Co. Ltd.,NATIONALUM,NIFTY METAL,Aluminium & Aluminium Products,INE139A01034
448,Sarda Energy and Minerals Ltd.,SARDAEN,NIFTY METAL,Steel & Iron Products,INE385C01021
448,Steel Authority of India Ltd.,SAIL,NIFTY METAL,Steel & Iron Products,INE114A01011
449,Adani Enterprises Ltd.,ADANIENT,NIFTY METAL,Trading,INE423A01024
449,Ashapura Minechem Ltd.,ASHAPURMIN,NIFTY METAL,Mining & Minerals,INE348A01023
450,Gravita India Ltd.,GRAVITA,NIFTY METAL,Metal - Non Ferrous,INE024L01027
450,Gujarat Mineral Development Corporation Ltd.,GMDCLTD,NIFTY METAL,Mining & Minerals,INE131A01031
451,Hindalco Industries Ltd.,HINDALCO,NIFTY METAL,Metal - Non Ferrous,INE038A01020
451,Hindustan Copper Ltd.,HINDCOPPER,NIFTY METAL,Metal - Non Ferrous,INE531E01026
452,Hindustan Zinc Ltd.,HINDZINC,NIFTY METAL,Metal - Non Ferrous,INE267A01025
452,Indian Metals & Ferro Alloys Ltd.,IMFA,NIFTY METAL,Ferro & Silica Manganese,INE919H01018
453,JSW Steel Ltd.,JSWSTEEL,NIFTY METAL,Steel & Iron Products,INE019A01038
453,Jai Balaji Industries Ltd.,JAIBALAJI,NIFTY METAL,Steel/Sponge Iron/Pig Iron,INE091G01026
454,Jain Resource Recycling Ltd.,JAINREC,NIFTY METAL,Metal - Non Ferrous,INE0YD401026
454,Jindal Stainless Ltd.,JSL,NIFTY METAL,Steel & Iron Products,INE220G01021
455,Jindal Steel Ltd.,JINDALSTEL,NIFTY METAL,Steel/Sponge Iron/Pig Iron,INE749A01030
455,Lloyds Enterprises Ltd.,LLOYDSENT,NIFTY METAL,Trading,INE080I01025
456,Lloyds Metals And Energy Ltd.,LLOYDSME,NIFTY METAL,Steel/Sponge Iron/Pig Iron,INE281B01032
456,MOIL Ltd.,MOIL,NIFTY METAL,Mining & Minerals,INE490G01020
457,NMDC Ltd.,NMDC,NIFTY METAL,Mining & Minerals,INE584A01023
457,NMDC Steel Ltd.,NSLNISP,NIFTY METAL,Steel & Iron Products,INE0NNS01018
458,National Aluminium Co. Ltd.,NATIONALUM,NIFTY METAL,Aluminium & Aluminium Products,INE139A01034
458,Sarda Energy and Minerals Ltd.,SARDAEN,NIFTY METAL,Steel & Iron Products,INE385C01021
459,Steel Authority of India Ltd.,SAIL,NIFTY METAL,Steel & Iron Products,INE114A01011
459,Tata Steel Ltd.,TATASTEEL,NIFTY METAL,Steel & Iron Products,INE081A01020
460,Vedanta Ltd.,VEDL,NIFTY METAL,Metal - Non Ferrous,INE205A01025
460,Adani Enterprises Ltd.,ADANIENT,NIFTY METAL,Trading,INE423A01024
461,Gravita India Ltd.,GRAVITA,NIFTY METAL,Metal - Non Ferrous,INE024L01027
461,Gujarat Mineral Development Corporation Ltd.,GMDCLTD,NIFTY METAL,Mining & Minerals,INE131A01031
462,Hindalco Industries Ltd.,HINDALCO,NIFTY METAL,Metal - Non Ferrous,INE038A01020
462,Hindustan Copper Ltd.,HINDCOPPER,NIFTY METAL,Metal - Non Ferrous,INE531E01026
463,Hindustan Zinc Ltd.,HINDZINC,NIFTY METAL,Metal - Non Ferrous,INE267A01025
463,JSW Steel Ltd.,JSWSTEEL,NIFTY METAL,Steel & Iron Products,INE019A01038
464,Jain Resource Recycling Ltd.,JAINREC,NIFTY METAL,Metal - Non Ferrous,INE0YD401026
464,Jindal Stainless Ltd.,JSL,NIFTY METAL,Steel & Iron Products,INE220G01021
465,Jindal Steel Ltd.,JINDALSTEL,NIFTY METAL,Steel/Sponge Iron/Pig Iron,INE749A01030
465,Lloyds Metals And Energy Ltd.,LLOYDSME,NIFTY METAL,Steel/Sponge Iron/Pig Iron,INE281B01032
466,NMDC Ltd.,NMDC,NIFTY METAL,Mining & Minerals,INE584A01023
466,NMDC Steel Ltd.,NSLNISP,NIFTY METAL,Steel & Iron Products,INE0NNS01018
467,National Aluminium Co. Ltd.,NATIONALUM,NIFTY METAL,Aluminium & Aluminium Products,INE139A01034
467,Sarda Energy and Minerals Ltd.,SARDAEN,NIFTY METAL,Steel & Iron Products,INE385C01021
468,Steel Authority of India Ltd.,SAIL,NIFTY METAL,Steel & Iron Products,INE114A01011
468,Tata Steel Ltd.,TATASTEEL,NIFTY METAL,Steel & Iron Products,INE081A01020
469,Vedanta Ltd.,VEDL,NIFTY METAL,Metal - Non Ferrous,INE205A01025
469,Adani Enterprises Ltd.,ADANIENT,NIFTY METAL,Trading,INE423A01024
470,Hindalco Industries Ltd.,HINDALCO,NIFTY METAL,Metal - Non Ferrous,INE038A01020
470,Hindustan Zinc Ltd.,HINDZINC,NIFTY METAL,Metal - Non Ferrous,INE267A01025
471,JSW Steel Ltd.,JSWSTEEL,NIFTY METAL,Steel & Iron Products,INE019A01038
471,Jindal Stainless Ltd.,JSL,NIFTY METAL,Steel & Iron Products,INE220G01021
472,Jindal Steel Ltd.,JINDALSTEL,NIFTY METAL,Steel/Sponge Iron/Pig Iron,INE749A01030
472,Lloyds Metals And Energy Ltd.,LLOYDSME,NIFTY METAL,Steel/Sponge Iron/Pig Iron,INE281B01032
473,NMDC Ltd.,NMDC,NIFTY METAL,Mining & Minerals,INE584A01023
473,National Aluminium Co. Ltd.,NATIONALUM,NIFTY METAL,Aluminium & Aluminium Products,INE139A01034
474,Steel Authority of India Ltd.,SAIL,NIFTY METAL,Steel & Iron Products,INE114A01011
474,Tata Steel Ltd.,TATASTEEL,NIFTY METAL,Steel & Iron Products,INE081A01020
475,Vedanta Ltd.,VEDL,NIFTY METAL,Metal - Non Ferrous,INE205A01025
475,Hindustan Copper Ltd.,HINDCOPPER,NIFTY METAL,Metal - Non Ferrous,INE531E01026
476,Gujarat Mineral Development Corporation Ltd.,GMDCLTD,NIFTY METAL,Mining & Minerals,INE131A01031
476,Hindustan Copper Ltd.,HINDCOPPER,NIFTY METAL,Metal - Non Ferrous,INE531E01026
477,Sarda Energy and Minerals Ltd.,SARDAEN,NIFTY METAL,Steel & Iron Products,INE385C01021
477,Gravita India Ltd.,GRAVITA,NIFTY METAL,Metal - Non Ferrous,INE024L01027
478,Gujarat Mineral Development Corporation Ltd.,GMDCLTD,NIFTY METAL,Mining & Minerals,INE131A01031
478,Hindustan Copper Ltd.,HINDCOPPER,NIFTY METAL,Metal - Non Ferrous,INE531E01026
479,Jain Resource Recycling Ltd.,JAINREC,NIFTY METAL,Metal - Non Ferrous,INE0YD401026
479,NMDC Steel Ltd.,NSLNISP,NIFTY METAL,Steel & Iron Products,INE0NNS01018
480,Sarda Energy and Minerals Ltd.,SARDAEN,NIFTY METAL,Steel & Iron Products,INE385C01021
480,Ashapura Minechem Ltd.,ASHAPURMIN,NIFTY METAL,Mining & Minerals,INE348A01023
481,Gravita India Ltd.,GRAVITA,NIFTY METAL,Metal - Non Ferrous,INE024L01027
481,Gujarat Mineral Development Corporation Ltd.,GMDCLTD,NIFTY METAL,Mining & Minerals,INE131A01031
482,Hindustan Copper Ltd.,HINDCOPPER,NIFTY METAL,Metal - Non Ferrous,INE531E01026
482,Indian Metals & Ferro Alloys Ltd.,IMFA,NIFTY METAL,Ferro & Silica Manganese,INE919H01018
483,Jai Balaji Industries Ltd.,JAIBALAJI,NIFTY METAL,Steel/Sponge Iron/Pig Iron,INE091G01026
483,Jain Resource Recycling Ltd.,JAINREC,NIFTY METAL,Metal - Non Ferrous,INE0YD401026
484,Lloyds Enterprises Ltd.,LLOYDSENT,NIFTY METAL,Trading,INE080I01025
484,MOIL Ltd.,MOIL,NIFTY METAL,Mining & Minerals,INE490G01020
485,NMDC Steel Ltd.,NSLNISP,NIFTY METAL,Steel & Iron Products,INE0NNS01018
485,Sarda Energy and Minerals Ltd.,SARDAEN,NIFTY METAL,Steel & Iron Products,INE385C01021
486,Coal India Ltd.,COALINDIA,NIFTY OIL GAS,Mining & Minerals,INE522F01014
486,Oil & Natural Gas Corporation Ltd.,ONGC,NIFTY OIL GAS,Oil Exploration,INE213A01029
487,Reliance Industries Ltd.,RELIANCE,NIFTY OIL GAS,Refineries,INE002A01018
487,Bharat Petroleum Corporation Ltd.,BPCL,NIFTY OIL GAS,Refineries,INE029A01011
488,GAIL (India) Ltd.,GAIL,NIFTY OIL GAS,Industrial  Gases & Fuels,INE129A01019
488,Indian Oil Corporation Ltd.,IOC,NIFTY OIL GAS,Refineries,INE242A01010
489,Bharat Petroleum Corporation Ltd.,BPCL,NIFTY OIL GAS,Refineries,INE029A01011
489,Coal India Ltd.,COALINDIA,NIFTY OIL GAS,Mining & Minerals,INE522F01014
490,GAIL (India) Ltd.,GAIL,NIFTY OIL GAS,Industrial  Gases & Fuels,INE129A01019
490,Indian Oil Corporation Ltd.,IOC,NIFTY OIL GAS,Refineries,INE242A01010
491,Oil & Natural Gas Corporation Ltd.,ONGC,NIFTY OIL GAS,Oil Exploration,INE213A01029
491,Reliance Industries Ltd.,RELIANCE,NIFTY OIL GAS,Refineries,INE002A01018
492,Adani Total Gas Ltd.,ATGL,NIFTY OIL GAS,Gas Transmission/Marketing,INE399L01023
492,Bharat Petroleum Corporation Ltd.,BPCL,NIFTY OIL GAS,Refineries,INE029A01011
493,Coal India Ltd.,COALINDIA,NIFTY OIL GAS,Mining & Minerals,INE522F01014
493,GAIL (India) Ltd.,GAIL,NIFTY OIL GAS,Industrial  Gases & Fuels,INE129A01019
494,Hindustan Petroleum Corporation Ltd.,HINDPETRO,NIFTY OIL GAS,Refineries,INE094A01015
494,Indian Oil Corporation Ltd.,IOC,NIFTY OIL GAS,Refineries,INE242A01010
495,Oil & Natural Gas Corporation Ltd.,ONGC,NIFTY OIL GAS,Oil Exploration,INE213A01029
495,Oil India Ltd.,OIL,NIFTY OIL GAS,Oil Exploration,INE274J01014
496,Reliance Industries Ltd.,RELIANCE,NIFTY OIL GAS,Refineries,INE002A01018
496,Adani Total Gas Ltd.,ATGL,NIFTY OIL GAS,Gas Transmission/Marketing,INE399L01023
497,Aegis Logistics Ltd.,AEGISLOG,NIFTY OIL GAS,Logistics,INE208C01025
497,Aegis Vopak Terminals Ltd.,AEGISVOPAK,NIFTY OIL GAS,Oil Exploration,INE0INX01018
498,Bharat Petroleum Corporation Ltd.,BPCL,NIFTY OIL GAS,Refineries,INE029A01011
498,Castrol India Ltd.,CASTROLIND,NIFTY OIL GAS,Lubricants,INE172A01027
499,Chennai Petroleum Corporation Ltd.,CHENNPETRO,NIFTY OIL GAS,Refineries,INE178A01016
499,Coal India Ltd.,COALINDIA,NIFTY OIL GAS,Mining & Minerals,INE522F01014
500,GAIL (India) Ltd.,GAIL,NIFTY OIL GAS,Industrial  Gases & Fuels,INE129A01019
500,Gujarat State Petronet Ltd.,GSPL,NIFTY OIL GAS,Gas Transmission/Marketing,INE246F01010
501,Hindustan Petroleum Corporation Ltd.,HINDPETRO,NIFTY OIL GAS,Refineries,INE094A01015
501,Indian Oil Corporation Ltd.,IOC,NIFTY OIL GAS,Refineries,INE242A01010
502,Indraprastha Gas Ltd.,IGL,NIFTY OIL GAS,Gas Transmission/Marketing,INE203G01027
502,Mahanagar Gas Ltd.,MGL,NIFTY OIL GAS,Gas Transmission/Marketing,INE002S01010
503,Mangalore Refinery & Petrochemicals Ltd.,MRPL,NIFTY OIL GAS,Refineries,INE103A01014
503,Oil & Natural Gas Corporation Ltd.,ONGC,NIFTY OIL GAS,Oil Exploration,INE213A01029
504,Oil India Ltd.,OIL,NIFTY OIL GAS,Oil Exploration,INE274J01014
504,Petronet LNG Ltd.,PETRONET,NIFTY OIL GAS,Industrial  Gases & Fuels,INE347G01014
505,Reliance Industries Ltd.,RELIANCE,NIFTY OIL GAS,Refineries,INE002A01018
505,Hindustan Petroleum Corporation Ltd.,HINDPETRO,NIFTY OIL GAS,Refineries,INE094A01015
506,Oil India Ltd.,OIL,NIFTY OIL GAS,Oil Exploration,INE274J01014
506,Adani Total Gas Ltd.,ATGL,NIFTY OIL GAS,Gas Transmission/Marketing,INE399L01023
507,Hindustan Petroleum Corporation Ltd.,HINDPETRO,NIFTY OIL GAS,Refineries,INE094A01015
507,Oil India Ltd.,OIL,NIFTY OIL GAS,Oil Exploration,INE274J01014
508,Adani Total Gas Ltd.,ATGL,NIFTY OIL GAS,Gas Transmission/Marketing,INE399L01023
508,Hindustan Petroleum Corporation Ltd.,HINDPETRO,NIFTY OIL GAS,Refineries,INE094A01015
509,Oil India Ltd.,OIL,NIFTY OIL GAS,Oil Exploration,INE274J01014
509,Petronet LNG Ltd.,PETRONET,NIFTY OIL GAS,Industrial  Gases & Fuels,INE347G01014
510,Adani Total Gas Ltd.,ATGL,NIFTY OIL GAS,Gas Transmission/Marketing,INE399L01023
510,Aegis Logistics Ltd.,AEGISLOG,NIFTY OIL GAS,Logistics,INE208C01025
511,Aegis Vopak Terminals Ltd.,AEGISVOPAK,NIFTY OIL GAS,Oil Exploration,INE0INX01018
511,Castrol India Ltd.,CASTROLIND,NIFTY OIL GAS,Lubricants,INE172A01027
512,Chennai Petroleum Corporation Ltd.,CHENNPETRO,NIFTY OIL GAS,Refineries,INE178A01016
512,Gujarat State Petronet Ltd.,GSPL,NIFTY OIL GAS,Gas Transmission/Marketing,INE246F01010
513,Hindustan Petroleum Corporation Ltd.,HINDPETRO,NIFTY OIL GAS,Refineries,INE094A01015
513,Indraprastha Gas Ltd.,IGL,NIFTY OIL GAS,Gas Transmission/Marketing,INE203G01027
514,Mahanagar Gas Ltd.,MGL,NIFTY OIL GAS,Gas Transmission/Marketing,INE002S01010
514,Mangalore Refinery & Petrochemicals Ltd.,MRPL,NIFTY OIL GAS,Refineries,INE103A01014
515,Oil India Ltd.,OIL,NIFTY OIL GAS,Oil Exploration,INE274J01014
515,Petronet LNG Ltd.,PETRONET,NIFTY OIL GAS,Industrial  Gases & Fuels,INE347G01014
516,Adani Total Gas Ltd.,ATGL,NIFTY OIL GAS,Gas Transmission/Marketing,INE399L01023
516,Aegis Logistics Ltd.,AEGISLOG,NIFTY OIL GAS,Logistics,INE208C01025
517,Aegis Vopak Terminals Ltd.,AEGISVOPAK,NIFTY OIL GAS,Oil Exploration,INE0INX01018
517,Bharat Petroleum Corporation Ltd.,BPCL,NIFTY OIL GAS,Refineries,INE029A01011
518,Castrol India Ltd.,CASTROLIND,NIFTY OIL GAS,Lubricants,INE172A01027
518,Chennai Petroleum Corporation Ltd.,CHENNPETRO,NIFTY OIL GAS,Refineries,INE178A01016
519,Coal India Ltd.,COALINDIA,NIFTY OIL GAS,Mining & Minerals,INE522F01014
519,GAIL (India) Ltd.,GAIL,NIFTY OIL GAS,Industrial  Gases & Fuels,INE129A01019
520,Gujarat State Petronet Ltd.,GSPL,NIFTY OIL GAS,Gas Transmission/Marketing,INE246F01010
520,Hindustan Petroleum Corporation Ltd.,HINDPETRO,NIFTY OIL GAS,Refineries,INE094A01015
521,Indian Oil Corporation Ltd.,IOC,NIFTY OIL GAS,Refineries,INE242A01010
521,Indraprastha Gas Ltd.,IGL,NIFTY OIL GAS,Gas Transmission/Marketing,INE203G01027
522,Mahanagar Gas Ltd.,MGL,NIFTY OIL GAS,Gas Transmission/Marketing,INE002S01010
522,Mangalore Refinery & Petrochemicals Ltd.,MRPL,NIFTY OIL GAS,Refineries,INE103A01014
523,Oil & Natural Gas Corporation Ltd.,ONGC,NIFTY OIL GAS,Oil Exploration,INE213A01029
523,Oil India Ltd.,OIL,NIFTY OIL GAS,Oil Exploration,INE274J01014
524,Petronet LNG Ltd.,PETRONET,NIFTY OIL GAS,Industrial  Gases & Fuels,INE347G01014
524,Reliance Industries Ltd.,RELIANCE,NIFTY OIL GAS,Refineries,INE002A01018
525,Sandur Manganese & Iron Ores Ltd.,SANDUMA,NIFTY OIL GAS,Mining & Minerals,INE149K01016
525,Adani Total Gas Ltd.,ATGL,NIFTY OIL GAS,Gas Transmission/Marketing,INE399L01023
526,Aegis Logistics Ltd.,AEGISLOG,NIFTY OIL GAS,Logistics,INE208C01025
526,Aegis Vopak Terminals Ltd.,AEGISVOPAK,NIFTY OIL GAS,Oil Exploration,INE0INX01018
527,Bharat Petroleum Corporation Ltd.,BPCL,NIFTY OIL GAS,Refineries,INE029A01011
527,Castrol India Ltd.,CASTROLIND,NIFTY OIL GAS,Lubricants,INE172A01027
528,Chennai Petroleum Corporation Ltd.,CHENNPETRO,NIFTY OIL GAS,Refineries,INE178A01016
528,Coal India Ltd.,COALINDIA,NIFTY OIL GAS,Mining & Minerals,INE522F01014
529,GAIL (India) Ltd.,GAIL,NIFTY OIL GAS,Industrial  Gases & Fuels,INE129A01019
529,Gujarat State Petronet Ltd.,GSPL,NIFTY OIL GAS,Gas Transmission/Marketing,INE246F01010
530,Hindustan Petroleum Corporation Ltd.,HINDPETRO,NIFTY OIL GAS,Refineries,INE094A01015
530,Indian Oil Corporation Ltd.,IOC,NIFTY OIL GAS,Refineries,INE242A01010
531,Indraprastha Gas Ltd.,IGL,NIFTY OIL GAS,Gas Transmission/Marketing,INE203G01027
531,Mahanagar Gas Ltd.,MGL,NIFTY OIL GAS,Gas Transmission/Marketing,INE002S01010
532,Mangalore Refinery & Petrochemicals Ltd.,MRPL,NIFTY OIL GAS,Refineries,INE103A01014
532,Oil & Natural Gas Corporation Ltd.,ONGC,NIFTY OIL GAS,Oil Exploration,INE213A01029
533,Oil India Ltd.,OIL,NIFTY OIL GAS,Oil Exploration,INE274J01014
533,Petronet LNG Ltd.,PETRONET,NIFTY OIL GAS,Industrial  Gases & Fuels,INE347G01014
534,Reliance Industries Ltd.,RELIANCE,NIFTY OIL GAS,Refineries,INE002A01018
534,Adani Total Gas Ltd.,ATGL,NIFTY OIL GAS,Gas Transmission/Marketing,INE399L01023
535,Bharat Petroleum Corporation Ltd.,BPCL,NIFTY OIL GAS,Refineries,INE029A01011
535,Coal India Ltd.,COALINDIA,NIFTY OIL GAS,Mining & Minerals,INE522F01014
536,GAIL (India) Ltd.,GAIL,NIFTY OIL GAS,Industrial  Gases & Fuels,INE129A01019
536,Hindustan Petroleum Corporation Ltd.,HINDPETRO,NIFTY OIL GAS,Refineries,INE094A01015
537,Indian Oil Corporation Ltd.,IOC,NIFTY OIL GAS,Refineries,INE242A01010
537,Oil & Natural Gas Corporation Ltd.,ONGC,NIFTY OIL GAS,Oil Exploration,INE213A01029
538,Oil India Ltd.,OIL,NIFTY OIL GAS,Oil Exploration,INE274J01014
538,Petronet LNG Ltd.,PETRONET,NIFTY OIL GAS,Industrial  Gases & Fuels,INE347G01014
539,Reliance Industries Ltd.,RELIANCE,NIFTY OIL GAS,Refineries,INE002A01018
539,Aegis Logistics Ltd.,AEGISLOG,NIFTY OIL GAS,Logistics,INE208C01025
540,Castrol India Ltd.,CASTROLIND,NIFTY OIL GAS,Lubricants,INE172A01027
540,Indraprastha Gas Ltd.,IGL,NIFTY OIL GAS,Gas Transmission/Marketing,INE203G01027
541,Aegis Logistics Ltd.,AEGISLOG,NIFTY OIL GAS,Logistics,INE208C01025
541,Castrol India Ltd.,CASTROLIND,NIFTY OIL GAS,Lubricants,INE172A01027
542,Indraprastha Gas Ltd.,IGL,NIFTY OIL GAS,Gas Transmission/Marketing,INE203G01027
542,Mangalore Refinery & Petrochemicals Ltd.,MRPL,NIFTY OIL GAS,Refineries,INE103A01014
543,Aegis Logistics Ltd.,AEGISLOG,NIFTY OIL GAS,Logistics,INE208C01025
543,Aegis Vopak Terminals Ltd.,AEGISVOPAK,NIFTY OIL GAS,Oil Exploration,INE0INX01018
544,Castrol India Ltd.,CASTROLIND,NIFTY OIL GAS,Lubricants,INE172A01027
544,Chennai Petroleum Corporation Ltd.,CHENNPETRO,NIFTY OIL GAS,Refineries,INE178A01016
545,Gujarat State Petronet Ltd.,GSPL,NIFTY OIL GAS,Gas Transmission/Marketing,INE246F01010
545,Indraprastha Gas Ltd.,IGL,NIFTY OIL GAS,Gas Transmission/Marketing,INE203G01027
546,Mahanagar Gas Ltd.,MGL,NIFTY OIL GAS,Gas Transmission/Marketing,INE002S01010
546,Mangalore Refinery & Petrochemicals Ltd.,MRPL,NIFTY OIL GAS,Refineries,INE103A01014
547,Aegis Logistics Ltd.,AEGISLOG,NIFTY OIL GAS,Logistics,INE208C01025
547,Aegis Vopak Terminals Ltd.,AEGISVOPAK,NIFTY OIL GAS,Oil Exploration,INE0INX01018
548,Castrol India Ltd.,CASTROLIND,NIFTY OIL GAS,Lubricants,INE172A01027
548,Chennai Petroleum Corporation Ltd.,CHENNPETRO,NIFTY OIL GAS,Refineries,INE178A01016
549,Gujarat Gas Ltd.,GUJGASLTD,NIFTY OIL GAS,Gas Transmission/Marketing,INE844O01030
549,Gujarat State Petronet Ltd.,GSPL,NIFTY OIL GAS,Gas Transmission/Marketing,INE246F01010
550,Indraprastha Gas Ltd.,IGL,NIFTY OIL GAS,Gas Transmission/Marketing,INE203G01027
550,Mahanagar Gas Ltd.,MGL,NIFTY OIL GAS,Gas Transmission/Marketing,INE002S01010
551,Mangalore Refinery & Petrochemicals Ltd.,MRPL,NIFTY OIL GAS,Refineries,INE103A01014
551,Sandur Manganese & Iron Ores Ltd.,SANDUMA,NIFTY OIL GAS,Mining & Minerals,INE149K01016
552,Hindustan Petroleum Corporation Ltd.,HINDPETRO,NIFTY OIL GAS,Refineries,INE094A01015
552,Abbott India Ltd.,ABBOTINDIA,NIFTY PHARMA,,INE358A01014
553,Ajanta Pharmaceuticals Ltd.,AJANTPHARM,NIFTY PHARMA,,INE031B01049
553,Alkem Laboratories Ltd.,ALKEM,NIFTY PHARMA,,INE540L01014
554,Aurobindo Pharma Ltd.,AUROPHARMA,NIFTY PHARMA,,INE406A01037
554,Biocon Ltd.,BIOCON,NIFTY PHARMA,,INE376G01013
555,Cipla Ltd.,CIPLA,NIFTY PHARMA,,INE059A01026
555,Divi's Laboratories Ltd.,DIVISLAB,NIFTY PHARMA,,INE361B01024
556,Dr. Reddy's Laboratories Ltd.,DRREDDY,NIFTY PHARMA,,INE089A01031
556,Gland Pharma Ltd.,GLAND,NIFTY PHARMA,,INE068V01023
557,Glenmark Pharmaceuticals Ltd.,GLENMARK,NIFTY PHARMA,,INE935A01035
557,Ipca Laboratories Ltd.,IPCALAB,NIFTY PHARMA,,INE571A01038
558,J.B. Chemicals & Pharmaceuticals Ltd.,JBCHEPHARM,NIFTY PHARMA,,INE572A01036
558,Laurus Labs Ltd.,LAURUSLABS,NIFTY PHARMA,,INE947Q01028
559,Lupin Ltd.,LUPIN,NIFTY PHARMA,,INE326A01037
559,Mankind Pharma Ltd.,MANKIND,NIFTY PHARMA,,INE634S01028
560,Piramal Pharma Ltd.,PPLPHARMA,NIFTY PHARMA,,INE0DK501011
560,Sun Pharmaceutical Industries Ltd.,SUNPHARMA,NIFTY PHARMA,,INE044A01036
561,Torrent Pharmaceuticals Ltd.,TORNTPHARM,NIFTY PHARMA,,INE685A01028
561,Wockhardt Ltd.,WOCKPHARMA,NIFTY PHARMA,,INE049B01025
562,Zydus Lifesciences Ltd.,ZYDUSLIFE,NIFTY PHARMA,,INE010B01027
562,Abbott India Ltd.,ABBOTINDIA,NIFTY HEALTHCARE,,INE358A01014
563,Alkem Laboratories Ltd.,ALKEM,NIFTY HEALTHCARE,,INE540L01014
563,Apollo Hospitals Enterprise Ltd.,APOLLOHOSP,NIFTY HEALTHCARE,,INE437A01024
564,Aurobindo Pharma Ltd.,AUROPHARMA,NIFTY HEALTHCARE,,INE406A01037
564,Biocon Ltd.,BIOCON,NIFTY HEALTHCARE,,INE376G01013
565,Cipla Ltd.,CIPLA,NIFTY HEALTHCARE,,INE059A01026
565,Divi's Laboratories Ltd.,DIVISLAB,NIFTY HEALTHCARE,,INE361B01024
566,Dr. Reddy's Laboratories Ltd.,DRREDDY,NIFTY HEALTHCARE,,INE089A01031
566,Fortis Healthcare Ltd.,FORTIS,NIFTY HEALTHCARE,,INE061F01013
567,Glenmark Pharmaceuticals Ltd.,GLENMARK,NIFTY HEALTHCARE,,INE935A01035
567,Ipca Laboratories Ltd.,IPCALAB,NIFTY HEALTHCARE,,INE571A01038
568,Laurus Labs Ltd.,LAURUSLABS,NIFTY HEALTHCARE,,INE947Q01028
568,Lupin Ltd.,LUPIN,NIFTY HEALTHCARE,,INE326A01037
569,Mankind Pharma Ltd.,MANKIND,NIFTY HEALTHCARE,,INE634S01028
569,Max Healthcare Institute Ltd.,MAXHEALTH,NIFTY HEALTHCARE,,INE027H01010
570,Piramal Pharma Ltd.,PPLPHARMA,NIFTY HEALTHCARE,,INE0DK501011
570,Sun Pharmaceutical Industries Ltd.,SUNPHARMA,NIFTY HEALTHCARE,,INE044A01036
571,Syngene International Ltd.,SYNGENE,NIFTY HEALTHCARE,,INE398R01022
571,Torrent Pharmaceuticals Ltd.,TORNTPHARM,NIFTY HEALTHCARE,,INE685A01028
572,Zydus Lifesciences Ltd.,ZYDUSLIFE,NIFTY HEALTHCARE,,INE010B01027
572,Affle 3i Ltd.,AFFLE,NIFTY MIDSMALL IT,,INE00WC01027
573,Bharti Hexacom Ltd.,BHARTIHEXA,NIFTY MIDSMALL IT,,INE343G01021
573,Coforge Ltd.,COFORGE,NIFTY MIDSMALL IT,,INE591G01025
574,Cyient Ltd.,CYIENT,NIFTY MIDSMALL IT,,INE136B01020
574,HFCL Ltd.,HFCL,NIFTY MIDSMALL IT,,INE548A01028
575,Hexaware Technologies Ltd.,HEXT,NIFTY MIDSMALL IT,,INE093A01041
575,Indus Towers Ltd.,INDUSTOWER,NIFTY MIDSMALL IT,,INE121J01017
576,Intellect Design Arena Ltd.,INTELLECT,NIFTY MIDSMALL IT,,INE306R01017
576,KPIT Technologies Ltd.,KPITTECH,NIFTY MIDSMALL IT,,INE04I401011
577,L&T Technology Services Ltd.,LTTS,NIFTY MIDSMALL IT,,INE010V01017
577,MphasiS Ltd.,MPHASIS,NIFTY MIDSMALL IT,,INE356A01018
578,Oracle Financial Services Software Ltd.,OFSS,NIFTY MIDSMALL IT,,INE881D01027
578,Persistent Systems Ltd.,PERSISTENT,NIFTY MIDSMALL IT,,INE262H01021
579,Sagility Ltd.,SAGILITY,NIFTY MIDSMALL IT,,INE0W2G01015
579,Sonata Software Ltd.,SONATSOFTW,NIFTY MIDSMALL IT,,INE269A01021
580,Tata Communications Ltd.,TATACOMM,NIFTY MIDSMALL IT,,INE151A01013
580,Tata Elxsi Ltd.,TATAELXSI,NIFTY MIDSMALL IT,,INE670A01012
581,Tata Technologies Ltd.,TATATECH,NIFTY MIDSMALL IT,,INE142M01025
581,Vodafone Idea Ltd.,IDEA,NIFTY MIDSMALL IT,,INE669E01016
582,Zensar Technolgies Ltd.,ZENSARTECH,NIFTY MIDSMALL IT,,INE520A01027
582,HCL Technologies Ltd.,HCLTECH,NIFTY IT,IT - Software,INE860A01027
583,Infosys Ltd.,INFY,NIFTY IT,IT - Software,INE009A01021
583,Tata Consultancy Services Ltd.,TCS,NIFTY IT,IT - Software,INE467B01029
584,Tech Mahindra Ltd.,TECHM,NIFTY IT,IT - Software,INE669C01036
584,Wipro Ltd.,WIPRO,NIFTY IT,IT - Software,INE075A01022
585,LTIMindtree Ltd.,LTM,NIFTY IT,IT - Software,INE214T01019
585,HCL Technologies Ltd.,HCLTECH,NIFTY IT,IT - Software,INE860A01027
586,Infosys Ltd.,INFY,NIFTY IT,IT - Software,INE009A01021
586,LTIMindtree Ltd.,LTM,NIFTY IT,IT - Software,INE214T01019
587,Tata Consultancy Services Ltd.,TCS,NIFTY IT,IT - Software,INE467B01029
587,Tech Mahindra Ltd.,TECHM,NIFTY IT,IT - Software,INE669C01036
588,Wipro Ltd.,WIPRO,NIFTY IT,IT - Software,INE075A01022
588,Coforge Ltd.,COFORGE,NIFTY IT,IT - Software,INE591G01025
589,HCL Technologies Ltd.,HCLTECH,NIFTY IT,IT - Software,INE860A01027
589,Infosys Ltd.,INFY,NIFTY IT,IT - Software,INE009A01021
590,KPIT Technologies Ltd.,KPITTECH,NIFTY IT,IT - Software,INE04I401011
590,LTIMindtree Ltd.,LTM,NIFTY IT,IT - Software,INE214T01019
591,MphasiS Ltd.,MPHASIS,NIFTY IT,IT - Software,INE356A01018
591,Oracle Financial Services Software Ltd.,OFSS,NIFTY IT,IT - Software,INE881D01027
592,Persistent Systems Ltd.,PERSISTENT,NIFTY IT,IT - Software,INE262H01021
592,Tata Consultancy Services Ltd.,TCS,NIFTY IT,IT - Software,INE467B01029
593,Tata Elxsi Ltd.,TATAELXSI,NIFTY IT,IT - Software,INE670A01012
593,Tech Mahindra Ltd.,TECHM,NIFTY IT,IT - Software,INE669C01036
594,Wipro Ltd.,WIPRO,NIFTY IT,IT - Software,INE075A01022
594,Affle 3i Ltd.,AFFLE,NIFTY IT,BPO/ITeS,INE00WC01027
595,Birlasoft Ltd.,BSOFT,NIFTY IT,IT - Software,INE836A01035
595,C.E. Info Systems Ltd.,MAPMYINDIA,NIFTY IT,IT - Software,INE0BV301023
596,Coforge Ltd.,COFORGE,NIFTY IT,IT - Software,INE591G01025
596,Cyient Ltd.,CYIENT,NIFTY IT,IT - Software,INE136B01020
597,HCL Technologies Ltd.,HCLTECH,NIFTY IT,IT - Software,INE860A01027
597,Hexaware Technologies Ltd.,HEXT,NIFTY IT,IT - Software,INE093A01041
598,Infosys Ltd.,INFY,NIFTY IT,IT - Software,INE009A01021
598,Intellect Design Arena Ltd.,INTELLECT,NIFTY IT,IT - Software,INE306R01017
599,Inventurus Knowledge Solutions Ltd.,IKS,NIFTY IT,BPO/ITeS,INE115Q01022
599,KPIT Technologies Ltd.,KPITTECH,NIFTY IT,IT - Software,INE04I401011
600,L&T Technology Services Ltd.,LTTS,NIFTY IT,IT - Software,INE010V01017
600,LTIMindtree Ltd.,LTM,NIFTY IT,IT - Software,INE214T01019
601,Latent View Analytics Ltd.,LATENTVIEW,NIFTY IT,Business Support,INE0I7C01011
601,MphasiS Ltd.,MPHASIS,NIFTY IT,IT - Software,INE356A01018
602,Netweb Technologies India Ltd.,NETWEB,NIFTY IT,IT - Hardware,INE0NT901020
602,Newgen Software Technologies Ltd.,NEWGEN,NIFTY IT,IT - Software,INE619B01017
603,Oracle Financial Services Software Ltd.,OFSS,NIFTY IT,IT - Software,INE881D01027
603,Persistent Systems Ltd.,PERSISTENT,NIFTY IT,IT - Software,INE262H01021
604,Sagility Ltd.,SAGILITY,NIFTY IT,Business Support,INE0W2G01015
604,Sonata Software Ltd.,SONATSOFTW,NIFTY IT,IT - Software,INE269A01021
605,Tata Consultancy Services Ltd.,TCS,NIFTY IT,IT - Software,INE467B01029
605,Tata Elxsi Ltd.,TATAELXSI,NIFTY IT,IT - Software,INE670A01012
606,Tata Technologies Ltd.,TATATECH,NIFTY IT,IT - Software,INE142M01025
606,Tech Mahindra Ltd.,TECHM,NIFTY IT,IT - Software,INE669C01036
607,Wipro Ltd.,WIPRO,NIFTY IT,IT - Software,INE075A01022
607,Zensar Technolgies Ltd.,ZENSARTECH,NIFTY IT,IT - Software,INE520A01027
608,Coforge Ltd.,COFORGE,NIFTY IT,IT - Software,INE591G01025
608,MphasiS Ltd.,MPHASIS,NIFTY IT,IT - Software,INE356A01018
609,Persistent Systems Ltd.,PERSISTENT,NIFTY IT,IT - Software,INE262H01021
609,Coforge Ltd.,COFORGE,NIFTY IT,IT - Software,INE591G01025
610,KPIT Technologies Ltd.,KPITTECH,NIFTY IT,IT - Software,INE04I401011
610,MphasiS Ltd.,MPHASIS,NIFTY IT,IT - Software,INE356A01018
611,Oracle Financial Services Software Ltd.,OFSS,NIFTY IT,IT - Software,INE881D01027
611,Persistent Systems Ltd.,PERSISTENT,NIFTY IT,IT - Software,INE262H01021
612,Tata Elxsi Ltd.,TATAELXSI,NIFTY IT,IT - Software,INE670A01012
612,Coforge Ltd.,COFORGE,NIFTY IT,IT - Software,INE591G01025
613,Hexaware Technologies Ltd.,HEXT,NIFTY IT,IT - Software,INE093A01041
613,KPIT Technologies Ltd.,KPITTECH,NIFTY IT,IT - Software,INE04I401011
614,L&T Technology Services Ltd.,LTTS,NIFTY IT,IT - Software,INE010V01017
614,MphasiS Ltd.,MPHASIS,NIFTY IT,IT - Software,INE356A01018
615,Oracle Financial Services Software Ltd.,OFSS,NIFTY IT,IT - Software,INE881D01027
615,Persistent Systems Ltd.,PERSISTENT,NIFTY IT,IT - Software,INE262H01021
616,Tata Elxsi Ltd.,TATAELXSI,NIFTY IT,IT - Software,INE670A01012
616,Affle 3i Ltd.,AFFLE,NIFTY IT,BPO/ITeS,INE00WC01027
617,Birlasoft Ltd.,BSOFT,NIFTY IT,IT - Software,INE836A01035
617,C.E. Info Systems Ltd.,MAPMYINDIA,NIFTY IT,IT - Software,INE0BV301023
618,Coforge Ltd.,COFORGE,NIFTY IT,IT - Software,INE591G01025
618,Cyient Ltd.,CYIENT,NIFTY IT,IT - Software,INE136B01020
619,Hexaware Technologies Ltd.,HEXT,NIFTY IT,IT - Software,INE093A01041
619,Intellect Design Arena Ltd.,INTELLECT,NIFTY IT,IT - Software,INE306R01017
620,Inventurus Knowledge Solutions Ltd.,IKS,NIFTY IT,BPO/ITeS,INE115Q01022
620,KPIT Technologies Ltd.,KPITTECH,NIFTY IT,IT - Software,INE04I401011
621,L&T Technology Services Ltd.,LTTS,NIFTY IT,IT - Software,INE010V01017
621,Latent View Analytics Ltd.,LATENTVIEW,NIFTY IT,Business Support,INE0I7C01011
622,MphasiS Ltd.,MPHASIS,NIFTY IT,IT - Software,INE356A01018
622,Netweb Technologies India Ltd.,NETWEB,NIFTY IT,IT - Hardware,INE0NT901020
623,Newgen Software Technologies Ltd.,NEWGEN,NIFTY IT,IT - Software,INE619B01017
623,Oracle Financial Services Software Ltd.,OFSS,NIFTY IT,IT - Software,INE881D01027
624,Persistent Systems Ltd.,PERSISTENT,NIFTY IT,IT - Software,INE262H01021
624,Sagility Ltd.,SAGILITY,NIFTY IT,Business Support,INE0W2G01015
625,Sonata Software Ltd.,SONATSOFTW,NIFTY IT,IT - Software,INE269A01021
625,Tata Elxsi Ltd.,TATAELXSI,NIFTY IT,IT - Software,INE670A01012
626,Tata Technologies Ltd.,TATATECH,NIFTY IT,IT - Software,INE142M01025
626,Zensar Technolgies Ltd.,ZENSARTECH,NIFTY IT,IT - Software,INE520A01027
627,Affle 3i Ltd.,AFFLE,NIFTY IT,BPO/ITeS,INE00WC01027
627,Aurionpro Solution Ltd.,AURIONPRO,NIFTY IT,IT - Software,INE132H01018
628,Birlasoft Ltd.,BSOFT,NIFTY IT,IT - Software,INE836A01035
628,Black Box Ltd.,BBOX,NIFTY IT,Telecommunication - Equipment,INE676A01027
629,C.E. Info Systems Ltd.,MAPMYINDIA,NIFTY IT,IT - Software,INE0BV301023
629,Capillary Technologies India Ltd.,CAPILLARY,NIFTY IT,IT - Software,INE0ILV01024
630,Cigniti Technologies Ltd.,CIGNITITEC,NIFTY IT,IT - Software,INE675C01017
630,Coforge Ltd.,COFORGE,NIFTY IT,IT - Software,INE591G01025
631,Cyient Ltd.,CYIENT,NIFTY IT,IT - Software,INE136B01020
631,Datamatics Global Services Ltd.,DATAMATICS,NIFTY IT,IT - Software,INE365B01017
632,HCL Technologies Ltd.,HCLTECH,NIFTY IT,IT - Software,INE860A01027
632,Happiest Minds Technologies Ltd.,HAPPSTMNDS,NIFTY IT,IT - Software,INE419U01012
633,Hexaware Technologies Ltd.,HEXT,NIFTY IT,IT - Software,INE093A01041
633,Infosys Ltd.,INFY,NIFTY IT,IT - Software,INE009A01021
634,Intellect Design Arena Ltd.,INTELLECT,NIFTY IT,IT - Software,INE306R01017
634,Inventurus Knowledge Solutions Ltd.,IKS,NIFTY IT,BPO/ITeS,INE115Q01022
635,KPIT Technologies Ltd.,KPITTECH,NIFTY IT,IT - Software,INE04I401011
635,L&T Technology Services Ltd.,LTTS,NIFTY IT,IT - Software,INE010V01017
636,LTIMindtree Ltd.,LTM,NIFTY IT,IT - Software,INE214T01019
636,Latent View Analytics Ltd.,LATENTVIEW,NIFTY IT,Business Support,INE0I7C01011
637,Mastek Ltd.,MASTEK,NIFTY IT,IT - Software,INE759A01021
637,MphasiS Ltd.,MPHASIS,NIFTY IT,IT - Software,INE356A01018
638,Netweb Technologies India Ltd.,NETWEB,NIFTY IT,IT - Hardware,INE0NT901020
638,Newgen Software Technologies Ltd.,NEWGEN,NIFTY IT,IT - Software,INE619B01017
639,Oracle Financial Services Software Ltd.,OFSS,NIFTY IT,IT - Software,INE881D01027
639,Persistent Systems Ltd.,PERSISTENT,NIFTY IT,IT - Software,INE262H01021
640,Rategain Travel Technologies Ltd.,RATEGAIN,NIFTY IT,IT - Software,INE0CLI01024
640,Sagility Ltd.,SAGILITY,NIFTY IT,Business Support,INE0W2G01015
641,Sonata Software Ltd.,SONATSOFTW,NIFTY IT,IT - Software,INE269A01021
641,Tanla Platforms Ltd.,TANLA,NIFTY IT,IT - Software,INE483C01032
642,Tata Consultancy Services Ltd.,TCS,NIFTY IT,IT - Software,INE467B01029
642,Tata Elxsi Ltd.,TATAELXSI,NIFTY IT,IT - Software,INE670A01012
643,Tata Technologies Ltd.,TATATECH,NIFTY IT,IT - Software,INE142M01025
643,Tech Mahindra Ltd.,TECHM,NIFTY IT,IT - Software,INE669C01036
644,Wipro Ltd.,WIPRO,NIFTY IT,IT - Software,INE075A01022
644,Zaggle Prepaid Ocean Services Ltd.,ZAGGLE,NIFTY IT,IT - Software,INE07K301024
645,Zensar Technolgies Ltd.,ZENSARTECH,NIFTY IT,IT - Software,INE520A01027
645,Affle 3i Ltd.,AFFLE,NIFTY IT,BPO/ITeS,INE00WC01027
646,Birlasoft Ltd.,BSOFT,NIFTY IT,IT - Software,INE836A01035
646,C.E. Info Systems Ltd.,MAPMYINDIA,NIFTY IT,IT - Software,INE0BV301023
647,Coforge Ltd.,COFORGE,NIFTY IT,IT - Software,INE591G01025
647,Cyient Ltd.,CYIENT,NIFTY IT,IT - Software,INE136B01020
648,HCL Technologies Ltd.,HCLTECH,NIFTY IT,IT - Software,INE860A01027
648,Hexaware Technologies Ltd.,HEXT,NIFTY IT,IT - Software,INE093A01041
649,Infosys Ltd.,INFY,NIFTY IT,IT - Software,INE009A01021
649,Intellect Design Arena Ltd.,INTELLECT,NIFTY IT,IT - Software,INE306R01017
650,Inventurus Knowledge Solutions Ltd.,IKS,NIFTY IT,BPO/ITeS,INE115Q01022
650,KPIT Technologies Ltd.,KPITTECH,NIFTY IT,IT - Software,INE04I401011
651,L&T Technology Services Ltd.,LTTS,NIFTY IT,IT - Software,INE010V01017
651,LTIMindtree Ltd.,LTM,NIFTY IT,IT - Software,INE214T01019
652,Latent View Analytics Ltd.,LATENTVIEW,NIFTY IT,Business Support,INE0I7C01011
652,MphasiS Ltd.,MPHASIS,NIFTY IT,IT - Software,INE356A01018
653,Netweb Technologies India Ltd.,NETWEB,NIFTY IT,IT - Hardware,INE0NT901020
653,Newgen Software Technologies Ltd.,NEWGEN,NIFTY IT,IT - Software,INE619B01017
654,Oracle Financial Services Software Ltd.,OFSS,NIFTY IT,IT - Software,INE881D01027
654,Persistent Systems Ltd.,PERSISTENT,NIFTY IT,IT - Software,INE262H01021
655,Sagility Ltd.,SAGILITY,NIFTY IT,Business Support,INE0W2G01015
655,Sonata Software Ltd.,SONATSOFTW,NIFTY IT,IT - Software,INE269A01021
656,Tata Consultancy Services Ltd.,TCS,NIFTY IT,IT - Software,INE467B01029
656,Tata Elxsi Ltd.,TATAELXSI,NIFTY IT,IT - Software,INE670A01012
657,Tata Technologies Ltd.,TATATECH,NIFTY IT,IT - Software,INE142M01025
657,Tech Mahindra Ltd.,TECHM,NIFTY IT,IT - Software,INE669C01036
658,Wipro Ltd.,WIPRO,NIFTY IT,IT - Software,INE075A01022
658,Zensar Technolgies Ltd.,ZENSARTECH,NIFTY IT,IT - Software,INE520A01027
659,Coforge Ltd.,COFORGE,NIFTY IT,IT - Software,INE591G01025
659,HCL Technologies Ltd.,HCLTECH,NIFTY IT,IT - Software,INE860A01027
660,Hexaware Technologies Ltd.,HEXT,NIFTY IT,IT - Software,INE093A01041
660,Infosys Ltd.,INFY,NIFTY IT,IT - Software,INE009A01021
661,KPIT Technologies Ltd.,KPITTECH,NIFTY IT,IT - Software,INE04I401011
661,L&T Technology Services Ltd.,LTTS,NIFTY IT,IT - Software,INE010V01017
662,LTIMindtree Ltd.,LTM,NIFTY IT,IT - Software,INE214T01019
662,MphasiS Ltd.,MPHASIS,NIFTY IT,IT - Software,INE356A01018
663,Oracle Financial Services Software Ltd.,OFSS,NIFTY IT,IT - Software,INE881D01027
663,Persistent Systems Ltd.,PERSISTENT,NIFTY IT,IT - Software,INE262H01021
664,Tata Consultancy Services Ltd.,TCS,NIFTY IT,IT - Software,INE467B01029
664,Tata Elxsi Ltd.,TATAELXSI,NIFTY IT,IT - Software,INE670A01012
665,Tech Mahindra Ltd.,TECHM,NIFTY IT,IT - Software,INE669C01036
665,Wipro Ltd.,WIPRO,NIFTY IT,IT - Software,INE075A01022
666,Affle 3i Ltd.,AFFLE,NIFTY IT,BPO/ITeS,INE00WC01027
666,Tata Technologies Ltd.,TATATECH,NIFTY IT,IT - Software,INE142M01025
667,Affle 3i Ltd.,AFFLE,NIFTY IT,BPO/ITeS,INE00WC01027
667,Inventurus Knowledge Solutions Ltd.,IKS,NIFTY IT,BPO/ITeS,INE115Q01022
668,Netweb Technologies India Ltd.,NETWEB,NIFTY IT,IT - Hardware,INE0NT901020
668,Sagility Ltd.,SAGILITY,NIFTY IT,Business Support,INE0W2G01015
669,Tata Technologies Ltd.,TATATECH,NIFTY IT,IT - Software,INE142M01025
669,Zensar Technolgies Ltd.,ZENSARTECH,NIFTY IT,IT - Software,INE520A01027
670,Affle 3i Ltd.,AFFLE,NIFTY IT,BPO/ITeS,INE00WC01027
670,Birlasoft Ltd.,BSOFT,NIFTY IT,IT - Software,INE836A01035
671,C.E. Info Systems Ltd.,MAPMYINDIA,NIFTY IT,IT - Software,INE0BV301023
671,Cyient Ltd.,CYIENT,NIFTY IT,IT - Software,INE136B01020
672,Intellect Design Arena Ltd.,INTELLECT,NIFTY IT,IT - Software,INE306R01017
672,Inventurus Knowledge Solutions Ltd.,IKS,NIFTY IT,BPO/ITeS,INE115Q01022
673,Latent View Analytics Ltd.,LATENTVIEW,NIFTY IT,Business Support,INE0I7C01011
673,Netweb Technologies India Ltd.,NETWEB,NIFTY IT,IT - Hardware,INE0NT901020
674,Newgen Software Technologies Ltd.,NEWGEN,NIFTY IT,IT - Software,INE619B01017
674,Sagility Ltd.,SAGILITY,NIFTY IT,Business Support,INE0W2G01015
675,Sonata Software Ltd.,SONATSOFTW,NIFTY IT,IT - Software,INE269A01021
675,Tata Technologies Ltd.,TATATECH,NIFTY IT,IT - Software,INE142M01025
676,Zensar Technolgies Ltd.,ZENSARTECH,NIFTY IT,IT - Software,INE520A01027
676,Affle 3i Ltd.,AFFLE,NIFTY IT,BPO/ITeS,INE00WC01027
677,Aurionpro Solution Ltd.,AURIONPRO,NIFTY IT,IT - Software,INE132H01018
677,Birlasoft Ltd.,BSOFT,NIFTY IT,IT - Software,INE836A01035
678,Black Box Ltd.,BBOX,NIFTY IT,Telecommunication - Equipment,INE676A01027
678,C.E. Info Systems Ltd.,MAPMYINDIA,NIFTY IT,IT - Software,INE0BV301023
679,Capillary Technologies India Ltd.,CAPILLARY,NIFTY IT,IT - Software,INE0ILV01024
679,Cigniti Technologies Ltd.,CIGNITITEC,NIFTY IT,IT - Software,INE675C01017
680,Cyient Ltd.,CYIENT,NIFTY IT,IT - Software,INE136B01020
680,Datamatics Global Services Ltd.,DATAMATICS,NIFTY IT,IT - Software,INE365B01017
681,Happiest Minds Technologies Ltd.,HAPPSTMNDS,NIFTY IT,IT - Software,INE419U01012
681,Intellect Design Arena Ltd.,INTELLECT,NIFTY IT,IT - Software,INE306R01017
682,Inventurus Knowledge Solutions Ltd.,IKS,NIFTY IT,BPO/ITeS,INE115Q01022
682,Latent View Analytics Ltd.,LATENTVIEW,NIFTY IT,Business Support,INE0I7C01011
683,Mastek Ltd.,MASTEK,NIFTY IT,IT - Software,INE759A01021
683,Netweb Technologies India Ltd.,NETWEB,NIFTY IT,IT - Hardware,INE0NT901020
684,Newgen Software Technologies Ltd.,NEWGEN,NIFTY IT,IT - Software,INE619B01017
684,R Systems International Ltd.,RSYSTEMS,NIFTY IT,IT - Software,INE411H01032
685,Rategain Travel Technologies Ltd.,RATEGAIN,NIFTY IT,IT - Software,INE0CLI01024
685,Sagility Ltd.,SAGILITY,NIFTY IT,Business Support,INE0W2G01015
686,Sonata Software Ltd.,SONATSOFTW,NIFTY IT,IT - Software,INE269A01021
686,Tanla Platforms Ltd.,TANLA,NIFTY IT,IT - Software,INE483C01032
687,Tata Technologies Ltd.,TATATECH,NIFTY IT,IT - Software,INE142M01025
687,Zaggle Prepaid Ocean Services Ltd.,ZAGGLE,NIFTY IT,IT - Software,INE07K301024
688,Zensar Technolgies Ltd.,ZENSARTECH,NIFTY IT,IT - Software,INE520A01027
688,Persistent Systems Ltd.,PERSISTENT,NIFTY IT,IT - Software,INE262H01021
